日期,股票代码,开盘,收盘,最高,最低,成交量,成交额,振幅,涨跌幅,涨跌额,换手率
2010-01-04,600519,-107.77,-109.31,-107.77,-109.79,44305,753405635.0,-1.85,0.08,0.09,0.47
2010-01-05,600519,-108.52,-109.69,-108.14,-110.02,31513,535720422.0,-1.72,-0.35,-0.38,0.33
2010-01-06,600519,-110.03,-111.7,-109.64,-112.04,39889,666073283.0,-2.19,-1.83,-2.01,0.42
2010-01-07,600519,-111.7,-113.99,-111.38,-115.37,48826,801445269.0,-3.57,-2.05,-2.29,0.52
2010-01-08,600519,-113.78,-115.28,-113.78,-116.71,36702,593162176.0,-2.57,-1.13,-1.29,0.39
2010-01-11,600519,-114.08,-115.81,-113.1,-116.41,24461,395563861.0,-2.87,-0.46,-0.53,0.26
2010-01-12,600519,-115.69,-112.54,-112.15,-116.32,31063,509373871.0,-3.6,2.82,3.27,0.33
2010-01-13,600519,-113.78,-115.7,-112.91,-116.03,37924,621261800.0,-2.77,-2.81,-3.16,0.4
2010-01-14,600519,-115.28,-110.37,-109.87,-115.28,46455,775471608.0,-4.68,4.61,5.33,0.49
2010-01-15,600519,-110.39,-109.37,-106.73,-110.39,45939,788328964.0,-3.32,0.91,1.0,0.49
2010-01-18,600519,-109.27,-108.53,-107.57,-109.34,21462,368485894.0,-1.62,0.77,0.84,0.23
2010-01-19,600519,-108.52,-109.44,-108.14,-109.64,17819,302797491.0,-1.38,-0.84,-0.91,0.19
2010-01-20,600519,-109.34,-112.33,-109.16,-112.42,20973,353315689.0,-2.98,-2.64,-2.89,0.22
2010-01-21,600519,-112.38,-111.73,-110.49,-112.65,17257,287779661.0,-1.92,0.53,0.6,0.18
2010-01-22,600519,-111.82,-113.68,-111.3,-115.36,25433,416305093.0,-3.63,-1.75,-1.95,0.27
2010-01-25,600519,-113.89,-112.24,-111.3,-114.9,23239,385581318.0,-3.17,1.27,1.44,0.25
2010-01-26,600519,-110.57,-111.75,-109.14,-113.33,32889,553152669.0,-3.73,0.44,0.49,0.35
2010-01-27,600519,-112.25,-113.79,-110.94,-114.08,19317,320765897.0,-2.81,-1.83,-2.04,0.2
2010-01-28,600519,-113.88,-109.87,-109.01,-114.15,30268,507716302.0,-4.52,3.44,3.92,0.32
2010-01-29,600519,-109.31,-110.37,-109.12,-111.01,37173,628192888.0,-1.72,-0.46,-0.5,0.39
2010-02-01,600519,-110.11,-110.1,-109.58,-111.51,29656,499867002.0,-1.75,0.24,0.27,0.31
2010-02-02,600519,-110.77,-111.88,-109.27,-112.06,15494,260426281.0,-2.53,-1.62,-1.78,0.16
2010-02-03,600519,-112.12,-112.33,-110.7,-113.63,23035,382974414.0,-2.62,-0.4,-0.45,0.24
2010-02-04,600519,-112.35,-110.32,-109.83,-112.93,22475,376703449.0,-2.76,1.79,2.01,0.24
2010-02-05,600519,-111.06,-108.33,-107.86,-111.52,26234,445744684.0,-3.32,1.8,1.99,0.28
2010-02-08,600519,-108.33,-108.34,-105.06,-108.88,31496,548228595.0,-3.53,-0.01,-0.01,0.33
2010-02-09,600519,-107.77,-108.43,-106.77,-108.87,14151,243172993.0,-1.94,-0.08,-0.09,0.15
2010-02-10,600519,-107.77,-107.89,-107.32,-108.74,6398,109830207.0,-1.31,0.5,0.54,0.07
2010-02-11,600519,-107.92,-106.73,-105.93,-108.07,14945,259254548.0,-1.98,1.08,1.16,0.16
2010-02-12,600519,-106.29,-106.95,-106.11,-107.62,9346,161899961.0,-1.41,-0.21,-0.22,0.1
2010-02-22,600519,-107.01,-109.96,-106.94,-109.97,12178,207127846.0,-2.83,-2.81,-3.01,0.13
2010-02-23,600519,-109.83,-111.71,-108.89,-113.25,23562,391601201.0,-3.97,-1.59,-1.75,0.25
2010-02-24,600519,-111.7,-110.83,-110.32,-112.65,9904,165405133.0,-2.09,0.79,0.88,0.1
2010-02-25,600519,-111.6,-110.58,-109.27,-111.6,15314,258220826.0,-2.1,0.23,0.25,0.16
2010-02-26,600519,-110.03,-111.64,-110.03,-111.82,10339,173028879.0,-1.62,-0.96,-1.06,0.11
2010-03-01,600519,-111.94,-112.09,-111.18,-112.28,21735,361550327.0,-0.99,-0.4,-0.45,0.23
2010-03-02,600519,-111.82,-112.57,-111.68,-113.1,17182,284524248.0,-1.27,-0.43,-0.48,0.18
2010-03-03,600519,-112.28,-112.53,-112.09,-113.08,14233,235470730.0,-0.88,0.04,0.04,0.15
2010-03-04,600519,-112.26,-112.92,-111.63,-113.78,14169,234440689.0,-1.91,-0.35,-0.39,0.15
2010-03-05,600519,-112.91,-113.47,-112.69,-113.57,9771,160821083.0,-0.78,-0.49,-0.55,0.1
2010-03-08,600519,-113.42,-114.39,-113.04,-114.68,23259,380034354.0,-1.45,-0.81,-0.92,0.25
2010-03-09,600519,-114.38,-114.4,-114.0,-114.75,12341,201437828.0,-0.66,-0.01,-0.01,0.13
2010-03-10,600519,-114.32,-114.03,-114.0,-114.6,11814,192984027.0,-0.52,0.32,0.37,0.13
2010-03-11,600519,-113.88,-114.52,-113.44,-114.84,13519,220769894.0,-1.23,-0.43,-0.49,0.14
2010-03-12,600519,-114.51,-115.34,-114.02,-115.59,12192,197699619.0,-1.37,-0.72,-0.82,0.13
2010-03-15,600519,-115.35,-117.76,-115.35,-118.36,15809,251338919.0,-2.61,-2.1,-2.42,0.17
2010-03-16,600519,-117.76,-117.58,-117.04,-118.36,7764,123284715.0,-1.12,0.15,0.18,0.08
2010-03-17,600519,-117.55,-116.4,-116.35,-117.61,18711,298972351.0,-1.07,1.0,1.18,0.2
2010-03-18,600519,-116.35,-117.98,-115.75,-118.47,14727,234364030.0,-2.34,-1.36,-1.58,0.16
2010-03-19,600519,-117.62,-117.71,-117.28,-118.28,13362,212046433.0,-0.85,0.23,0.27,0.14
2010-03-22,600519,-117.35,-118.28,-117.08,-118.52,23008,364454790.0,-1.22,-0.48,-0.57,0.24
2010-03-23,600519,-118.43,-118.83,-117.92,-119.1,18330,288785264.0,-1.0,-0.46,-0.55,0.19
2010-03-24,600519,-118.6,-117.42,-116.95,-118.62,20176,320611718.0,-1.41,1.19,1.41,0.21
2010-03-25,600519,-117.61,-118.36,-117.61,-118.43,9814,155141078.0,-0.7,-0.8,-0.94,0.1
2010-03-26,600519,-118.16,-117.04,-116.12,-118.22,20527,328239751.0,-1.77,1.12,1.32,0.22
2010-03-29,600519,-117.01,-115.49,-115.3,-117.53,31475,505626392.0,-1.91,1.32,1.55,0.33
2010-03-30,600519,-115.46,-116.77,-115.31,-117.16,19012,304981145.0,-1.6,-1.11,-1.28,0.2
2010-03-31,600519,-116.8,-117.71,-115.56,-117.91,14905,237596436.0,-2.01,-0.81,-0.94,0.16
2010-04-01,600519,-117.7,-116.74,-116.41,-117.71,23981,383228783.0,-1.1,0.82,0.97,0.25
2010-04-02,600519,-118.28,-122.32,-118.28,-123.09,154282,2359758883.0,-4.12,-4.78,-5.58,1.63
2010-04-06,600519,-122.87,-122.91,-122.05,-123.32,53123,806704607.0,-1.04,-0.48,-0.59,0.56
2010-04-07,600519,-122.89,-122.69,-122.15,-123.38,41061,623779291.0,-1.0,0.18,0.22,0.44
2010-04-08,600519,-122.67,-123.91,-122.66,-124.29,32921,497205376.0,-1.33,-0.99,-1.22,0.35
2010-04-09,600519,-124.29,-124.94,-123.84,-125.96,54418,809627274.0,-1.71,-0.83,-1.03,0.58
2010-04-12,600519,-124.9,-126.33,-124.46,-126.71,38514,568871643.0,-1.8,-1.11,-1.39,0.41
2010-04-13,600519,-126.25,-124.38,-123.55,-126.62,54305,807780230.0,-2.43,1.54,1.95,0.58
2010-04-14,600519,-123.64,-123.9,-123.64,-125.6,46368,693802745.0,-1.58,0.39,0.48,0.49
2010-04-15,600519,-123.81,-126.19,-123.81,-126.55,40617,602138292.0,-2.21,-1.85,-2.29,0.43
2010-04-16,600519,-126.2,-125.81,-124.66,-126.7,29396,434500524.0,-1.62,0.3,0.38,0.31
2010-04-19,600519,-125.79,-127.18,-124.63,-127.41,41332,609860437.0,-2.21,-1.09,-1.37,0.44
2010-04-20,600519,-127.3,-129.16,-127.3,-131.72,49387,704502590.0,-3.48,-1.56,-1.98,0.52
2010-04-21,600519,-129.18,-125.78,-125.64,-130.52,63366,922573405.0,-3.78,2.62,3.38,0.67
2010-04-22,600519,-126.29,-125.38,-124.86,-127.28,37064,549560405.0,-1.92,0.32,0.4,0.39
2010-04-23,600519,-125.8,-128.93,-124.6,-129.48,66687,972162191.0,-3.89,-2.83,-3.55,0.71
2010-04-26,600519,-132.56,-134.11,-132.12,-134.14,107036,1480340425.0,-1.57,-4.02,-5.18,1.13
2010-04-27,600519,-134.14,-137.1,-134.14,-137.29,58234,781868466.0,-2.35,-2.23,-2.99,0.62
2010-04-28,600519,-137.82,-137.72,-136.77,-138.57,26287,347144556.0,-1.31,-0.45,-0.62,0.28
2010-04-29,600519,-137.4,-136.13,-135.37,-137.4,34501,464124490.0,-1.47,1.15,1.59,0.37
2010-04-30,600519,-138.25,-140.05,-138.25,-141.01,85567,1102902799.0,-2.03,-2.88,-3.92,0.91
2010-05-04,600519,-140.83,-140.34,-139.65,-141.66,23975,308504586.0,-1.44,-0.21,-0.29,0.25
2010-05-05,600519,-140.97,-138.73,-138.39,-141.35,33839,440483241.0,-2.11,1.15,1.61,0.36
2010-05-06,600519,-138.57,-141.31,-138.57,-141.35,28240,364015607.0,-2.0,-1.86,-2.58,0.3
2010-05-07,600519,-142.33,-139.31,-139.04,-142.7,31255,401357091.0,-2.59,1.42,2.0,0.33
2010-05-10,600519,-137.82,-136.66,-134.81,-137.82,66193,888886062.0,-2.16,1.9,2.65,0.7
2010-05-11,600519,-135.12,-136.57,-134.81,-137.19,33632,450668323.0,-1.74,0.07,0.09,0.36
2010-05-12,600519,-136.85,-136.93,-136.32,-139.32,21643,285567368.0,-2.2,-0.26,-0.36,0.23
2010-05-13,600519,-136.89,-135.66,-135.04,-136.89,27050,365164014.0,-1.35,0.93,1.27,0.29
2010-05-14,600519,-135.65,-135.6,-134.73,-136.32,18126,245038802.0,-1.17,0.04,0.06,0.19
2010-05-17,600519,-135.79,-139.47,-135.79,-139.62,17644,231880074.0,-2.82,-2.85,-3.87,0.19
2010-05-18,600519,-139.32,-139.24,-138.59,-142.19,26037,334232104.0,-2.58,0.16,0.23,0.28
2010-05-19,600519,-138.95,-139.45,-138.42,-140.81,10799,140244493.0,-1.72,-0.15,-0.21,0.11
2010-05-20,600519,-139.73,-138.21,-136.82,-140.06,22740,300553538.0,-2.32,0.89,1.24,0.24
2010-05-21,600519,-139.77,-136.16,-135.86,-140.47,27341,362007811.0,-3.34,1.48,2.05,0.29
2010-05-24,600519,-135.57,-134.84,-134.44,-136.09,29783,404173639.0,-1.21,0.97,1.32,0.32
2010-05-25,600519,-135.11,-138.38,-135.11,-138.76,22051,292444449.0,-2.71,-2.63,-3.54,0.23
2010-05-26,600519,-138.19,-137.86,-137.32,-139.2,11025,145156073.0,-1.36,0.38,0.52,0.12
2010-05-31,600519,-136.69,-137.91,-135.4,-137.91,23550,314717160.0,-1.82,-0.04,-0.05,0.25
2010-06-01,600519,-138.01,-137.34,-136.72,-138.95,23526,311393511.0,-1.62,0.41,0.57,0.25
2010-06-02,600519,-137.4,-136.2,-136.02,-138.08,21889,291694861.0,-1.5,0.83,1.14,0.23
2010-06-03,600519,-135.57,-135.54,-134.44,-136.77,24949,338070633.0,-1.71,0.48,0.66,0.26
2010-06-04,600519,-135.62,-133.22,-133.01,-136.16,30036,410658458.0,-2.32,1.71,2.32,0.32
2010-06-07,600519,-134.06,-131.01,-130.1,-134.81,38125,535882247.0,-3.54,1.66,2.21,0.4
2010-06-08,600519,-131.01,-131.72,-130.4,-132.56,14395,202331408.0,-1.65,-0.54,-0.71,0.15
2010-06-09,600519,-131.64,-130.74,-129.85,-131.75,18054,255194304.0,-1.44,0.74,0.98,0.19
2010-06-10,600519,-130.76,-130.79,-129.85,-131.41,11781,166835001.0,-1.19,-0.04,-0.05,0.12
2010-06-11,600519,-130.63,-132.78,-129.93,-132.89,19573,274933803.0,-2.26,-1.52,-1.99,0.21
2010-06-17,600519,-132.41,-134.45,-132.19,-134.58,12524,172316218.0,-1.8,-1.26,-1.67,0.13
2010-06-18,600519,-134.81,-137.62,-134.21,-138.56,20102,270316817.0,-3.24,-2.36,-3.17,0.21
2010-06-21,600519,-137.52,-135.99,-135.94,-138.42,18954,251513446.0,-1.8,1.18,1.63,0.2
2010-06-22,600519,-136.87,-137.68,-136.36,-138.27,20779,275184084.0,-1.4,-1.24,-1.69,0.22
2010-06-23,600519,-137.82,-138.04,-137.16,-138.25,12813,169174743.0,-0.79,-0.26,-0.36,0.14
2010-06-24,600519,-137.89,-139.34,-137.47,-139.56,24344,317936253.0,-1.51,-0.94,-1.3,0.26
2010-06-25,600519,-139.47,-138.93,-138.57,-140.2,19011,246313336.0,-1.17,0.29,0.41,0.2
2010-06-28,600519,-139.17,-140.82,-139.16,-140.97,14817,190660624.0,-1.3,-1.36,-1.89,0.16
2010-06-29,600519,-140.44,-142.12,-139.78,-142.69,27783,354061610.0,-2.07,-0.92,-1.3,0.29
2010-06-30,600519,-142.33,-141.3,-141.2,-142.59,17824,225134758.0,-0.98,0.58,0.82,0.19
2010-07-01,600519,-140.94,-141.56,-140.94,-141.95,7450,94688255.0,-0.71,-0.18,-0.26,0.08
2010-07-02,600519,-141.91,-141.06,-140.0,-141.91,16453,209978232.0,-1.35,0.35,0.5,0.17
2010-07-05,600519,-141.06,-141.58,-140.83,-142.52,14041,176428087.0,-1.2,-0.37,-0.52,0.15
2010-07-06,600519,-141.51,-140.23,-139.81,-142.19,15306,195146898.0,-1.68,0.95,1.35,0.16
2010-07-07,600519,-140.23,-140.44,-139.56,-141.06,8788,111689439.0,-1.07,-0.15,-0.21,0.09
2010-07-08,600519,-140.6,-139.69,-139.56,-140.6,8516,108893890.0,-0.74,0.53,0.75,0.09
2010-07-09,600519,-139.5,-137.63,-136.78,-140.15,27379,357390425.0,-2.41,1.47,2.06,0.29
2010-07-12,600519,-137.83,-137.9,-135.95,-138.02,17834,235347809.0,-1.5,-0.2,-0.27,0.19
2010-07-13,600519,-137.87,-138.77,-137.87,-139.55,7439,96225621.0,-1.22,-0.63,-0.87,0.08
2010-07-14,600519,-138.88,-138.25,-137.56,-139.16,9643,125763296.0,-1.15,0.37,0.52,0.1
2010-07-15,600519,-138.05,-137.06,-136.03,-138.17,18833,248573676.0,-1.55,0.86,1.19,0.2
2010-07-16,600519,-137.75,-135.57,-135.17,-137.99,32950,438987876.0,-2.06,1.09,1.49,0.35
2010-07-19,600519,-136.14,-134.07,-133.77,-136.24,19412,261608074.0,-1.82,1.11,1.5,0.21
2010-07-20,600519,-133.94,-133.54,-132.95,-134.91,26886,366053258.0,-1.46,0.4,0.53,0.28
2010-07-21,600519,-133.54,-132.51,-130.62,-133.54,24363,338324505.0,-2.19,0.77,1.03,0.26
2010-07-22,600519,-131.82,-132.45,-131.82,-133.32,16222,223560516.0,-1.13,0.05,0.06,0.17
2010-07-23,600519,-132.28,-130.38,-130.15,-132.28,38466,539887868.0,-1.61,1.56,2.07,0.41
2010-07-26,600519,-130.38,-130.2,-128.83,-130.73,22017,311555737.0,-1.46,0.14,0.18,0.23
2010-07-27,600519,-130.84,-129.41,-129.28,-130.84,25229,357546813.0,-1.2,0.61,0.79,0.27
2010-07-28,600519,-128.96,-128.71,-128.64,-129.79,27740,395352770.0,-0.89,0.54,0.7,0.29
2010-07-29,600519,-128.72,-131.35,-128.59,-131.55,45373,636454908.0,-2.3,-2.05,-2.64,0.48
2010-07-30,600519,-131.46,-131.92,-131.46,-132.8,29439,406203348.0,-1.02,-0.43,-0.57,0.31
2010-08-02,600519,-131.95,-128.25,-126.97,-131.95,42966,614400254.0,-3.78,2.78,3.67,0.46
2010-08-03,600519,-128.66,-129.22,-127.31,-129.41,17573,251858817.0,-1.64,-0.76,-0.97,0.19
2010-08-04,600519,-129.41,-127.9,-127.76,-129.63,17350,249201032.0,-1.45,1.02,1.32,0.18
2010-08-05,600519,-127.85,-124.79,-123.89,-127.85,41966,620781742.0,-3.1,2.43,3.11,0.44
2010-08-06,600519,-125.06,-124.76,-124.31,-125.51,21841,323918732.0,-0.96,0.02,0.03,0.23
2010-08-09,600519,-124.72,-122.19,-121.74,-124.72,38704,586147268.0,-2.39,2.06,2.57,0.41
2010-08-10,600519,-122.19,-125.84,-120.71,-126.03,28740,427619893.0,-4.35,-2.99,-3.65,0.3
2010-08-11,600519,-126.41,-125.02,-124.16,-126.41,15191,224550906.0,-1.79,0.65,0.82,0.16
2010-08-12,600519,-125.06,-124.22,-121.98,-126.25,31026,463112778.0,-3.42,0.64,0.8,0.33
2010-08-13,600519,-124.25,-123.11,-122.31,-124.67,15776,236758807.0,-1.9,0.89,1.11,0.17
2010-08-16,600519,-123.1,-121.23,-120.93,-123.1,25910,395272912.0,-1.76,1.53,1.88,0.27
2010-08-17,600519,-121.3,-119.58,-118.71,-121.53,35748,554777110.0,-2.33,1.36,1.65,0.38
2010-08-18,600519,-119.66,-121.27,-118.58,-121.68,30174,464752257.0,-2.59,-1.41,-1.69,0.32
2010-08-19,600519,-121.24,-122.46,-120.47,-123.03,35437,536485063.0,-2.11,-0.98,-1.19,0.38
2010-08-20,600519,-122.51,-124.24,-122.51,-124.55,20842,311220147.0,-1.67,-1.45,-1.78,0.22
2010-08-23,600519,-124.72,-122.86,-122.73,-124.91,13215,197952515.0,-1.75,1.11,1.38,0.14
2010-08-24,600519,-123.16,-122.34,-121.16,-124.08,10838,164253365.0,-2.38,0.42,0.52,0.11
2010-08-25,600519,-123.03,-123.56,-121.96,-123.68,16508,249067209.0,-1.41,-1.0,-1.22,0.17
2010-08-26,600519,-123.48,-123.13,-122.99,-124.53,12233,183116485.0,-1.25,0.35,0.43,0.13
2010-08-27,600519,-123.4,-122.61,-122.48,-124.01,8799,132580368.0,-1.24,0.42,0.52,0.09
2010-08-30,600519,-122.14,-116.03,-115.89,-122.14,53784,849497659.0,-5.1,5.37,6.58,0.57
2010-08-31,600519,-117.0,-116.47,-115.15,-117.48,31400,501261374.0,-2.01,-0.38,-0.44,0.33
2010-09-01,600519,-116.79,-118.24,-114.99,-118.97,25589,406904438.0,-3.42,-1.52,-1.77,0.27
2010-09-02,600519,-117.39,-115.9,-114.33,-117.49,24822,399335601.0,-2.67,1.98,2.34,0.26
2010-09-03,600519,-116.04,-113.92,-111.85,-116.04,27761,452832217.0,-3.62,1.71,1.98,0.29
2010-09-06,600519,-112.89,-110.84,-109.43,-112.89,29008,485289346.0,-3.04,2.7,3.08,0.31
2010-09-07,600519,-110.59,-111.93,-109.05,-112.28,22374,372434005.0,-2.91,-0.98,-1.09,0.24
2010-09-08,600519,-112.13,-111.02,-110.26,-112.13,15011,250344694.0,-1.67,0.81,0.91,0.16
2010-09-09,600519,-110.63,-110.71,-109.05,-111.38,21504,360593531.0,-2.1,0.28,0.31,0.23
2010-09-10,600519,-110.26,-108.76,-108.45,-111.01,19868,335023684.0,-2.31,1.76,1.95,0.21
2010-09-13,600519,-109.13,-109.29,-105.79,-109.92,28063,480493819.0,-3.8,-0.49,-0.53,0.3
2010-09-14,600519,-109.32,-110.41,-108.21,-111.68,26383,441034013.0,-3.18,-1.02,-1.12,0.28
2010-09-15,600519,-110.63,-114.05,-110.41,-114.61,21032,347008844.0,-3.8,-3.3,-3.64,0.22
2010-09-16,600519,-114.31,-116.39,-112.85,-118.23,20498,327836606.0,-4.72,-2.05,-2.34,0.22
2010-09-17,600519,-116.48,-114.53,-112.56,-117.76,17975,290800424.0,-4.47,1.6,1.86,0.19
2010-09-20,600519,-113.74,-112.4,-111.38,-114.39,12576,206418537.0,-2.63,1.86,2.13,0.13
2010-09-21,600519,-111.01,-111.32,-110.72,-112.88,14940,247684425.0,-1.92,0.96,1.08,0.16
2010-09-27,600519,-111.31,-109.26,-109.13,-111.91,18548,310077012.0,-2.5,1.85,2.06,0.2
2010-09-28,600519,-109.44,-107.79,-107.48,-109.88,22585,384574256.0,-2.2,1.35,1.47,0.24
2010-09-29,600519,-108.08,-110.51,-107.21,-110.62,13272,225065386.0,-3.16,-2.52,-2.72,0.14
2010-09-30,600519,-110.96,-109.33,-108.98,-111.38,14579,244719876.0,-2.17,1.07,1.18,0.15
2010-10-08,600519,-109.13,-105.73,-104.25,-109.13,31609,549853018.0,-4.46,3.29,3.6,0.33
2010-10-11,600519,-105.37,-110.03,-103.55,-111.38,43743,742024422.0,-7.41,-4.07,-4.3,0.46
2010-10-12,600519,-110.02,-110.93,-108.39,-112.67,28543,473412980.0,-3.89,-0.82,-0.9,0.3
2010-10-13,600519,-111.38,-115.14,-110.99,-116.0,60288,972450177.0,-4.52,-3.8,-4.21,0.64
2010-10-14,600519,-115.12,-117.06,-114.91,-118.29,53244,842374776.0,-2.94,-1.67,-1.92,0.56
2010-10-15,600519,-117.0,-115.91,-113.64,-117.16,72100,1152421933.0,-3.01,0.98,1.15,0.76
2010-10-18,600519,-115.89,-114.07,-112.01,-119.8,96564,1522116994.0,-6.72,1.59,1.84,1.02
2010-10-19,600519,-114.82,-113.43,-112.21,-115.89,53448,870135034.0,-3.23,0.56,0.64,0.57
2010-10-20,600519,-115.82,-110.32,-109.2,-115.82,47373,788461639.0,-5.84,2.74,3.11,0.5
2010-10-21,600519,-110.18,-110.28,-108.34,-111.53,37622,632118759.0,-2.89,0.04,0.04,0.4
2010-10-22,600519,-110.27,-109.8,-107.18,-110.89,41047,697025656.0,-3.36,0.44,0.48,0.43
2010-10-25,600519,-109.13,-106.12,-105.52,-109.78,36195,622609050.0,-3.88,3.35,3.68,0.38
2010-10-26,600519,-106.27,-109.12,-106.21,-109.87,28591,484027261.0,-3.45,-2.83,-3.0,0.3
2010-10-27,600519,-109.32,-109.77,-108.83,-111.01,28913,484076380.0,-2.0,-0.6,-0.65,0.31
2010-10-28,600519,-109.96,-110.6,-109.66,-110.83,19441,325743881.0,-1.07,-0.76,-0.83,0.21
2010-10-29,600519,-112.33,-113.52,-112.08,-115.52,65466,1064852159.0,-3.11,-2.64,-2.92,0.69
2010-11-01,600519,-113.49,-113.07,-112.21,-114.24,49659,810910408.0,-1.79,0.4,0.45,0.53
2010-11-02,600519,-112.5,-113.89,-112.5,-114.7,62292,1009953812.0,-1.95,-0.73,-0.82,0.66
2010-11-03,600519,-113.64,-113.37,-111.65,-114.76,42253,693876483.0,-2.73,0.46,0.52,0.45
2010-11-04,600519,-112.92,-112.1,-111.73,-113.8,44629,732196946.0,-1.83,1.12,1.27,0.47
2010-11-05,600519,-111.91,-112.9,-111.38,-113.41,34655,569207561.0,-1.81,-0.71,-0.8,0.37
2010-11-08,600519,-112.89,-113.27,-112.89,-114.95,56894,922801037.0,-1.82,-0.33,-0.37,0.6
2010-11-09,600519,-113.19,-111.49,-110.94,-113.85,60738,1002019514.0,-2.57,1.57,1.78,0.64
2010-11-10,600519,-110.93,-101.07,-99.02,-111.01,150005,2670067328.0,-10.75,9.35,10.42,1.59
2010-11-11,600519,-99.37,-103.93,-99.37,-105.29,74217,1322968333.0,-5.86,-2.83,-2.86,0.79
2010-11-12,600519,-104.21,-102.72,-94.79,-104.23,126500,2298576167.0,-9.08,1.16,1.21,1.34
2010-11-15,600519,-99.37,-98.09,-94.85,-99.37,79039,1458250426.0,-4.4,4.51,4.63,0.84
2010-11-16,600519,-96.36,-102.98,-96.36,-105.0,72292,1294350638.0,-8.81,-4.99,-4.89,0.77
2010-11-17,600519,-103.95,-112.13,-103.95,-113.04,80509,1362362423.0,-8.83,-8.89,-9.15,0.85
2010-11-18,600519,-110.97,-108.76,-107.65,-111.38,40286,680881283.0,-3.33,3.01,3.37,0.43
2010-11-19,600519,-107.55,-104.5,-103.87,-108.22,48955,848958178.0,-4.0,3.92,4.26,0.52
2010-11-22,600519,-104.71,-101.98,-99.08,-105.52,47941,857696481.0,-6.16,2.41,2.52,0.51
2010-11-23,600519,-102.08,-94.07,-93.95,-103.72,108470,1995630382.0,-9.58,7.76,7.91,1.15
2010-11-24,600519,-91.85,-85.9,-80.88,-91.85,110799,2220954810.0,-11.66,8.69,8.17,1.17
2010-11-25,600519,-85.44,-83.61,-83.12,-88.09,45580,916382376.0,-5.79,2.67,2.29,0.48
2010-11-26,600519,-83.61,-80.4,-76.32,-85.38,63799,1324934628.0,-10.84,3.84,3.21,0.68
2010-11-29,600519,-81.89,-73.49,-69.31,-81.89,67499,1441023288.0,-15.65,8.59,6.91,0.72
2010-11-30,600519,-73.54,-82.22,-73.54,-85.59,65665,1356812148.0,-16.4,-11.88,-8.73,0.7
2010-12-01,600519,-83.58,-84.04,-79.83,-85.82,38016,773495042.0,-7.29,-2.21,-1.82,0.4
2010-12-02,600519,-82.68,-87.21,-81.33,-87.41,42940,864862808.0,-7.23,-3.77,-3.17,0.45
2010-12-03,600519,-87.34,-86.0,-83.22,-87.57,43037,863905870.0,-4.99,1.39,1.21,0.46
2010-12-06,600519,-85.95,-91.08,-84.34,-93.27,43282,839963278.0,-10.38,-5.91,-5.08,0.46
2010-12-07,600519,-91.93,-87.67,-86.74,-93.46,31805,621615004.0,-7.38,3.74,3.41,0.34
2010-12-08,600519,-87.72,-88.71,-84.49,-88.84,28335,564539229.0,-4.96,-1.19,-1.04,0.3
2010-12-09,600519,-88.85,-89.4,-88.26,-91.62,24461,474949022.0,-3.79,-0.78,-0.69,0.26
2010-12-10,600519,-90.83,-87.55,-86.68,-92.6,39587,766519126.0,-6.62,2.07,1.85,0.42
2010-12-13,600519,-87.72,-88.1,-87.72,-90.72,58593,1144043372.0,-3.43,-0.63,-0.55,0.62
2010-12-14,600519,-87.86,-87.41,-84.71,-88.24,61543,1224103219.0,-4.01,0.78,0.69,0.65
2010-12-15,600519,-87.34,-85.31,-83.34,-87.34,47424,953073582.0,-4.58,2.4,2.1,0.5
2010-12-16,600519,-76.83,-80.59,-76.45,-80.96,66818,1396868342.0,-5.29,5.53,4.72,0.71
2010-12-17,600519,-79.83,-82.52,-78.93,-82.98,51770,1060471130.0,-5.03,-2.39,-1.93,0.55
2010-12-20,600519,-81.35,-87.81,-80.83,-90.35,68557,1361002093.0,-11.54,-6.41,-5.29,0.73
2010-12-21,600519,-87.83,-90.35,-87.63,-91.09,59359,1153389514.0,-3.94,-2.89,-2.54,0.63
2010-12-22,600519,-90.29,-92.64,-89.98,-93.35,44151,845830946.0,-3.73,-2.53,-2.29,0.47
2010-12-23,600519,-92.71,-92.82,-91.32,-93.35,32744,626262013.0,-2.19,-0.19,-0.18,0.35
2010-12-24,600519,-92.82,-94.31,-92.67,-95.61,29409,553596991.0,-3.17,-1.61,-1.49,0.31
2010-12-27,600519,-94.1,-98.62,-93.36,-99.13,45246,844631482.0,-6.12,-4.57,-4.31,0.48
2010-12-28,600519,-98.61,-98.42,-95.91,-102.82,48176,873676036.0,-7.01,0.2,0.2,0.51
2010-12-29,600519,-98.54,-96.36,-96.3,-99.36,30968,569651391.0,-3.11,2.09,2.06,0.33
2010-12-30,600519,-95.98,-99.41,-95.98,-100.71,41775,760950273.0,-4.91,-3.17,-3.05,0.44
2010-12-31,600519,-99.51,-97.92,-97.65,-100.08,46085,843075733.0,-2.44,1.5,1.49,0.49
2011-01-04,600519,-95.68,-96.73,-94.93,-98.91,60462,1116558389.0,-4.06,1.22,1.19,0.64
2011-01-05,600519,-97.18,-100.05,-96.81,-100.49,58198,1064872709.0,-3.8,-3.43,-3.32,0.62
2011-01-06,600519,-99.96,-100.68,-98.16,-102.04,37585,677983969.0,-3.88,-0.63,-0.63,0.4
2011-01-07,600519,-100.73,-101.08,-99.6,-101.99,30534,548732363.0,-2.37,-0.4,-0.4,0.32
2011-01-10,600519,-101.15,-105.14,-100.48,-105.27,38785,687881571.0,-4.74,-4.02,-4.06,0.41
2011-01-11,600519,-105.61,-105.7,-104.25,-107.47,45322,787943021.0,-3.06,-0.53,-0.56,0.48
2011-01-12,600519,-105.3,-105.02,-103.87,-106.57,31323,546334112.0,-2.55,0.64,0.68,0.33
2011-01-13,600519,-104.25,-101.25,-100.11,-105.0,41342,740207616.0,-4.66,3.59,3.77,0.44
2011-01-14,600519,-101.65,-100.72,-99.96,-102.89,25773,461741103.0,-2.89,0.52,0.53,0.27
2011-01-17,600519,-101.09,-104.18,-99.21,-104.61,37475,673586235.0,-5.36,-3.44,-3.46,0.4
2011-01-18,600519,-104.55,-98.94,-98.9,-105.38,40962,738283975.0,-6.22,5.03,5.24,0.43
2011-01-19,600519,-98.94,-98.74,-98.18,-100.03,26199,478032606.0,-1.87,0.2,0.2,0.28
2011-01-20,600519,-99.14,-100.81,-97.87,-102.18,24523,444085191.0,-4.36,-2.1,-2.07,0.26
2011-01-21,600519,-101.02,-103.95,-99.74,-104.13,26867,479005923.0,-4.35,-3.11,-3.14,0.28
2011-01-24,600519,-103.97,-107.24,-102.76,-108.37,34775,601578015.0,-5.4,-3.16,-3.29,0.37
2011-01-25,600519,-107.64,-107.85,-106.57,-108.38,17239,294978979.0,-1.69,-0.57,-0.61,0.18
2011-01-26,600519,-107.62,-106.77,-105.38,-107.62,14326,247045171.0,-2.08,1.0,1.08,0.15
2011-01-27,600519,-106.91,-106.08,-104.41,-108.69,29444,507387589.0,-4.01,0.65,0.69,0.31
2011-01-28,600519,-106.12,-105.87,-105.28,-106.59,19591,339796042.0,-1.23,0.2,0.21,0.21
2011-01-31,600519,-105.75,-102.38,-100.17,-106.12,32442,577621803.0,-5.62,3.3,3.49,0.34
2011-02-01,600519,-102.37,-100.65,-99.47,-102.74,17758,319648600.0,-3.19,1.69,1.73,0.19
2011-02-09,600519,-100.87,-102.4,-100.26,-103.12,17675,317003717.0,-2.84,-1.74,-1.75,0.19
2011-02-10,600519,-102.86,-97.09,-96.36,-102.89,36009,656695297.0,-6.38,5.19,5.31,0.38
2011-02-11,600519,-97.3,-97.16,-94.52,-97.64,34001,634257226.0,-3.21,-0.07,-0.07,0.36
2011-02-14,600519,-97.16,-95.52,-94.85,-97.93,36639,681621643.0,-3.17,1.69,1.64,0.39
2011-02-15,600519,-95.52,-96.93,-94.25,-97.26,29716,554140643.0,-3.15,-1.48,-1.41,0.31
2011-02-16,600519,-97.1,-98.1,-96.36,-99.59,36440,667440837.0,-3.33,-1.21,-1.17,0.39
2011-02-17,600519,-98.61,-99.92,-98.09,-100.24,36364,662075979.0,-2.19,-1.86,-1.82,0.39
2011-02-18,600519,-100.26,-99.38,-96.77,-100.64,36829,676343235.0,-3.87,0.54,0.54,0.39
2011-02-21,600519,-99.36,-98.25,-97.26,-99.96,27290,498811371.0,-2.72,1.14,1.13,0.29
2011-02-22,600519,-98.25,-99.45,-96.92,-100.11,38294,701713006.0,-3.25,-1.22,-1.2,0.41
2011-02-23,600519,-100.03,-98.79,-98.26,-100.03,19422,353816777.0,-1.78,0.66,0.66,0.21
2011-02-24,600519,-98.93,-99.25,-98.26,-100.02,20476,373539569.0,-1.78,-0.47,-0.46,0.22
2011-02-25,600519,-98.7,-101.15,-98.7,-101.47,29413,532482186.0,-2.79,-1.91,-1.9,0.31
2011-02-28,600519,-101.39,-101.86,-101.27,-103.87,39093,693295724.0,-2.57,-0.7,-0.71,0.41
2011-03-01,600519,-101.83,-101.89,-100.92,-102.52,23059,411728226.0,-1.57,-0.03,-0.03,0.24
2011-03-02,600519,-102.22,-102.96,-101.62,-103.86,32096,569125294.0,-2.2,-1.05,-1.07,0.34
2011-03-03,600519,-102.92,-104.62,-101.85,-104.81,37735,663456221.0,-2.87,-1.61,-1.66,0.4
2011-03-04,600519,-104.62,-103.92,-103.28,-105.0,33351,587411610.0,-1.64,0.67,0.7,0.35
2011-03-07,600519,-103.99,-102.83,-102.72,-103.99,33554,593119911.0,-1.22,1.05,1.09,0.36
2011-03-08,600519,-102.8,-103.33,-102.67,-104.77,31870,560058561.0,-2.04,-0.49,-0.5,0.34
2011-03-09,600519,-102.75,-102.38,-102.22,-103.83,22971,406818003.0,-1.56,0.92,0.95,0.24
2011-03-10,600519,-102.39,-99.36,-97.71,-102.83,54492,991540447.0,-5.0,2.95,3.02,0.58
2011-03-11,600519,-99.66,-100.83,-98.31,-100.95,23345,424871796.0,-2.66,-1.48,-1.47,0.25
2011-03-14,600519,-101.23,-98.7,-97.86,-101.53,22373,408383265.0,-3.64,2.11,2.13,0.24
2011-03-15,600519,-99.63,-101.41,-98.45,-103.1,30899,554199756.0,-4.71,-2.75,-2.71,0.33
2011-03-16,600519,-101.17,-99.48,-98.63,-101.38,24176,438681962.0,-2.71,1.9,1.93,0.26
2011-03-17,600519,-100.19,-94.08,-93.7,-100.73,88523,1653009378.0,-7.07,5.43,5.4,0.94
2011-03-18,600519,-93.69,-92.49,-90.27,-95.51,61484,1175141410.0,-5.57,1.69,1.59,0.65
2011-03-21,600519,-93.5,-95.51,-92.62,-97.45,48651,910057839.0,-5.22,-3.27,-3.02,0.52
2011-03-22,600519,-94.57,-96.54,-93.37,-96.96,27888,521369663.0,-3.76,-1.08,-1.03,0.3
2011-03-23,600519,-96.35,-95.95,-95.84,-98.24,42882,792668100.0,-2.49,0.61,0.59,0.45
2011-03-24,600519,-96.13,-98.2,-95.94,-98.24,21353,393924337.0,-2.4,-2.34,-2.25,0.23
2011-03-25,600519,-98.61,-98.29,-96.67,-98.61,27906,513404256.0,-1.98,-0.09,-0.09,0.3
2011-03-28,600519,-98.2,-100.18,-97.56,-100.5,40296,731053019.0,-2.99,-1.92,-1.89,0.43
2011-03-29,600519,-100.11,-101.65,-99.89,-101.99,26523,476995781.0,-2.1,-1.47,-1.47,0.28
2011-03-30,600519,-101.66,-101.83,-100.67,-102.14,20603,368964875.0,-1.45,-0.18,-0.18,0.22
2011-03-31,600519,-101.83,-100.98,-98.76,-101.99,17526,316949399.0,-3.17,0.83,0.85,0.19
2011-04-01,600519,-100.88,-101.27,-99.85,-101.95,18227,326554075.0,-2.08,-0.29,-0.29,0.19
2011-04-06,600519,-101.32,-103.13,-100.94,-103.34,28775,510620637.0,-2.37,-1.84,-1.86,0.3
2011-04-07,600519,-103.72,-104.67,-103.12,-104.79,46831,820484804.0,-1.62,-1.49,-1.54,0.5
2011-04-08,600519,-104.65,-104.13,-103.49,-104.77,21823,383817086.0,-1.22,0.52,0.54,0.23
2011-04-11,600519,-104.28,-102.75,-101.88,-104.54,26173,463960298.0,-2.55,1.33,1.38,0.28
2011-04-12,600519,-102.74,-102.8,-101.36,-103.34,34946,623251647.0,-1.93,-0.05,-0.05,0.37
2011-04-13,600519,-102.89,-102.12,-101.62,-103.1,29389,522953556.0,-1.44,0.66,0.68,0.31
2011-04-14,600519,-102.14,-104.07,-101.99,-104.26,36622,644626738.0,-2.22,-1.91,-1.95,0.39
2011-04-15,600519,-103.89,-106.59,-103.13,-107.8,53327,919620925.0,-4.49,-2.42,-2.52,0.57
2011-04-18,600519,-106.74,-106.08,-105.83,-107.47,19609,338287704.0,-1.54,0.48,0.51,0.21
2011-04-19,600519,-106.08,-105.84,-104.89,-107.26,22881,395248447.0,-2.23,0.23,0.24,0.24
2011-04-20,600519,-105.84,-104.77,-104.49,-106.12,22509,392495921.0,-1.54,1.01,1.07,0.24
2011-04-21,600519,-104.62,-104.73,-102.68,-104.84,28684,505336037.0,-2.06,0.04,0.04,0.3
2011-04-22,600519,-104.25,-103.76,-103.57,-104.97,14500,254794864.0,-1.34,0.93,0.97,0.15
2011-04-25,600519,-100.86,-98.57,-97.05,-101.24,70226,1280812447.0,-4.04,5.0,5.19,0.74
2011-04-26,600519,-98.61,-99.99,-98.24,-100.2,31095,565862126.0,-1.99,-1.44,-1.42,0.33
2011-04-27,600519,-99.66,-100.0,-97.11,-100.11,27748,508713443.0,-3.0,-0.01,-0.01,0.29
2011-04-28,600519,-99.29,-102.05,-98.93,-102.52,25357,455048059.0,-3.59,-2.05,-2.05,0.27
2011-04-29,600519,-102.07,-99.13,-98.54,-102.61,22084,401140719.0,-3.99,2.86,2.92,0.23
2011-05-03,600519,-98.61,-96.46,-95.76,-99.36,41271,764382818.0,-3.63,2.69,2.67,0.44
2011-05-04,600519,-97.49,-98.24,-94.79,-98.28,32521,604784367.0,-3.62,-1.85,-1.78,0.34
2011-05-05,600519,-98.23,-97.15,-95.23,-98.6,26693,496448129.0,-3.43,1.11,1.09,0.28
2011-05-06,600519,-97.86,-96.5,-95.61,-98.6,23961,444808841.0,-3.08,0.67,0.65,0.25
2011-05-09,600519,-95.92,-97.74,-95.24,-97.93,12176,225581746.0,-2.79,-1.28,-1.24,0.13
2011-05-10,600519,-97.81,-98.17,-97.48,-98.78,15919,292606289.0,-1.33,-0.44,-0.43,0.17
2011-05-11,600519,-98.6,-96.91,-96.13,-98.6,12897,238855455.0,-2.52,1.28,1.26,0.14
2011-05-12,600519,-97.11,-95.37,-93.73,-97.41,25028,470405158.0,-3.8,1.59,1.54,0.27
2011-05-13,600519,-95.34,-95.11,-94.11,-96.73,12253,229207566.0,-2.75,0.27,0.26,0.13
2011-05-16,600519,-95.23,-95.1,-94.12,-95.98,11506,216417130.0,-1.96,0.01,0.01,0.12
2011-05-17,600519,-95.59,-95.13,-93.13,-96.36,20866,393848458.0,-3.4,-0.03,-0.03,0.22
2011-05-18,600519,-95.38,-89.63,-87.76,-95.38,62165,1212084674.0,-8.01,5.78,5.5,0.66
2011-05-19,600519,-88.84,-85.93,-84.6,-88.84,85738,1716471110.0,-4.73,4.13,3.7,0.91
2011-05-20,600519,-85.31,-85.21,-84.59,-86.73,40044,801739991.0,-2.49,0.84,0.72,0.42
2011-05-23,600519,-85.84,-88.07,-83.77,-88.09,39421,783913346.0,-5.07,-3.36,-2.86,0.42
2011-05-24,600519,-89.21,-89.89,-87.72,-89.97,23997,470085883.0,-2.55,-2.07,-1.82,0.25
2011-05-26,600519,-89.75,-86.82,-83.74,-89.75,38970,779314782.0,-6.69,3.42,3.07,0.41
2011-05-27,600519,-85.93,-90.54,-85.25,-90.94,31730,626618182.0,-6.55,-4.28,-3.72,0.34
2011-05-30,600519,-91.71,-83.94,-83.9,-92.02,47286,942388980.0,-8.97,7.29,6.6,0.5
2011-05-31,600519,-83.85,-82.98,-82.85,-84.86,33855,685945963.0,-2.39,1.14,0.96,0.36
2011-06-01,600519,-82.76,-78.41,-78.34,-83.57,39094,813188052.0,-6.3,5.51,4.57,0.41
2011-06-02,600519,-79.45,-80.89,-78.58,-83.13,39585,818431995.0,-5.8,-3.16,-2.48,0.42
2011-06-03,600519,-81.32,-77.12,-76.3,-81.32,29484,618505293.0,-6.21,4.66,3.77,0.31
2011-06-07,600519,-76.84,-79.93,-76.83,-81.12,26876,559703875.0,-5.56,-3.64,-2.81,0.28
2011-06-08,600519,-80.17,-79.27,-78.55,-83.15,25070,517190772.0,-5.76,0.83,0.66,0.27
2011-06-09,600519,-79.79,-84.47,-79.6,-84.52,36180,737042713.0,-6.21,-6.56,-5.2,0.38
2011-06-10,600519,-84.71,-83.92,-82.47,-85.99,34279,692444753.0,-4.17,0.65,0.55,0.36
2011-06-13,600519,-83.96,-84.72,-82.91,-86.74,28005,562464133.0,-4.56,-0.95,-0.8,0.3
2011-06-14,600519,-84.73,-82.49,-82.1,-85.46,37488,758192892.0,-3.97,2.63,2.23,0.4
2011-06-15,600519,-82.82,-83.43,-82.48,-84.19,16409,333131863.0,-2.07,-1.14,-0.94,0.17
2011-06-16,600519,-84.19,-83.57,-81.86,-85.67,17731,359795619.0,-4.57,-0.17,-0.14,0.19
2011-06-17,600519,-83.21,-79.35,-78.33,-83.85,33411,690941504.0,-6.61,5.05,4.22,0.35
2011-06-20,600519,-79.75,-83.24,-79.62,-85.09,29909,611059058.0,-6.89,-4.9,-3.89,0.32
2011-06-21,600519,-84.31,-83.36,-82.2,-84.31,12738,259198214.0,-2.53,-0.14,-0.12,0.13
2011-06-22,600519,-83.43,-81.38,-80.22,-83.43,16189,333499822.0,-3.85,2.38,1.98,0.17
2011-06-23,600519,-81.86,-79.84,-78.93,-82.08,20281,421820426.0,-3.87,1.89,1.54,0.21
2011-06-24,600519,-79.94,-81.0,-78.21,-81.82,37069,770684579.0,-4.52,-1.45,-1.16,0.39
2011-06-27,600519,-80.43,-79.63,-79.11,-81.5,23190,480816709.0,-2.95,1.69,1.37,0.25
2011-06-28,600519,-79.08,-77.99,-76.92,-80.41,25540,536916003.0,-4.38,2.06,1.64,0.27
2011-06-29,600519,-77.66,-77.62,-76.16,-79.9,19597,412274520.0,-4.8,0.47,0.37,0.21
2011-06-30,600519,-78.31,-76.35,-75.85,-78.31,32701,694508280.0,-3.17,1.64,1.27,0.35
2011-07-01,600519,-75.28,-76.0,-75.28,-77.43,15811,302002762.0,-2.82,0.46,0.35,0.15
2011-07-04,600519,-76.35,-74.85,-74.6,-76.69,46338,888995936.0,-2.75,1.51,1.15,0.45
2011-07-05,600519,-74.87,-76.17,-74.85,-77.51,27058,516722478.0,-3.55,-1.76,-1.32,0.26
2011-07-06,600519,-76.54,-76.46,-75.7,-77.26,19754,377527543.0,-2.05,-0.38,-0.29,0.19
2011-07-07,600519,-76.52,-73.95,-72.32,-76.52,40957,793379763.0,-5.49,3.28,2.51,0.39
2011-07-08,600519,-73.75,-73.98,-72.82,-74.91,17184,333151331.0,-2.83,-0.04,-0.03,0.17
2011-07-11,600519,-73.99,-71.7,-70.68,-74.5,25616,502438508.0,-5.16,3.08,2.28,0.25
2011-07-12,600519,-72.13,-74.26,-71.7,-74.34,28488,554927096.0,-3.68,-3.57,-2.56,0.27
2011-07-13,600519,-73.97,-73.56,-72.81,-74.57,22109,429986678.0,-2.37,0.94,0.7,0.21
2011-07-14,600519,-73.56,-74.66,-73.38,-75.03,24822,480420222.0,-2.24,-1.5,-1.1,0.24
2011-07-15,600519,-75.21,-73.09,-72.56,-75.21,17764,346071487.0,-3.55,2.1,1.57,0.17
2011-07-18,600519,-73.05,-69.94,-68.72,-73.05,28523,566196215.0,-5.92,4.31,3.15,0.27
2011-07-19,600519,-69.99,-70.04,-69.06,-71.4,20277,403182838.0,-3.35,-0.14,-0.1,0.2
2011-07-20,600519,-69.09,-69.18,-68.69,-70.32,18967,378689393.0,-2.33,1.23,0.86,0.18
2011-07-21,600519,-68.94,-66.25,-64.54,-69.08,47677,968173564.0,-6.56,4.24,2.93,0.46
2011-07-22,600519,-66.47,-63.89,-61.75,-66.47,49861,1029115254.0,-7.12,3.56,2.36,0.48
2011-07-25,600519,-63.3,-66.07,-62.74,-67.01,35260,720951264.0,-6.68,-3.41,-2.18,0.34
2011-07-26,600519,-66.19,-66.14,-65.79,-67.43,24792,503434823.0,-2.48,-0.11,-0.07,0.24
2011-07-27,600519,-65.87,-65.51,-62.89,-66.89,30676,630035091.0,-6.05,0.95,0.63,0.3
2011-07-28,600519,-65.87,-62.68,-62.56,-67.43,22923,468616881.0,-7.43,4.32,2.83,0.22
2011-07-29,600519,-62.89,-63.56,-62.89,-64.7,19104,394180474.0,-2.89,-1.4,-0.88,0.18
2011-08-01,600519,-63.03,-66.29,-63.03,-66.77,18573,378447567.0,-5.88,-4.3,-2.73,0.18
2011-08-02,600519,-67.27,-68.17,-66.81,-70.28,27850,555745763.0,-5.23,-2.84,-1.88,0.27
2011-08-03,600519,-69.74,-67.6,-66.77,-69.91,17061,344076872.0,-4.61,0.84,0.57,0.16
2011-08-04,600519,-67.02,-64.97,-64.38,-67.6,17773,363287270.0,-4.76,3.89,2.63,0.17
2011-08-05,600519,-69.02,-66.5,-64.46,-69.02,21320,433966204.0,-7.02,-2.35,-1.53,0.21
2011-08-08,600519,-68.25,-69.37,-64.87,-70.74,36884,740883138.0,-8.83,-4.32,-2.87,0.36
2011-08-09,600519,-72.03,-68.18,-66.6,-74.87,36924,726671479.0,-11.92,1.72,1.19,0.36
2011-08-10,600519,-67.1,-64.37,-63.72,-69.29,38436,782644219.0,-8.17,5.59,3.81,0.37
2011-08-11,600519,-65.78,-56.94,-56.19,-65.78,61949,1301728291.0,-14.9,11.54,7.43,0.6
2011-08-12,600519,-56.69,-55.22,-54.54,-58.34,39466,851693649.0,-6.67,3.02,1.72,0.38
2011-08-15,600519,-54.87,-58.09,-53.56,-59.23,29451,630341327.0,-10.27,-5.2,-2.87,0.28
2011-08-16,600519,-57.8,-61.08,-56.46,-62.25,37492,788423427.0,-9.97,-5.15,-2.99,0.36
2011-08-17,600519,-60.82,-60.94,-59.59,-61.88,13553,284382051.0,-3.75,0.23,0.14,0.13
2011-08-18,600519,-61.39,-62.31,-60.94,-63.83,29342,609082956.0,-4.74,-2.25,-1.37,0.28
2011-08-19,600519,-63.38,-60.9,-60.7,-63.67,37488,780729993.0,-4.77,2.26,1.41,0.36
2011-08-22,600519,-60.74,-65.52,-60.08,-66.11,28164,581020716.0,-9.9,-7.59,-4.62,0.27
2011-08-23,600519,-65.79,-65.01,-63.96,-66.27,23579,482616543.0,-3.53,0.78,0.51,0.23
2011-08-24,600519,-64.95,-64.29,-62.48,-65.7,17957,370146592.0,-4.95,1.11,0.72,0.17
2011-08-25,600519,-62.89,-62.95,-62.06,-64.94,30083,623188928.0,-4.48,2.08,1.34,0.29
2011-08-26,600519,-62.99,-58.44,-58.35,-63.42,22749,477352656.0,-8.05,7.16,4.51,0.22
2011-08-29,600519,-59.17,-56.46,-55.88,-61.23,26082,558335968.0,-9.15,3.39,1.98,0.25
2011-08-30,600519,-56.27,-56.84,-54.68,-58.33,28816,619557328.0,-6.46,-0.67,-0.38,0.28
2011-08-31,600519,-53.55,-56.88,-52.97,-57.1,50015,1079339680.0,-7.27,-0.07,-0.04,0.48
2011-09-01,600519,-56.94,-59.6,-56.29,-60.41,25690,544632800.0,-7.24,-4.78,-2.72,0.25
2011-09-02,600519,-60.11,-59.28,-59.0,-60.9,13833,292111760.0,-3.19,0.54,0.32,0.13
2011-09-05,600519,-59.84,-63.08,-59.68,-63.71,27345,569905680.0,-6.8,-6.41,-3.8,0.26
2011-09-06,600519,-64.13,-66.6,-62.22,-67.2,32095,656690816.0,-7.89,-5.58,-3.52,0.31
2011-09-07,600519,-66.11,-62.81,-62.57,-66.19,20088,412012240.0,-5.44,5.69,3.79,0.19
2011-09-08,600519,-62.47,-64.23,-61.65,-64.44,13183,274052384.0,-4.44,-2.26,-1.42,0.13
2011-09-09,600519,-63.66,-63.23,-61.08,-65.79,14227,294079504.0,-7.33,1.56,1.0,0.14
2011-09-13,600519,-65.29,-67.74,-64.13,-68.19,18949,384543760.0,-6.42,-7.13,-4.51,0.18
2011-09-14,600519,-66.6,-70.78,-66.37,-73.9,47626,940641408.0,-11.12,-4.49,-3.04,0.46
2011-09-15,600519,-70.74,-70.33,-68.92,-70.93,19122,380380016.0,-2.84,0.64,0.45,0.18
2011-09-16,600519,-69.51,-66.67,-66.5,-70.74,18029,361574736.0,-6.03,5.2,3.66,0.17
2011-09-19,600519,-66.03,-66.84,-65.37,-67.5,15352,311793488.0,-3.19,-0.25,-0.17,0.15
2011-09-20,600519,-66.85,-68.39,-66.85,-69.5,12785,256651648.0,-3.96,-2.32,-1.55,0.12
2011-09-21,600519,-68.41,-65.48,-64.93,-68.67,24640,501953360.0,-5.47,4.26,2.91,0.24
2011-09-22,600519,-66.6,-71.02,-65.88,-71.32,24336,489514704.0,-8.31,-8.46,-5.54,0.23
2011-09-23,600519,-73.96,-74.0,-72.39,-77.44,76537,1476263520.0,-7.11,-4.2,-2.98,0.74
2011-09-26,600519,-75.81,-78.9,-73.84,-79.0,42211,803193664.0,-6.97,-6.62,-4.9,0.41
2011-09-27,600519,-77.37,-77.79,-75.99,-79.27,24750,468028768.0,-4.16,1.41,1.11,0.24
2011-09-28,600519,-76.69,-79.73,-76.69,-80.46,32390,611544832.0,-4.85,-2.49,-1.94,0.31
2011-09-29,600519,-81.56,-79.75,-76.52,-81.56,30031,563567696.0,-6.32,-0.03,-0.02,0.29
2011-09-30,600519,-79.7,-76.86,-76.44,-79.7,18270,346902288.0,-4.09,3.62,2.89,0.18
2011-10-10,600519,-76.62,-79.0,-75.86,-79.31,14284,270790784.0,-4.49,-2.78,-2.14,0.14
2011-10-11,600519,-75.7,-79.85,-75.7,-83.13,20586,387171392.0,-9.41,-1.08,-0.85,0.2
2011-10-12,600519,-80.24,-75.66,-75.2,-81.95,29779,563092944.0,-8.45,5.25,4.19,0.29
2011-10-13,600519,-75.66,-75.64,-73.35,-77.35,23962,460883856.0,-5.29,0.03,0.02,0.23
2011-10-14,600519,-76.48,-76.16,-75.05,-77.51,12468,238319748.0,-3.25,-0.69,-0.52,0.12
2011-10-17,600519,-75.56,-71.45,-71.14,-76.03,26009,509046256.0,-6.42,6.18,4.71,0.25
2011-10-18,600519,-72.94,-72.04,-69.6,-73.21,22786,451487840.0,-5.05,-0.83,-0.59,0.22
2011-10-19,600519,-71.22,-70.64,-67.84,-71.56,22658,451701344.0,-5.16,1.94,1.4,0.22
2011-10-20,600519,-71.56,-76.44,-70.27,-76.85,29313,569297376.0,-9.31,-8.21,-5.8,0.28
2011-10-21,600519,-76.8,-73.72,-73.22,-76.8,17116,330777248.0,-4.68,3.56,2.72,0.16
2011-10-24,600519,-72.56,-68.63,-68.17,-73.71,32391,638275440.0,-7.51,6.9,5.09,0.31
2011-10-25,600519,-69.75,-68.57,-66.33,-69.75,32042,643502576.0,-4.98,0.09,0.06,0.31
2011-10-26,600519,-69.18,-67.55,-67.37,-70.15,29493,591834128.0,-4.05,1.49,1.02,0.28
2011-10-27,600519,-67.39,-67.43,-65.48,-67.81,20105,407006048.0,-3.45,0.18,0.12,0.19
2011-10-28,600519,-66.18,-64.94,-63.46,-66.18,26057,533715360.0,-4.03,3.69,2.49,0.25
2011-10-31,600519,-64.7,-65.6,-63.98,-66.87,28122,574616416.0,-4.45,-1.02,-0.66,0.27
2011-11-01,600519,-66.46,-63.14,-62.89,-67.01,27147,559038592.0,-6.28,3.75,2.46,0.26
2011-11-02,600519,-64.99,-61.18,-61.11,-65.28,26647,550968560.0,-6.6,3.1,1.96,0.26
2011-11-03,600519,-59.94,-63.07,-59.58,-63.16,30466,636306544.0,-5.85,-3.09,-1.89,0.29
2011-11-04,600519,-62.57,-62.67,-60.82,-63.85,18547,384686864.0,-4.8,0.63,0.4,0.18
2011-11-07,600519,-62.31,-63.46,-61.89,-63.66,16574,344437184.0,-2.82,-1.26,-0.79,0.16
2011-11-08,600519,-62.75,-65.16,-62.53,-65.79,25546,525028368.0,-5.14,-2.68,-1.7,0.25
2011-11-09,600519,-65.03,-65.68,-63.58,-67.02,24696,506506704.0,-5.28,-0.8,-0.52,0.24
2011-11-10,600519,-66.37,-64.94,-64.46,-66.5,14618,298980848.0,-3.11,1.13,0.74,0.14
2011-11-11,600519,-64.94,-65.8,-64.83,-66.58,11693,238543944.0,-2.69,-1.32,-0.86,0.11
2011-11-14,600519,-64.55,-63.08,-62.35,-65.61,17986,371343632.0,-4.95,4.13,2.72,0.17
2011-11-15,600519,-62.8,-65.84,-62.51,-66.6,17782,364242672.0,-6.48,-4.38,-2.76,0.17
2011-11-16,600519,-65.82,-68.45,-65.82,-69.17,29546,592948960.0,-5.09,-3.96,-2.61,0.28
2011-11-17,600519,-68.38,-67.56,-66.11,-68.83,15589,315328816.0,-3.97,1.3,0.89,0.15
2011-11-18,600519,-67.53,-68.61,-66.7,-69.33,19907,401272256.0,-3.89,-1.55,-1.05,0.19
2011-11-21,600519,-68.51,-68.37,-66.27,-68.99,18390,370926320.0,-3.96,0.35,0.24,0.18
2011-11-22,600519,-68.35,-64.07,-63.39,-68.59,35653,729198880.0,-7.61,6.29,4.3,0.34
2011-11-23,600519,-64.44,-61.56,-61.4,-64.44,31538,656169792.0,-4.74,3.92,2.51,0.3
2011-11-24,600519,-61.98,-62.73,-61.5,-62.89,26559,554286400.0,-2.26,-1.9,-1.17,0.26
2011-11-25,600519,-62.68,-60.84,-58.06,-63.3,40236,848244768.0,-8.35,3.01,1.89,0.39
2011-11-28,600519,-60.56,-57.62,-56.88,-61.39,53380,1136929568.0,-7.41,5.29,3.22,0.51
2011-11-29,600519,-57.68,-58.7,-55.79,-59.33,41355,884545008.0,-6.14,-1.87,-1.08,0.4
2011-11-30,600519,-58.44,-60.77,-56.87,-61.81,40263,850997824.0,-8.42,-3.53,-2.07,0.39
2011-12-01,600519,-58.18,-58.47,-56.53,-60.6,33785,719311328.0,-6.7,3.78,2.3,0.33
2011-12-02,600519,-59.17,-57.49,-55.7,-59.17,27267,584935200.0,-5.93,1.68,0.98,0.26
2011-12-05,600519,-57.14,-63.53,-57.14,-63.79,39026,816027280.0,-11.57,-10.51,-6.04,0.38
2011-12-06,600519,-63.7,-66.05,-63.67,-67.68,37152,756470592.0,-6.31,-3.97,-2.52,0.36
2011-12-07,600519,-66.03,-64.37,-63.71,-66.03,27334,562146784.0,-3.51,2.54,1.68,0.26
2011-12-08,600519,-64.21,-66.6,-61.98,-66.7,24661,506265024.0,-7.33,-3.46,-2.23,0.24
2011-12-09,600519,-66.73,-69.23,-65.9,-69.33,36746,737854848.0,-5.15,-3.95,-2.63,0.35
2011-12-12,600519,-69.23,-71.12,-68.34,-71.65,29527,585362512.0,-4.78,-2.73,-1.89,0.28
2011-12-13,600519,-71.63,-72.18,-70.75,-72.41,29996,591182080.0,-2.33,-1.49,-1.06,0.29
2011-12-14,600519,-72.18,-70.87,-69.08,-72.18,20813,412444016.0,-4.29,1.81,1.31,0.2
2011-12-15,600519,-71.67,-71.58,-70.01,-73.18,21880,430851248.0,-4.47,-1.0,-0.71,0.21
2011-12-16,600519,-70.74,-67.61,-67.45,-70.75,30649,614353392.0,-4.61,5.55,3.97,0.3
2011-12-19,600519,-68.28,-68.26,-67.94,-69.66,25456,510463392.0,-2.54,-0.96,-0.65,0.25
2011-12-20,600519,-68.26,-68.89,-66.77,-70.32,17106,342834672.0,-5.2,-0.92,-0.63,0.16
2011-12-21,600519,-68.11,-71.37,-67.86,-71.58,21963,437207568.0,-5.4,-3.6,-2.48,0.21
2011-12-22,600519,-71.15,-69.36,-68.32,-72.56,17443,346785296.0,-5.94,2.82,2.01,0.17
2011-12-23,600519,-69.17,-68.46,-67.93,-69.91,17610,353128160.0,-2.85,1.3,0.9,0.17
2011-12-26,600519,-68.58,-74.77,-68.57,-75.45,46995,918253504.0,-10.05,-9.22,-6.31,0.45
2011-12-27,600519,-74.87,-78.15,-74.87,-78.74,31315,594898816.0,-5.18,-4.52,-3.38,0.3
2011-12-28,600519,-78.75,-77.16,-76.94,-80.25,27738,524088080.0,-4.24,1.27,0.99,0.27
2011-12-29,600519,-78.09,-75.52,-74.96,-78.09,20062,384718000.0,-4.06,2.13,1.64,0.19
2011-12-30,600519,-75.12,-74.62,-73.32,-77.35,29461,569875568.0,-5.34,1.19,0.9,0.28
2012-01-04,600519,-76.11,-81.26,-75.06,-81.48,33878,637232816.0,-8.6,-8.9,-6.64,0.33
2012-01-05,600519,-82.31,-83.01,-81.32,-83.66,30123,553347008.0,-2.88,-2.15,-1.75,0.29
2012-01-06,600519,-83.05,-80.13,-78.96,-84.25,25191,464647456.0,-6.37,3.47,2.88,0.24
2012-01-09,600519,-80.65,-78.99,-78.93,-84.15,26160,483282448.0,-6.51,1.42,1.14,0.25
2012-01-10,600519,-79.83,-73.65,-73.5,-80.56,39236,749263280.0,-8.94,6.76,5.34,0.38
2012-01-11,600519,-74.91,-77.61,-74.13,-77.93,39891,761167936.0,-5.16,-5.38,-3.96,0.38
2012-01-12,600519,-78.52,-77.06,-76.06,-78.52,27440,522231552.0,-3.17,0.71,0.55,0.26
2012-01-13,600519,-76.77,-78.43,-76.36,-79.4,20542,387615920.0,-3.94,-1.78,-1.37,0.2
2012-01-16,600519,-79.51,-87.75,-79.51,-89.2,51656,933514128.0,-12.35,-11.88,-9.32,0.5
2012-01-17,600519,-87.35,-85.25,-83.98,-93.13,61228,1077158896.0,-10.43,2.85,2.5,0.59
2012-01-18,600519,-84.44,-87.78,-81.33,-88.37,47295,858725552.0,-8.26,-2.97,-2.53,0.46
2012-01-19,600519,-87.36,-85.03,-84.29,-89.32,24329,437246160.0,-5.73,3.13,2.75,0.23
2012-01-20,600519,-83.96,-80.68,-80.49,-83.96,29683,548292992.0,-4.08,5.12,4.35,0.29
2012-01-30,600519,-80.66,-82.47,-79.84,-83.08,30550,563162784.0,-4.02,-2.22,-1.79,0.29
2012-01-31,600519,-81.96,-80.32,-80.16,-82.02,15855,294490832.0,-2.26,2.61,2.15,0.15
2012-02-01,600519,-80.49,-80.53,-78.57,-81.58,24824,464159680.0,-3.75,-0.26,-0.21,0.24
2012-02-02,600519,-80.53,-80.3,-79.83,-82.08,20375,378596176.0,-2.79,0.29,0.23,0.2
2012-02-03,600519,-80.27,-80.26,-80.16,-82.73,26518,490438848.0,-3.2,0.05,0.04,0.26
2012-02-06,600519,-80.15,-78.56,-78.37,-80.82,29748,557205040.0,-3.05,2.12,1.7,0.29
2012-02-07,600519,-79.58,-80.77,-78.63,-81.15,17942,334371760.0,-3.21,-2.81,-2.21,0.17
2012-02-08,600519,-80.77,-78.76,-78.18,-81.41,23082,432175424.0,-4.0,2.49,2.01,0.22
2012-02-09,600519,-79.0,-76.73,-76.4,-79.28,31385,596916592.0,-3.66,2.58,2.03,0.3
2012-02-10,600519,-77.74,-76.93,-75.37,-78.09,22276,425266912.0,-3.54,-0.26,-0.2,0.21
2012-02-13,600519,-77.76,-74.52,-73.08,-78.46,21639,416409712.0,-6.99,3.13,2.41,0.21
2012-02-14,600519,-75.13,-74.19,-73.5,-75.86,15142,292922048.0,-3.17,0.44,0.33,0.15
2012-02-15,600519,-75.09,-73.38,-72.47,-75.09,24714,481676736.0,-3.53,1.09,0.81,0.24
2012-02-16,600519,-74.44,-75.93,-73.38,-76.85,22016,424963024.0,-4.73,-3.48,-2.55,0.21
2012-02-17,600519,-74.14,-76.16,-74.14,-77.04,12288,235751780.0,-3.82,-0.3,-0.23,0.12
2012-02-20,600519,-74.9,-76.64,-74.32,-76.69,18530,356774752.0,-3.11,-0.63,-0.48,0.18
2012-02-21,600519,-75.87,-75.74,-75.22,-77.02,13789,264260509.0,-2.35,1.17,0.9,0.13
2012-02-22,600519,-75.07,-75.07,-74.46,-76.54,22352,429952032.0,-2.75,0.88,0.67,0.22
2012-02-23,600519,-75.27,-73.79,-73.18,-75.27,33433,649316720.0,-2.78,1.71,1.28,0.32
2012-02-24,600519,-73.89,-70.67,-70.56,-73.92,23944,471970592.0,-4.55,4.23,3.12,0.23
2012-02-27,600519,-70.09,-70.32,-69.07,-71.15,26562,528808016.0,-2.94,0.5,0.35,0.26
2012-02-28,600519,-69.56,-68.47,-68.3,-70.27,25698,514122720.0,-2.8,2.63,1.85,0.25
2012-02-29,600519,-68.26,-65.4,-64.95,-68.67,39432,802601072.0,-5.43,4.48,3.07,0.38
2012-03-01,600519,-66.18,-66.95,-64.56,-67.11,16921,345438320.0,-3.9,-2.37,-1.55,0.16
2012-03-02,600519,-66.91,-68.34,-66.03,-69.49,35217,706746816.0,-5.17,-2.08,-1.39,0.34
2012-03-05,600519,-68.38,-69.22,-68.36,-70.24,30554,609500896.0,-2.75,-1.29,-0.88,0.29
2012-03-06,600519,-69.91,-72.35,-69.22,-72.39,31474,621286496.0,-4.58,-4.52,-3.13,0.3
2012-03-07,600519,-73.45,-74.76,-72.73,-74.89,29199,567286768.0,-2.99,-3.33,-2.41,0.28
2012-03-08,600519,-74.7,-73.68,-72.3,-74.89,23575,458505184.0,-3.46,1.44,1.08,0.23
2012-03-09,600519,-73.47,-69.14,-68.99,-73.88,29239,578119776.0,-6.64,6.16,4.54,0.28
2012-03-12,600519,-68.99,-68.64,-67.75,-69.89,25682,514548192.0,-3.1,0.72,0.5,0.25
2012-03-13,600519,-69.0,-67.71,-66.36,-69.0,18316,370157888.0,-3.85,1.35,0.93,0.18
2012-03-14,600519,-67.77,-70.18,-65.74,-70.74,40700,820433744.0,-7.38,-3.65,-2.47,0.39
2012-03-15,600519,-69.88,-69.97,-67.1,-70.24,28095,562966960.0,-4.47,0.3,0.21,0.27
2012-03-16,600519,-68.43,-62.81,-62.47,-68.84,51584,1060740608.0,-9.1,10.23,7.16,0.5
2012-03-19,600519,-62.64,-62.77,-59.52,-64.48,45636,952934080.0,-7.9,0.06,0.04,0.44
2012-03-20,600519,-62.84,-62.68,-61.56,-64.03,23400,486464272.0,-3.94,0.14,0.09,0.23
2012-03-21,600519,-62.64,-64.87,-61.65,-65.89,29528,607930944.0,-6.76,-3.49,-2.19,0.28
2012-03-22,600519,-65.51,-64.66,-63.38,-65.54,8332,171049550.0,-3.33,0.32,0.21,0.08
2012-03-23,600519,-62.89,-59.15,-58.71,-62.89,54874,1159278432.0,-6.46,8.52,5.51,0.53
2012-03-26,600519,-59.89,-56.52,-55.94,-59.91,37654,807094320.0,-6.71,4.45,2.63,0.36
2012-03-27,600519,-60.64,-67.84,-60.0,-68.26,79106,1635757952.0,-14.61,-20.03,-11.32,0.76
2012-03-28,600519,-69.91,-67.93,-64.95,-70.48,55461,1116354640.0,-8.15,-0.13,-0.09,0.53
2012-03-29,600519,-68.42,-68.13,-64.54,-69.08,36983,751200416.0,-6.68,-0.29,-0.2,0.36
2012-03-30,600519,-68.13,-71.6,-66.61,-73.22,37960,749355392.0,-9.7,-5.09,-3.47,0.37
2012-04-05,600519,-72.31,-64.13,-63.79,-72.31,40961,831105664.0,-11.9,10.43,7.47,0.39
2012-04-06,600519,-64.44,-62.5,-62.41,-64.51,26730,553032992.0,-3.27,2.54,1.63,0.26
2012-04-09,600519,-62.84,-61.43,-60.89,-64.46,14475,300301664.0,-5.71,1.71,1.07,0.14
2012-04-10,600519,-61.41,-62.38,-61.0,-64.86,16641,344431376.0,-6.28,-1.55,-0.95,0.16
2012-04-11,600519,-64.95,-61.77,-59.58,-66.18,31461,655577440.0,-10.58,0.98,0.61,0.3
2012-04-12,600519,-61.77,-58.82,-58.74,-63.56,28423,597232640.0,-7.8,4.78,2.95,0.27
2012-04-13,600519,-58.75,-58.32,-57.47,-59.66,20527,436617440.0,-3.72,0.85,0.5,0.2
2012-04-16,600519,-58.75,-58.48,-56.36,-59.51,20893,447725424.0,-5.4,-0.27,-0.16,0.2
2012-04-17,600519,-58.47,-60.67,-58.33,-60.82,17872,377050672.0,-4.26,-3.74,-2.19,0.17
2012-04-18,600519,-60.48,-57.63,-56.85,-60.82,22815,485407312.0,-6.54,5.01,3.04,0.22
2012-04-19,600519,-57.7,-61.25,-57.21,-62.63,21824,459867200.0,-9.4,-6.28,-3.62,0.21
2012-04-20,600519,-62.22,-58.75,-58.05,-62.22,17046,360265744.0,-6.81,4.08,2.5,0.16
2012-04-23,600519,-59.4,-59.3,-57.29,-60.94,13282,281175040.0,-6.21,-0.94,-0.55,0.13
2012-04-24,600519,-59.01,-59.56,-58.33,-60.87,21782,459834816.0,-4.28,-0.44,-0.26,0.21
2012-04-25,600519,-58.79,-58.41,-58.13,-60.82,15529,329552768.0,-4.52,1.93,1.15,0.15
2012-04-26,600519,-57.31,-55.29,-55.03,-57.93,35020,753334304.0,-4.96,5.34,3.12,0.34
2012-04-27,600519,-55.29,-48.79,-48.03,-55.29,42728,954712960.0,-13.13,11.76,6.5,0.41
2012-05-02,600519,-47.6,-47.61,-47.13,-50.9,35340,793434512.0,-7.73,2.42,1.18,0.34
2012-05-03,600519,-47.61,-47.03,-46.52,-49.57,25654,579082880.0,-6.41,1.22,0.58,0.25
2012-05-04,600519,-47.18,-40.99,-40.26,-47.18,31879,734789680.0,-14.71,12.84,6.04,0.31
2012-05-07,600519,-40.32,-40.56,-37.88,-41.58,34245,805751888.0,-9.03,1.05,0.43,0.33
2012-05-08,600519,-40.61,-40.89,-40.28,-44.8,36665,851128752.0,-11.14,-0.81,-0.33,0.35
2012-05-09,600519,-43.37,-43.6,-42.1,-46.6,32910,756259728.0,-11.01,-6.63,-2.71,0.32
2012-05-10,600519,-43.46,-46.19,-43.46,-46.81,30574,697959456.0,-7.68,-5.94,-2.59,0.29
2012-05-11,600519,-45.94,-46.2,-45.53,-47.68,23261,528011696.0,-4.65,-0.02,-0.01,0.22
2012-05-14,600519,-45.94,-50.75,-45.94,-52.05,38797,863502640.0,-13.23,-9.85,-4.55,0.37
2012-05-15,600519,-51.65,-49.99,-49.53,-52.47,16169,359784512.0,-5.79,1.5,0.76,0.16
2012-05-16,600519,-50.12,-52.54,-49.75,-54.21,28140,619595456.0,-8.92,-5.1,-2.55,0.27
2012-05-17,600519,-52.46,-52.63,-51.4,-53.7,34172,751957376.0,-4.38,-0.17,-0.09,0.33
2012-05-18,600519,-53.65,-54.27,-52.58,-55.94,26278,571816864.0,-6.38,-3.12,-1.64,0.25
2012-05-21,600519,-54.56,-49.92,-48.82,-54.56,28843,638767872.0,-10.58,8.02,4.35,0.28
2012-05-22,600519,-48.41,-44.89,-43.05,-48.41,41458,951034144.0,-10.74,10.08,5.03,0.4
2012-05-23,600519,-44.91,-43.9,-42.56,-45.94,24723,570787760.0,-7.53,2.21,0.99,0.24
2012-05-24,600519,-44.46,-52.36,-42.0,-54.31,53743,1201209536.0,-28.04,-19.27,-8.46,0.52
2012-05-25,600519,-52.36,-53.73,-51.84,-55.86,30569,667952256.0,-7.68,-2.62,-1.37,0.29
2012-05-28,600519,-54.2,-48.02,-47.68,-54.37,27834,618961104.0,-12.45,10.63,5.71,0.27
2012-05-30,600519,-46.35,-45.4,-44.31,-46.77,25701,587866128.0,-5.12,5.46,2.62,0.25
2012-05-31,600519,-45.78,-38.77,-37.84,-45.94,37367,877484816.0,-17.84,14.6,6.63,0.36
2012-06-01,600519,-37.68,-35.72,-33.55,-38.75,38504,923904352.0,-13.41,7.87,3.05,0.37
2012-06-04,600519,-37.68,-38.89,-33.56,-38.94,24328,581257504.0,-15.06,-8.87,-3.17,0.23
2012-06-05,600519,-38.11,-35.37,-34.54,-38.33,24561,588242224.0,-9.75,9.05,3.52,0.24
2012-06-06,600519,-35.2,-38.85,-34.37,-38.99,18729,445576928.0,-13.06,-9.84,-3.48,0.18
2012-06-07,600519,-37.36,-37.7,-35.48,-38.67,19677,470452064.0,-8.21,2.96,1.15,0.19
2012-06-08,600519,-36.85,-36.87,-35.88,-39.33,17286,411908848.0,-9.15,2.2,0.83,0.17
2012-06-11,600519,-36.94,-39.7,-35.84,-41.48,33061,780468480.0,-15.3,-7.68,-2.83,0.32
2012-06-12,600519,-40.81,-41.11,-38.93,-42.53,16373,382922352.0,-9.07,-3.55,-1.41,0.16
2012-06-13,600519,-40.57,-36.86,-36.7,-41.73,20463,485626128.0,-12.24,10.34,4.25,0.2
2012-06-14,600519,-37.68,-32.23,-31.24,-38.32,28705,698222400.0,-19.21,12.56,4.63,0.28
2012-06-15,600519,-31.88,-33.23,-30.73,-36.22,19860,483582928.0,-17.03,-3.1,-1.0,0.19
2012-06-18,600519,-33.21,-30.69,-29.16,-33.21,19538,482525472.0,-12.19,7.64,2.54,0.19
2012-06-19,600519,-31.8,-32.97,-29.27,-34.41,17300,423906512.0,-16.75,-7.43,-2.28,0.17
2012-06-20,600519,-32.86,-33.08,-32.4,-34.37,11393,277398320.0,-5.98,-0.33,-0.11,0.11
2012-06-21,600519,-33.08,-36.21,-33.05,-37.02,17034,409685072.0,-12.0,-9.46,-3.13,0.16
2012-06-25,600519,-37.6,-38.01,-34.41,-38.09,18434,440645792.0,-10.16,-4.97,-1.8,0.18
2012-06-26,600519,-38.34,-37.8,-36.95,-42.13,26122,615182464.0,-13.63,0.55,0.21,0.25
2012-06-27,600519,-37.68,-34.46,-34.12,-37.68,23257,559606592.0,-9.42,8.84,3.34,0.22
2012-06-28,600519,-34.47,-39.22,-34.37,-39.34,22213,529704800.0,-14.42,-13.81,-4.76,0.21
2012-06-29,600519,-39.85,-36.73,-35.2,-39.85,23224,555873152.0,-11.86,6.35,2.49,0.22
2012-07-02,600519,-36.03,-34.5,-31.94,-39.32,25731,622505568.0,-20.09,6.07,2.23,0.25
2012-07-03,600519,-34.95,-23.68,-23.63,-35.19,50159,1255671520.0,-33.51,31.36,10.82,0.48
2012-07-04,600519,-21.98,-20.6,-19.58,-26.11,45035,1155572208.0,-27.58,13.01,3.08,0.43
2012-07-05,600519,-23.14,-23.09,-21.16,-25.15,22749,572395280.0,-19.37,-12.09,-2.49,0.22
2012-07-06,600519,-22.85,-16.2,-14.56,-24.29,39159,1005403248.0,-42.14,29.84,6.89,0.38
2012-07-09,600519,-16.29,-20.55,-13.71,-20.63,28527,736832304.0,-42.72,-26.85,-4.35,0.27
2012-07-10,600519,-20.74,-24.13,-18.52,-24.57,26987,683253808.0,-29.44,-17.42,-3.58,0.26
2012-07-11,600519,-23.7,-17.84,-17.57,-25.8,32010,808688576.0,-34.11,26.07,6.29,0.31
2012-07-12,600519,-17.76,-19.45,-12.05,-20.33,37273,968810608.0,-46.41,-9.02,-1.61,0.36
2012-07-13,600519,-19.77,-13.96,-12.89,-20.08,29548,769107552.0,-36.97,28.23,5.49,0.28
2012-07-16,600519,-14.46,-14.33,-11.17,-14.62,29534,779744592.0,-24.71,-2.65,-0.37,0.28
2012-07-17,600519,-16.19,-21.35,-15.38,-21.72,36031,925218304.0,-44.24,-48.99,-7.02,0.35
2012-07-18,600519,-21.48,-28.62,-19.58,-32.81,74047,1815273728.0,-61.97,-34.05,-7.27,0.71
2012-07-19,600519,-29.43,-27.59,-25.66,-30.2,26581,654750768.0,-15.86,3.6,1.03,0.26
2012-07-20,600519,-28.19,-30.18,-23.85,-30.33,26055,644548784.0,-23.49,-9.39,-2.59,0.25
2012-07-23,600519,-32.82,-30.59,-29.86,-33.55,19811,477867232.0,-12.23,-1.36,-0.41,0.19
2012-07-24,600519,-32.22,-24.97,-21.0,-32.22,34372,853488544.0,-36.68,18.37,5.62,0.33
2012-07-25,600519,-24.46,-19.87,-19.67,-24.86,26170,664005632.0,-20.78,20.42,5.1,0.25
2012-07-26,600519,-20.41,-24.09,-16.61,-24.71,23419,594576400.0,-40.76,-21.24,-4.22,0.23
2012-07-27,600519,-23.73,-24.91,-22.81,-27.1,18422,458534528.0,-17.81,-3.4,-0.82,0.18
2012-07-30,600519,-25.08,-24.59,-22.31,-26.48,17495,439211392.0,-16.74,1.28,0.32,0.17
2012-07-31,600519,-24.87,-27.4,-21.15,-27.72,19466,487548464.0,-26.72,-11.43,-2.81,0.19
2012-08-01,600519,-27.62,-30.2,-25.59,-31.16,26715,654397920.0,-20.33,-10.22,-2.8,0.26
2012-08-02,600519,-30.15,-30.94,-28.19,-31.77,17055,414452976.0,-11.85,-2.45,-0.74,0.16
2012-08-03,600519,-30.66,-26.97,-26.94,-30.93,16473,403397232.0,-12.9,12.83,3.97,0.16
2012-08-06,600519,-27.24,-25.43,-24.79,-28.43,17321,428757456.0,-13.5,5.71,1.54,0.17
2012-08-07,600519,-25.43,-22.89,-22.17,-26.01,18119,454543104.0,-15.1,9.99,2.54,0.17
2012-08-08,600519,-22.43,-22.14,-21.15,-25.29,14893,375890832.0,-18.09,3.28,0.75,0.14
2012-08-09,600519,-22.97,-15.43,-14.83,-23.47,30672,789861696.0,-39.02,30.31,6.71,0.3
2012-08-10,600519,-23.63,-25.94,-20.57,-29.4,91226,2273430544.0,-57.23,-68.11,-10.51,0.88
2012-08-13,600519,-25.71,-26.11,-24.72,-27.1,23037,572237184.0,-9.18,-0.66,-0.17,0.22
2012-08-14,600519,-26.11,-26.52,-24.47,-28.59,18787,465808752.0,-15.78,-1.57,-0.41,0.18
2012-08-15,600519,-26.95,-29.31,-26.61,-29.83,22723,556345600.0,-12.14,-10.52,-2.79,0.22
2012-08-16,600519,-29.2,-33.32,-28.18,-33.49,31483,758259696.0,-18.12,-13.68,-4.01,0.3
2012-08-17,600519,-34.03,-41.3,-34.03,-42.23,59072,1365745648.0,-24.61,-23.95,-7.98,0.57
2012-08-20,600519,-41.31,-38.8,-38.77,-44.31,24052,554470080.0,-13.41,6.05,2.5,0.23
2012-08-21,600519,-38.78,-36.2,-32.81,-38.78,26323,624105408.0,-15.39,6.7,2.6,0.25
2012-08-22,600519,-35.27,-39.19,-35.27,-40.99,20423,473902048.0,-15.8,-8.26,-2.99,0.2
2012-08-23,600519,-39.42,-42.42,-39.42,-44.24,27956,639443952.0,-12.3,-8.24,-3.23,0.27
2012-08-24,600519,-43.29,-39.43,-38.58,-43.43,21676,500922592.0,-11.43,7.05,2.99,0.21
2012-08-27,600519,-40.57,-42.23,-40.47,-43.34,20899,478778016.0,-7.28,-7.1,-2.8,0.2
2012-08-28,600519,-41.81,-44.68,-40.51,-45.11,20295,461461664.0,-10.89,-5.8,-2.45,0.2
2012-08-29,600519,-45.12,-49.95,-45.12,-50.27,30426,674492576.0,-11.53,-11.79,-5.27,0.29
2012-08-30,600519,-51.74,-51.0,-49.92,-54.62,48349,1046698768.0,-9.41,-2.1,-1.05,0.47
2012-08-31,600519,-50.9,-49.45,-47.6,-51.57,22485,496296848.0,-7.78,3.04,1.55,0.22
2012-09-04,600519,-35.2,-38.15,-34.38,-40.16,111509,2606767792.0,-11.69,22.85,11.3,1.07
2012-09-05,600519,-38.92,-37.63,-36.88,-39.33,27490,643292496.0,-6.42,1.36,0.52,0.26
2012-09-06,600519,-37.48,-39.54,-37.27,-41.73,20794,481683552.0,-11.85,-5.08,-1.91,0.2
2012-09-07,600519,-38.34,-31.4,-30.24,-38.34,42813,1023079152.0,-20.49,20.59,8.14,0.41
2012-09-10,600519,-31.31,-31.33,-27.76,-33.32,28170,683513904.0,-17.71,0.22,0.07,0.27
2012-09-11,600519,-32.48,-32.95,-32.48,-34.39,16136,385605488.0,-6.1,-5.17,-1.62,0.16
2012-09-12,600519,-31.48,-32.51,-27.35,-33.63,29023,703237248.0,-19.06,1.34,0.44,0.28
2012-09-13,600519,-32.35,-32.74,-31.45,-34.13,14294,342849648.0,-8.24,-0.71,-0.23,0.14
2012-09-14,600519,-31.9,-28.79,-28.47,-33.46,24587,597041984.0,-15.24,12.06,3.95,0.24
2012-09-17,600519,-28.59,-31.65,-27.2,-31.73,20015,488152592.0,-15.73,-9.93,-2.86,0.19
2012-09-18,600519,-32.07,-32.45,-30.16,-33.14,18277,441080160.0,-9.42,-2.53,-0.8,0.18
2012-09-19,600519,-33.1,-39.7,-31.9,-40.86,40991,958082592.0,-27.61,-22.34,-7.25,0.39
2012-09-20,600519,-40.24,-41.78,-38.68,-41.9,21518,496309728.0,-8.11,-5.24,-2.08,0.21
2012-09-21,600519,-42.38,-40.5,-38.51,-42.54,15680,361373296.0,-9.65,3.06,1.28,0.15
2012-09-24,600519,-41.81,-39.04,-38.52,-42.57,17635,408195808.0,-10.0,3.6,1.46,0.17
2012-09-25,600519,-38.95,-33.95,-33.9,-39.75,26231,619272096.0,-14.98,13.04,5.09,0.25
2012-09-26,600519,-34.38,-36.14,-32.26,-37.93,20363,482230832.0,-16.7,-6.45,-2.19,0.2
2012-09-27,600519,-36.86,-32.15,-31.42,-37.24,27140,650222912.0,-16.1,11.04,3.99,0.26
2012-09-28,600519,-33.53,-27.93,-27.81,-33.55,31283,760146560.0,-17.85,13.13,4.22,0.3
2012-10-08,600519,-28.34,-32.77,-28.34,-34.81,23608,566527568.0,-23.17,-17.33,-4.84,0.23
2012-10-09,600519,-31.91,-29.29,-28.55,-32.69,23411,569554624.0,-12.63,10.62,3.48,0.23
2012-10-10,600519,-30.24,-29.57,-28.73,-32.1,13457,327126304.0,-11.51,-0.96,-0.28,0.13
2012-10-11,600519,-30.78,-31.13,-29.62,-31.79,10626,257483485.0,-7.34,-5.28,-1.56,0.1
2012-10-12,600519,-30.56,-29.82,-28.76,-31.29,11742,285916688.0,-8.13,4.21,1.31,0.11
2012-10-15,600519,-28.78,-28.0,-26.74,-28.78,18883,464547296.0,-6.84,6.1,1.82,0.18
2012-10-16,600519,-28.5,-24.62,-23.57,-28.5,27738,690466784.0,-17.61,12.07,3.38,0.27
2012-10-17,600519,-24.62,-25.47,-24.05,-26.19,15981,397637472.0,-8.69,-3.45,-0.85,0.15
2012-10-18,600519,-25.08,-23.45,-20.74,-25.29,22278,561905408.0,-17.86,7.93,2.02,0.21
2012-10-19,600519,-23.43,-21.98,-20.36,-23.43,18630,472389456.0,-13.09,6.27,1.47,0.18
2012-10-22,600519,-22.24,-24.01,-21.54,-26.28,19117,478244288.0,-21.57,-9.24,-2.03,0.18
2012-10-23,600519,-23.8,-28.84,-23.8,-28.92,18703,461008032.0,-21.32,-20.12,-4.83,0.18
2012-10-24,600519,-28.92,-27.53,-26.84,-29.33,10972,269652768.0,-8.63,4.54,1.31,0.11
2012-10-25,600519,-26.94,-27.71,-26.11,-29.17,9160,225725463.0,-11.12,-0.65,-0.18,0.09
2012-10-26,600519,-25.52,-31.9,-25.3,-32.67,24559,596652704.0,-26.6,-15.12,-4.19,0.24
2012-10-29,600519,-31.41,-31.22,-29.75,-33.51,14491,349849296.0,-11.79,2.13,0.68,0.14
2012-10-30,600519,-31.24,-28.94,-28.19,-31.72,15610,380664720.0,-11.31,7.3,2.28,0.15
2012-10-31,600519,-28.99,-26.66,-26.16,-29.71,15845,390460784.0,-12.27,7.88,2.28,0.15
2012-11-01,600519,-25.94,-24.95,-23.76,-27.48,18191,453437152.0,-13.95,6.41,1.71,0.18
2012-11-02,600519,-25.12,-25.81,-24.05,-27.53,16975,420531728.0,-13.95,-3.45,-0.86,0.16
2012-11-05,600519,-26.95,-30.31,-26.95,-31.73,22666,552311456.0,-18.52,-17.44,-4.5,0.22
2012-11-06,600519,-30.73,-36.09,-30.73,-36.44,41713,991450624.0,-18.84,-19.07,-5.78,0.4
2012-11-07,600519,-36.86,-34.81,-34.35,-36.86,16218,383915184.0,-6.95,3.55,1.28,0.16
2012-11-08,600519,-36.04,-37.6,-35.24,-37.81,16262,382711600.0,-7.38,-8.01,-2.79,0.16
2012-11-09,600519,-37.61,-37.01,-36.19,-37.96,11670,273825056.0,-4.71,1.57,0.59,0.11
2012-11-12,600519,-36.86,-39.78,-36.21,-41.9,20464,472928288.0,-15.37,-7.48,-2.77,0.2
2012-11-13,600519,-40.16,-42.59,-40.16,-44.54,20448,465306368.0,-11.01,-7.06,-2.81,0.2
2012-11-14,600519,-42.33,-40.45,-40.16,-43.88,12238,280680240.0,-8.73,5.02,2.14,0.12
2012-11-15,600519,-41.81,-43.26,-41.81,-44.02,11401,259657230.0,-5.46,-6.95,-2.81,0.11
2012-11-16,600519,-43.63,-45.62,-43.51,-47.19,19677,441363632.0,-8.51,-5.46,-2.36,0.19
2012-11-19,600519,-45.62,-54.17,-45.62,-58.43,70484,1508795040.0,-28.08,-18.74,-8.55,0.68
2012-11-20,600519,-55.16,-52.59,-50.62,-55.45,38078,820492576.0,-8.92,2.92,1.58,0.37
2012-11-21,600519,-52.68,-50.37,-49.42,-56.04,33335,719458144.0,-12.59,4.22,2.22,0.32
2012-11-22,600519,-59.58,-51.49,-51.35,-60.16,51521,1093946848.0,-17.49,-2.22,-1.12,0.5
2012-11-23,600519,-53.37,-47.41,-46.77,-53.38,29845,655947680.0,-12.84,7.92,4.08,0.29
2012-11-26,600519,-48.09,-51.69,-47.76,-52.97,21955,478884320.0,-10.99,-9.03,-4.28,0.21
2012-11-27,600519,-51.69,-49.45,-48.35,-52.41,20459,447807808.0,-7.85,4.33,2.24,0.2
2012-11-28,600519,-49.87,-50.58,-49.87,-51.73,15017,328018448.0,-3.76,-2.29,-1.13,0.14
2012-11-29,600519,-50.57,-49.85,-49.15,-50.79,15676,343521808.0,-3.24,1.44,0.73,0.15
2012-11-30,600519,-49.91,-52.55,-49.91,-54.86,21371,459310352.0,-9.93,-5.42,-2.7,0.21
2012-12-03,600519,-55.04,-65.62,-55.04,-66.57,79372,1620343232.0,-21.94,-24.87,-13.07,0.76
2012-12-04,600519,-69.9,-68.3,-65.8,-73.38,78705,1534594320.0,-11.55,-4.08,-2.68,0.76
2012-12-05,600519,-70.49,-68.56,-65.35,-75.18,111704,2172380160.0,-14.39,-0.38,-0.26,1.08
2012-12-06,600519,-68.92,-70.57,-68.26,-79.0,117562,2244829136.0,-15.67,-2.93,-2.01,1.13
2012-12-07,600519,-68.27,-66.78,-63.56,-68.61,99501,1983064736.0,-7.16,5.37,3.79,0.96
2012-12-11,600519,-67.02,-63.87,-59.17,-67.02,92233,1869715840.0,-11.76,4.36,2.91,0.89
2012-12-12,600519,-61.65,-55.98,-55.87,-63.71,64325,1327462832.0,-12.27,12.35,7.89,0.62
2012-12-13,600519,-57.61,-61.07,-53.4,-61.57,61996,1297953952.0,-14.59,-9.09,-5.09,0.6
2012-12-14,600519,-63.3,-59.24,-57.93,-67.02,78926,1609442080.0,-14.88,3.0,1.83,0.76
2012-12-17,600519,-60.82,-56.62,-54.49,-64.13,71361,1488539584.0,-16.27,4.42,2.62,0.69
2012-12-18,600519,-56.52,-53.77,-51.91,-56.55,46945,1005177392.0,-8.19,5.03,2.85,0.45
2012-12-19,600519,-54.93,-49.71,-48.43,-55.03,47570,1039482928.0,-12.27,7.55,4.06,0.46
2012-12-20,600519,-50.49,-50.57,-48.92,-52.9,34434,750851792.0,-8.01,-1.73,-0.86,0.33
2012-12-21,600519,-51.16,-52.06,-50.08,-52.7,25093,544719328.0,-5.18,-2.95,-1.49,0.24
2012-12-24,600519,-55.86,-62.0,-55.86,-65.78,100051,2054317648.0,-19.05,-19.09,-9.94,0.96
2012-12-25,600519,-63.38,-61.88,-60.1,-64.77,59534,1218659232.0,-7.53,0.19,0.12,0.57
2012-12-26,600519,-62.66,-61.44,-60.16,-63.54,44866,918674032.0,-5.46,0.71,0.44,0.43
2012-12-27,600519,-61.4,-59.52,-57.93,-62.69,60926,1259078000.0,-7.75,3.13,1.92,0.59
2012-12-28,600519,-59.5,-55.62,-52.9,-59.5,56589,1202787584.0,-11.09,6.55,3.9,0.55
2012-12-31,600519,-54.78,-58.33,-53.55,-60.53,51915,1085776112.0,-12.55,-4.87,-2.71,0.5
2013-01-04,600519,-55.86,-60.05,-55.86,-61.65,58370,1205796544.0,-9.93,-2.95,-1.72,0.56
2013-01-07,600519,-60.92,-62.24,-60.92,-63.71,41271,840359824.0,-4.65,-3.65,-2.19,0.4
2013-01-08,600519,-63.15,-56.82,-56.81,-63.15,65287,1362186176.0,-10.19,8.71,5.42,0.63
2013-01-09,600519,-56.28,-52.19,-51.19,-56.28,53749,1159330304.0,-8.96,8.15,4.63,0.52
2013-01-10,600519,-52.9,-53.8,-51.73,-55.04,30528,656830928.0,-6.34,-3.08,-1.61,0.29
2013-01-11,600519,-54.44,-56.48,-53.26,-57.62,37010,784542944.0,-8.1,-4.98,-2.68,0.36
2013-01-14,600519,-58.76,-58.0,-57.27,-63.46,68184,1410483968.0,-10.96,-2.69,-1.52,0.66
2013-01-15,600519,-58.52,-56.81,-55.78,-60.14,52635,1103130864.0,-7.52,2.05,1.19,0.51
2013-01-16,600519,-61.65,-60.82,-60.16,-62.74,69502,1427067088.0,-4.54,-7.06,-4.01,0.67
2013-01-17,600519,-61.66,-61.54,-59.43,-62.05,36202,744614976.0,-4.31,-1.18,-0.72,0.35
2013-01-18,600519,-60.7,-62.67,-60.43,-65.69,55318,1122848384.0,-8.55,-1.84,-1.13,0.53
2013-01-21,600519,-63.47,-68.0,-63.47,-68.84,74779,1482664896.0,-8.57,-8.5,-5.33,0.72
2013-01-22,600519,-69.24,-66.75,-66.0,-74.87,73815,1425054464.0,-13.04,1.84,1.25,0.71
2013-01-23,600519,-69.09,-66.62,-66.19,-70.9,51014,1006483568.0,-7.06,0.19,0.13,0.49
2013-01-24,600519,-67.52,-69.12,-65.7,-70.08,59474,1171137856.0,-6.57,-3.75,-2.5,0.57
2013-01-25,600519,-74.87,-74.83,-72.56,-77.27,80008,1508197808.0,-6.81,-8.26,-5.71,0.77
2013-01-28,600519,-77.35,-83.55,-75.86,-83.96,158291,2857092944.0,-10.82,-11.65,-8.72,1.52
2013-01-29,600519,-85.62,-83.83,-82.32,-88.92,115448,2034723440.0,-7.9,-0.34,-0.28,1.11
2013-01-30,600519,-84.75,-82.21,-80.25,-85.05,71377,1285436672.0,-5.73,1.93,1.62,0.69
2013-01-31,600519,-81.32,-83.22,-80.82,-84.15,37816,678384688.0,-4.05,-1.23,-1.01,0.36
2013-02-01,600519,-83.24,-83.15,-80.85,-83.94,45266,813241680.0,-3.71,0.08,0.07,0.44
2013-02-04,600519,-82.31,-86.33,-81.52,-87.27,64964,1142310992.0,-6.92,-3.82,-3.18,0.63
2013-02-05,600519,-86.48,-78.65,-78.59,-87.43,87825,1575281152.0,-10.24,8.9,7.68,0.85
2013-02-06,600519,-78.19,-79.06,-78.12,-80.66,46195,849026096.0,-3.23,-0.52,-0.41,0.44
2013-02-07,600519,-79.83,-78.04,-76.9,-81.22,48568,895061568.0,-5.46,1.29,1.02,0.47
2013-02-08,600519,-78.05,-75.81,-75.37,-78.76,41573,778273776.0,-4.34,2.86,2.23,0.4
2013-02-18,600519,-75.45,-82.57,-75.45,-83.14,56570,1024714896.0,-10.14,-8.92,-6.76,0.54
2013-02-19,600519,-83.15,-84.03,-81.82,-84.95,37738,673362432.0,-3.79,-1.77,-1.46,0.36
2013-02-20,600519,-84.79,-84.05,-82.33,-86.43,36582,650765312.0,-4.88,-0.02,-0.02,0.35
2013-02-21,600519,-86.25,-82.29,-78.01,-86.4,53833,974530656.0,-9.98,2.09,1.76,0.52
2013-02-22,600519,-81.48,-77.69,-76.86,-81.48,62864,1163340816.0,-5.61,5.59,4.6,0.61
2013-02-25,600519,-79.0,-81.41,-77.89,-82.09,34549,629472576.0,-5.41,-4.79,-3.72,0.33
2013-02-26,600519,-81.73,-84.48,-79.0,-84.52,43755,783158032.0,-6.78,-3.77,-3.07,0.42
2013-02-27,600519,-85.11,-84.98,-83.38,-85.98,34158,602608240.0,-3.08,-0.59,-0.5,0.33
2013-02-28,600519,-84.13,-86.44,-84.13,-88.92,56786,990766784.0,-5.64,-1.72,-1.46,0.55
2013-03-01,600519,-87.02,-87.42,-85.65,-88.1,38003,661720752.0,-2.83,-1.13,-0.98,0.37
2013-03-04,600519,-87.5,-86.67,-85.1,-87.5,52073,912360624.0,-2.75,0.86,0.75,0.5
2013-03-05,600519,-86.09,-86.44,-85.24,-87.38,36975,648668784.0,-2.47,0.27,0.23,0.36
2013-03-06,600519,-85.62,-84.61,-84.54,-87.56,49227,861725424.0,-3.49,2.12,1.83,0.47
2013-03-07,600519,-82.82,-79.12,-75.2,-82.87,85191,1573676096.0,-9.07,6.49,5.49,0.82
2013-03-08,600519,-77.34,-78.9,-76.11,-79.28,35960,667118432.0,-4.01,0.28,0.22,0.35
2013-03-11,600519,-79.17,-78.01,-77.76,-80.81,34965,642927312.0,-3.87,1.13,0.89,0.34
2013-03-12,600519,-77.35,-80.51,-77.27,-82.31,25394,465220576.0,-6.46,-3.2,-2.5,0.24
2013-03-13,600519,-80.33,-79.14,-77.33,-80.33,30770,567812080.0,-3.73,1.7,1.37,0.3
2013-03-14,600519,-80.24,-83.19,-78.37,-83.42,35124,635985856.0,-6.38,-5.12,-4.05,0.34
2013-03-15,600519,-84.36,-84.81,-81.73,-86.36,35961,639236960.0,-5.57,-1.95,-1.62,0.35
2013-03-18,600519,-84.87,-91.03,-84.87,-92.07,78232,1336285504.0,-8.49,-7.33,-6.22,0.75
2013-03-19,600519,-92.06,-94.56,-90.72,-95.11,63414,1052322592.0,-4.82,-3.88,-3.53,0.61
2013-03-20,600519,-94.49,-90.65,-90.09,-95.45,71895,1202347856.0,-5.67,4.13,3.91,0.69
2013-03-21,600519,-90.99,-93.24,-90.99,-94.05,65393,1091400976.0,-3.38,-2.86,-2.59,0.63
2013-03-22,600519,-93.48,-91.36,-90.66,-94.12,45579,767262032.0,-3.71,2.02,1.88,0.44
2013-03-25,600519,-91.4,-91.38,-89.94,-92.14,31966,541959904.0,-2.41,-0.02,-0.02,0.31
2013-03-26,600519,-91.32,-90.67,-89.57,-91.89,32480,551865776.0,-2.54,0.78,0.71,0.31
2013-03-27,600519,-90.57,-93.23,-90.24,-94.38,47662,795809840.0,-4.57,-2.82,-2.56,0.46
2013-03-28,600519,-93.81,-93.2,-92.08,-96.93,41491,685703920.0,-5.2,0.03,0.03,0.4
2013-03-29,600519,-92.85,-91.52,-90.93,-93.86,47717,802924384.0,-3.14,1.8,1.68,0.46
2013-04-01,600519,-92.15,-94.75,-91.85,-95.05,29129,483197216.0,-3.5,-3.53,-3.23,0.28
2013-04-02,600519,-94.62,-95.77,-93.9,-96.14,32525,534554080.0,-2.36,-1.08,-1.02,0.31
2013-04-03,600519,-95.8,-95.66,-94.71,-96.21,21991,360543776.0,-1.57,0.11,0.11,0.21
2013-04-08,600519,-97.07,-95.27,-94.71,-98.47,37733,613230368.0,-3.93,0.41,0.39,0.36
2013-04-09,600519,-95.62,-95.86,-94.79,-96.61,24195,396645808.0,-1.91,-0.62,-0.59,0.23
2013-04-10,600519,-95.53,-90.61,-89.66,-96.61,70858,1194391200.0,-7.25,5.48,5.25,0.68
2013-04-11,600519,-90.57,-91.47,-89.75,-91.98,29730,504695120.0,-2.46,-0.95,-0.86,0.29
2013-04-12,600519,-91.47,-88.73,-86.94,-91.81,59800,1032119616.0,-5.32,3.0,2.74,0.58
2013-04-15,600519,-88.7,-88.31,-87.55,-90.56,28337,487286256.0,-3.39,0.47,0.42,0.27
2013-04-16,600519,-90.57,-87.96,-86.28,-90.9,39138,676673440.0,-5.23,0.4,0.35,0.38
2013-04-17,600519,-87.6,-83.56,-83.33,-87.64,42974,760898352.0,-4.9,5.0,4.4,0.41
2013-04-18,600519,-84.62,-83.01,-82.31,-85.61,41957,749007264.0,-3.95,0.66,0.55,0.4
2013-04-19,600519,-82.81,-82.95,-82.41,-84.88,39238,701185040.0,-2.98,0.07,0.06,0.38
2013-04-22,600519,-83.22,-87.51,-83.22,-87.68,42746,747616496.0,-5.38,-5.5,-4.56,0.41
2013-04-23,600519,-87.68,-89.08,-86.46,-89.17,30953,535923152.0,-3.1,-1.79,-1.57,0.3
2013-04-24,600519,-88.74,-86.55,-86.44,-90.33,30403,525381344.0,-4.37,2.84,2.53,0.29
2013-04-25,600519,-87.25,-85.04,-84.33,-87.91,25360,446045072.0,-4.14,1.74,1.51,0.24
2013-04-26,600519,-84.45,-87.28,-83.96,-88.09,16308,285787936.0,-4.86,-2.63,-2.24,0.16
2013-05-02,600519,-88.09,-89.66,-88.05,-91.38,28587,489586432.0,-3.82,-2.73,-2.38,0.28
2013-05-03,600519,-89.09,-88.55,-87.25,-90.08,21461,369986944.0,-3.16,1.24,1.11,0.21
2013-05-06,600519,-88.09,-84.13,-83.98,-88.94,30196,529181408.0,-5.6,4.99,4.42,0.29
2013-05-07,600519,-83.12,-75.95,-75.42,-83.12,71021,1305178752.0,-9.15,9.72,8.18,0.68
2013-05-08,600519,-75.86,-74.96,-74.05,-77.24,42416,799534960.0,-4.2,1.3,0.99,0.41
2013-05-09,600519,-74.66,-68.11,-68.09,-74.66,70135,1370326176.0,-8.76,9.14,6.85,0.68
2013-05-10,600519,-68.25,-68.17,-65.02,-69.08,48777,970170016.0,-5.96,-0.09,-0.06,0.47
2013-05-13,600519,-68.17,-67.7,-64.46,-70.93,32579,645155888.0,-9.49,0.69,0.47,0.31
2013-05-14,600519,-69.0,-73.06,-68.18,-74.04,36432,701153968.0,-8.66,-7.92,-5.36,0.35
2013-05-15,600519,-73.32,-70.19,-68.54,-73.45,23264,452499712.0,-6.72,3.93,2.87,0.22
2013-05-16,600519,-70.73,-70.04,-65.36,-72.39,45462,893376384.0,-10.02,0.21,0.15,0.44
2013-05-17,600519,-70.67,-69.16,-68.71,-71.57,33557,654713520.0,-4.08,1.26,0.88,0.32
2013-05-20,600519,-68.43,-69.91,-67.04,-70.37,30944,605797984.0,-4.81,-1.08,-0.75,0.3
2013-05-21,600519,-70.01,-69.9,-69.29,-71.14,23102,449227072.0,-2.65,0.01,0.01,0.22
2013-05-22,600519,-69.38,-66.22,-65.29,-69.83,46150,917905232.0,-6.49,5.26,3.68,0.44
2013-05-23,600519,-66.11,-63.76,-60.42,-66.11,62247,1272531728.0,-8.59,3.71,2.46,0.6
2013-05-24,600519,-62.48,-65.01,-59.86,-65.78,45073,915894080.0,-9.28,-1.96,-1.25,0.43
2013-05-27,600519,-64.15,-64.43,-64.05,-67.43,26778,536544400.0,-5.2,0.89,0.58,0.26
2013-05-28,600519,-64.23,-64.01,-63.05,-66.15,23676,477386720.0,-4.81,0.65,0.42,0.23
2013-05-29,600519,-63.3,-64.55,-60.1,-64.67,32340,659505376.0,-7.14,-0.84,-0.54,0.31
2013-05-30,600519,-65.12,-65.57,-63.45,-66.6,25019,500916432.0,-4.88,-1.58,-1.02,0.24
2013-05-31,600519,-64.98,-68.18,-64.62,-68.26,24591,490984240.0,-5.55,-3.98,-2.61,0.24
2013-06-03,600519,-67.35,-64.06,-63.67,-68.11,40257,807356528.0,-6.51,6.04,4.12,0.39
2013-06-04,600519,-63.88,-64.38,-61.4,-64.42,42357,862313616.0,-4.71,-0.5,-0.32,0.41
2013-06-05,600519,-64.14,-64.81,-63.71,-66.13,23724,476555328.0,-3.76,-0.67,-0.43,0.23
2013-06-06,600519,-64.78,-64.41,-61.81,-64.78,33877,688473440.0,-4.58,0.62,0.4,0.33
2013-06-07,600519,-64.52,-63.57,-60.48,-65.84,25478,502253008.0,-8.32,1.3,0.84,0.25
2013-06-13,600519,-64.51,-64.85,-61.73,-67.08,44999,876852224.0,-8.42,-2.01,-1.28,0.43
2013-06-14,600519,-65.15,-65.42,-64.61,-69.09,32519,625711424.0,-6.91,-0.88,-0.57,0.31
2013-06-17,600519,-65.21,-69.17,-64.62,-69.39,29689,568914656.0,-7.29,-5.73,-3.75,0.29
2013-06-18,600519,-69.43,-67.38,-67.25,-71.62,27378,516512032.0,-6.32,2.59,1.79,0.26
2013-06-19,600519,-68.01,-64.75,-64.19,-70.23,28909,556142176.0,-8.96,3.9,2.63,0.28
2013-06-20,600519,-65.05,-67.3,-64.21,-68.24,25587,493350640.0,-6.22,-3.94,-2.55,0.25
2013-06-21,600519,-68.71,-67.77,-63.88,-70.81,39654,762942576.0,-10.3,-0.7,-0.47,0.38
2013-06-24,600519,-67.41,-72.36,-67.09,-72.72,40807,765344880.0,-8.31,-6.77,-4.59,0.39
2013-06-25,600519,-72.41,-68.87,-68.49,-80.29,51352,952843632.0,-16.31,4.82,3.49,0.49
2013-06-26,600519,-69.99,-69.8,-68.89,-73.05,32903,613847376.0,-6.04,-1.35,-0.93,0.32
2013-06-27,600519,-69.8,-69.09,-66.8,-70.32,34136,651525216.0,-5.04,1.02,0.71,0.33
2013-06-28,600519,-69.69,-66.78,-65.88,-69.69,28070,540002736.0,-5.51,3.34,2.31,0.27
2013-07-01,600519,-67.06,-65.19,-64.63,-67.9,25829,498364208.0,-4.9,2.38,1.59,0.25
2013-07-02,600519,-65.21,-62.17,-61.31,-66.58,33453,656544864.0,-8.08,4.63,3.02,0.32
2013-07-03,600519,-61.39,-62.15,-60.64,-63.67,35425,702154064.0,-4.87,0.03,0.02,0.34
2013-07-04,600519,-62.9,-63.27,-60.59,-63.3,24215,480333712.0,-4.36,-1.8,-1.12,0.23
2013-07-05,600519,-63.04,-62.86,-61.0,-63.04,17780,351961200.0,-3.22,0.65,0.41,0.17
2013-07-08,600519,-63.05,-64.48,-62.22,-66.26,24114,471887312.0,-6.43,-2.58,-1.62,0.23
2013-07-09,600519,-63.53,-67.05,-63.53,-68.15,20234,390495520.0,-7.17,-3.99,-2.57,0.19
2013-07-10,600519,-67.74,-65.57,-65.35,-69.66,33245,635969696.0,-6.43,2.21,1.48,0.32
2013-07-11,600519,-64.98,-63.81,-63.37,-67.06,46057,897968912.0,-5.63,2.68,1.76,0.44
2013-07-12,600519,-64.52,-69.72,-63.15,-69.81,42992,823551968.0,-10.44,-9.26,-5.91,0.41
2013-07-15,600519,-69.25,-70.43,-68.66,-72.93,36607,683259584.0,-6.12,-1.02,-0.71,0.35
2013-07-16,600519,-70.26,-67.96,-67.68,-72.46,37011,698456704.0,-6.79,3.51,2.47,0.36
2013-07-17,600519,-68.33,-71.29,-68.09,-71.38,27388,517180736.0,-4.84,-4.9,-3.33,0.26
2013-07-18,600519,-71.22,-72.81,-70.85,-73.95,25700,475329680.0,-4.35,-2.13,-1.52,0.25
2013-07-19,600519,-72.86,-80.3,-72.86,-81.53,73319,1309145808.0,-11.91,-10.29,-7.49,0.71
2013-07-22,600519,-80.59,-81.24,-79.41,-82.75,27062,472471728.0,-4.16,-1.17,-0.94,0.26
2013-07-23,600519,-80.37,-77.34,-76.77,-81.15,28756,513622528.0,-5.39,4.8,3.9,0.28
2013-07-24,600519,-77.5,-81.45,-77.5,-82.71,44067,772480656.0,-6.74,-5.31,-4.11,0.42
2013-07-25,600519,-80.81,-78.05,-77.17,-81.72,39541,701690240.0,-5.59,4.17,3.4,0.38
2013-07-26,600519,-79.48,-81.16,-78.82,-81.22,19046,334279504.0,-3.07,-3.98,-3.11,0.18
2013-07-29,600519,-81.73,-84.18,-81.73,-84.44,26883,462873568.0,-3.34,-3.72,-3.02,0.26
2013-07-30,600519,-85.02,-86.57,-84.21,-88.91,42114,708812320.0,-5.58,-2.84,-2.39,0.41
2013-07-31,600519,-85.53,-86.51,-84.28,-87.17,14590,246901546.0,-3.34,0.07,0.06,0.14
2013-08-01,600519,-85.29,-83.71,-83.2,-86.05,24853,426199168.0,-3.29,3.24,2.8,0.24
2013-08-02,600519,-82.96,-80.29,-78.53,-83.05,29241,514840304.0,-5.4,4.09,3.42,0.28
2013-08-05,600519,-80.29,-80.72,-79.67,-82.05,18065,316638080.0,-2.96,-0.54,-0.43,0.17
2013-08-06,600519,-82.02,-80.95,-80.72,-83.04,26562,462053664.0,-2.87,-0.28,-0.23,0.26
2013-08-07,600519,-81.3,-80.0,-78.11,-82.19,28378,501679184.0,-5.04,1.17,0.95,0.27
2013-08-08,600519,-79.96,-81.0,-79.19,-81.63,16077,282184720.0,-3.05,-1.25,-1.0,0.15
2013-08-09,600519,-80.77,-82.93,-80.24,-84.49,22889,396239808.0,-5.25,-2.38,-1.93,0.22
2013-08-12,600519,-82.96,-78.4,-78.3,-83.19,39390,692000832.0,-5.9,5.46,4.53,0.38
2013-08-13,600519,-78.65,-77.05,-76.59,-79.9,25436,453549744.0,-4.22,1.72,1.35,0.25
2013-08-14,600519,-77.1,-78.09,-75.07,-78.33,21722,392821872.0,-4.23,-1.35,-1.04,0.21
2013-08-15,600519,-77.95,-79.1,-76.01,-79.16,15366,274789280.0,-4.03,-1.29,-1.01,0.15
2013-08-16,600519,-79.05,-81.63,-76.18,-81.92,34974,617783344.0,-7.26,-3.2,-2.53,0.34
2013-08-19,600519,-80.81,-81.0,-80.39,-82.79,19358,337652096.0,-2.94,0.77,0.63,0.19
2013-08-20,600519,-81.84,-82.29,-81.14,-83.04,31251,541646640.0,-2.35,-1.59,-1.29,0.3
2013-08-21,600519,-81.13,-81.39,-81.01,-83.29,23103,401820448.0,-2.77,1.09,0.9,0.22
2013-08-22,600519,-81.47,-81.07,-79.75,-81.95,15502,272139856.0,-2.7,0.39,0.32,0.15
2013-08-23,600519,-80.34,-82.8,-80.33,-84.03,19530,338959488.0,-4.56,-2.13,-1.73,0.19
2013-08-26,600519,-82.7,-82.01,-81.14,-83.62,16885,293255616.0,-3.0,0.95,0.79,0.16
2013-08-27,600519,-82.15,-82.67,-82.15,-83.62,24437,422029088.0,-1.79,-0.8,-0.66,0.24
2013-08-28,600519,-83.48,-85.35,-83.48,-85.62,30603,521639360.0,-2.59,-3.24,-2.68,0.29
2013-08-29,600519,-85.27,-86.53,-84.99,-86.83,21804,368545680.0,-2.16,-1.38,-1.18,0.21
2013-08-30,600519,-86.53,-86.28,-86.1,-87.29,25861,435606368.0,-1.38,0.29,0.25,0.25
2013-09-02,600519,-92.87,-100.21,-92.87,-100.23,224971,3438418528.0,-8.53,-16.15,-13.93,2.17
2013-09-03,600519,-100.97,-100.43,-99.48,-102.62,123211,1855978592.0,-3.13,-0.22,-0.22,1.19
2013-09-04,600519,-100.15,-100.06,-98.86,-100.48,76790,1171694800.0,-1.61,0.37,0.37,0.74
2013-09-05,600519,-100.26,-101.58,-99.48,-102.38,71283,1070129376.0,-2.9,-1.52,-1.52,0.69
2013-09-06,600519,-101.72,-101.57,-101.05,-101.99,37784,567391472.0,-0.93,0.01,0.01,0.36
2013-09-09,600519,-100.97,-101.01,-100.54,-101.9,69271,1042258768.0,-1.34,0.55,0.56,0.67
2013-09-10,600519,-101.14,-100.46,-100.24,-101.73,54093,816720656.0,-1.48,0.54,0.55,0.52
2013-09-11,600519,-100.35,-99.67,-99.5,-101.8,69013,1045733440.0,-2.29,0.79,0.79,0.66
2013-09-12,600519,-99.62,-100.37,-99.15,-100.8,47723,725740672.0,-1.66,-0.7,-0.7,0.46
2013-09-13,600519,-100.4,-100.13,-98.1,-100.43,68255,1044001952.0,-2.32,0.24,0.24,0.66
2013-09-16,600519,-99.63,-102.09,-99.63,-102.14,58877,889024064.0,-2.51,-1.96,-1.96,0.57
2013-09-17,600519,-102.62,-108.99,-102.46,-109.64,109058,1571781600.0,-7.03,-6.76,-6.9,1.05
2013-09-18,600519,-109.24,-108.49,-108.1,-110.48,67318,949223072.0,-2.18,0.46,0.5,0.65
2013-09-23,600519,-108.42,-109.39,-108.41,-110.02,65410,921212144.0,-1.48,-0.83,-0.9,0.63
2013-09-24,600519,-109.24,-112.71,-108.19,-112.79,98819,1371542704.0,-4.21,-3.04,-3.32,0.95
2013-09-25,600519,-112.91,-114.06,-112.13,-115.83,69789,943851488.0,-3.28,-1.2,-1.35,0.67
2013-09-26,600519,-115.02,-113.85,-113.19,-115.02,47228,638421040.0,-1.6,0.18,0.21,0.45
2013-09-27,600519,-113.79,-114.97,-113.24,-115.19,34639,465617872.0,-1.71,-0.98,-1.12,0.33
2013-09-30,600519,-115.08,-113.42,-113.11,-115.42,50461,681360336.0,-2.01,1.35,1.55,0.49
2013-10-08,600519,-113.57,-112.81,-112.21,-114.86,56867,773294160.0,-2.34,0.54,0.61,0.55
2013-10-09,600519,-112.87,-112.55,-112.21,-113.53,40815,557664496.0,-1.17,0.23,0.26,0.39
2013-10-10,600519,-112.54,-112.51,-112.23,-113.16,29046,397207808.0,-0.83,0.04,0.04,0.28
2013-10-11,600519,-113.95,-112.11,-111.86,-113.95,36456,499830912.0,-1.86,0.36,0.4,0.35
2013-10-14,600519,-111.76,-110.35,-110.29,-112.28,55275,767129552.0,-1.78,1.57,1.76,0.53
2013-10-15,600519,-110.28,-106.55,-106.1,-110.82,69278,986261712.0,-4.28,3.44,3.8,0.67
2013-10-16,600519,-104.86,-106.56,-103.7,-108.33,94813,1382754192.0,-4.35,-0.01,-0.01,0.91
2013-10-17,600519,-106.27,-106.6,-105.27,-107.17,48621,703391968.0,-1.78,-0.04,-0.04,0.47
2013-10-18,600519,-106.35,-107.6,-106.0,-108.41,35575,510349744.0,-2.26,-0.94,-1.0,0.34
2013-10-21,600519,-107.16,-105.86,-105.68,-108.24,47023,677908672.0,-2.38,1.62,1.74,0.45
2013-10-22,600519,-106.1,-107.24,-106.1,-107.79,24581,353140640.0,-1.6,-1.3,-1.38,0.24
2013-10-23,600519,-107.37,-107.01,-106.19,-108.24,26215,375070080.0,-1.91,0.21,0.23,0.25
2013-10-24,600519,-107.34,-107.0,-106.78,-107.83,26255,376580496.0,-0.98,0.01,0.01,0.25
2013-10-25,600519,-107.58,-112.77,-107.58,-113.7,58584,807380208.0,-5.72,-5.39,-5.77,0.56
2013-10-28,600519,-113.55,-115.05,-112.73,-115.63,32141,431472144.0,-2.57,-2.02,-2.28,0.31
2013-10-29,600519,-114.9,-116.01,-114.48,-117.09,35183,468246864.0,-2.27,-0.83,-0.96,0.34
2013-10-30,600519,-115.86,-116.19,-115.6,-116.71,25343,335579616.0,-0.96,-0.16,-0.18,0.24
2013-10-31,600519,-116.14,-114.1,-112.95,-116.26,34893,471033936.0,-2.85,1.8,2.09,0.34
2013-11-01,600519,-114.75,-114.05,-113.5,-115.19,22154,299057616.0,-1.48,0.04,0.05,0.21
2013-11-04,600519,-113.82,-113.09,-112.57,-113.97,19436,264834002.0,-1.23,0.84,0.96,0.19
2013-11-05,600519,-113.53,-111.62,-111.39,-114.44,27843,381603616.0,-2.7,1.3,1.47,0.27
2013-11-06,600519,-111.48,-110.35,-109.23,-112.13,44449,619496992.0,-2.6,1.14,1.27,0.43
2013-11-07,600519,-110.59,-110.91,-110.16,-112.79,21359,294635360.0,-2.38,-0.51,-0.56,0.21
2013-11-08,600519,-111.22,-113.25,-110.07,-113.36,21537,298492272.0,-2.97,-2.11,-2.34,0.21
2013-11-11,600519,-111.72,-110.43,-108.67,-113.22,52329,729491568.0,-4.02,2.49,2.82,0.5
2013-11-12,600519,-110.54,-106.06,-105.64,-110.85,69478,997440464.0,-4.72,3.96,4.37,0.67
2013-11-13,600519,-106.68,-106.16,-104.73,-107.5,31881,460888128.0,-2.61,-0.09,-0.1,0.31
2013-11-14,600519,-105.93,-106.7,-105.93,-108.67,24042,344294688.0,-2.58,-0.51,-0.54,0.23
2013-11-15,600519,-106.97,-107.22,-106.24,-108.33,33598,481165008.0,-1.96,-0.49,-0.52,0.32
2013-11-18,600519,-106.76,-107.18,-106.05,-107.75,41572,596980144.0,-1.59,0.04,0.04,0.4
2013-11-19,600519,-107.17,-107.73,-106.59,-108.99,41167,588099504.0,-2.24,-0.51,-0.55,0.4
2013-11-20,600519,-107.8,-108.36,-107.65,-108.91,25518,362889664.0,-1.17,-0.58,-0.63,0.25
2013-11-21,600519,-108.67,-111.17,-108.17,-111.26,32992,459524464.0,-2.85,-2.59,-2.81,0.32
2013-11-22,600519,-111.17,-111.33,-110.6,-111.73,28111,389528912.0,-1.02,-0.14,-0.16,0.27
2013-11-25,600519,-111.9,-109.29,-108.53,-112.11,26181,367831840.0,-3.22,1.83,2.04,0.25
2013-11-26,600519,-109.24,-110.08,-108.54,-110.24,16406,230259508.0,-1.56,-0.72,-0.79,0.16
2013-11-27,600519,-110.07,-110.1,-109.08,-111.22,15680,219358339.0,-1.94,-0.02,-0.02,0.15
2013-11-28,600519,-110.08,-108.55,-107.87,-110.08,22241,315027616.0,-2.01,1.41,1.55,0.21
2013-11-29,600519,-109.24,-108.87,-108.7,-110.13,20424,287184368.0,-1.32,-0.29,-0.32,0.2
2013-12-02,600519,-110.05,-112.72,-109.84,-112.96,42892,591853936.0,-2.87,-3.54,-3.85,0.41
2013-12-03,600519,-112.91,-112.06,-111.78,-113.91,32882,448934464.0,-1.89,0.59,0.66,0.32
2013-12-04,600519,-112.16,-111.32,-110.87,-112.9,33510,463071200.0,-1.81,0.66,0.74,0.32
2013-12-05,600519,-111.35,-112.55,-111.35,-112.58,19326,265765318.0,-1.1,-1.1,-1.23,0.19
2013-12-06,600519,-112.73,-111.1,-110.81,-113.37,29151,402741312.0,-2.27,1.29,1.45,0.28
2013-12-09,600519,-111.22,-111.77,-111.14,-113.37,25372,347999968.0,-2.01,-0.6,-0.67,0.24
2013-12-10,600519,-112.12,-112.58,-111.8,-113.2,25393,347805552.0,-1.25,-0.72,-0.81,0.24
2013-12-11,600519,-112.66,-113.05,-112.05,-113.23,19868,271716032.0,-1.05,-0.42,-0.47,0.19
2013-12-12,600519,-113.1,-113.04,-112.26,-113.2,18307,250384797.0,-0.83,0.01,0.01,0.18
2013-12-13,600519,-113.18,-113.04,-112.22,-113.19,19267,263371186.0,-0.86,0.0,0.0,0.19
2013-12-16,600519,-113.36,-115.87,-113.02,-115.96,32869,439536256.0,-2.6,-2.5,-2.83,0.32
2013-12-17,600519,-115.89,-115.67,-114.42,-116.34,15641,209082464.0,-1.66,0.17,0.2,0.15
2013-12-18,600519,-115.86,-116.27,-115.43,-116.42,20105,266750697.0,-0.86,-0.52,-0.6,0.19
2013-12-19,600519,-115.61,-117.38,-115.52,-117.42,17813,235156558.0,-1.63,-0.95,-1.11,0.17
2013-12-20,600519,-117.29,-121.1,-116.88,-121.63,38556,495862864.0,-4.05,-3.17,-3.72,0.37
2013-12-23,600519,-121.28,-121.21,-120.28,-121.53,19223,243709867.0,-1.03,-0.09,-0.11,0.19
2013-12-24,600519,-120.81,-121.13,-120.23,-121.32,27897,354505536.0,-0.9,0.07,0.08,0.27
2013-12-25,600519,-120.81,-121.42,-120.5,-121.72,18439,233016830.0,-1.01,-0.24,-0.29,0.18
2013-12-26,600519,-121.63,-122.67,-121.44,-123.17,34156,427007200.0,-1.42,-1.03,-1.25,0.33
2013-12-27,600519,-122.29,-121.47,-120.62,-122.67,25455,321517728.0,-1.67,0.98,1.2,0.25
2013-12-30,600519,-121.26,-122.91,-120.82,-123.29,32167,401569200.0,-2.03,-1.19,-1.44,0.31
2013-12-31,600519,-123.29,-119.67,-118.9,-124.53,57546,730676608.0,-4.58,2.64,3.24,0.55
2014-01-02,600519,-119.99,-121.65,-119.99,-121.96,21977,277430224.0,-1.65,-1.65,-1.98,0.21
2014-01-03,600519,-122.25,-123.3,-121.8,-123.92,23342,288934608.0,-1.74,-1.36,-1.65,0.22
2014-01-06,600519,-124.21,-125.99,-122.54,-126.01,30229,367274768.0,-2.81,-2.18,-2.69,0.29
2014-01-07,600519,-126.5,-126.13,-125.48,-127.25,18039,216936563.0,-1.4,-0.11,-0.14,0.17
2014-01-08,600519,-126.19,-127.09,-125.62,-128.24,31990,380752976.0,-2.08,-0.76,-0.96,0.31
2014-01-09,600519,-127.42,-127.14,-125.1,-127.75,47887,575090336.0,-2.09,-0.04,-0.05,0.46
2014-01-10,600519,-127.41,-127.19,-126.24,-128.2,21127,251742737.0,-1.54,-0.04,-0.05,0.2
2014-01-13,600519,-127.17,-126.68,-124.67,-127.35,37646,454274352.0,-2.11,0.4,0.51,0.36
2014-01-14,600519,-126.43,-125.51,-125.11,-127.5,23475,282925552.0,-1.89,0.92,1.17,0.23
2014-01-15,600519,-126.17,-127.62,-125.64,-128.2,19721,235363881.0,-2.04,-1.68,-2.11,0.19
2014-01-16,600519,-127.54,-124.95,-124.57,-127.63,39120,474484848.0,-2.4,2.09,2.67,0.38
2014-01-17,600519,-125.1,-126.34,-124.4,-126.49,32364,393324784.0,-1.67,-1.11,-1.39,0.31
2014-01-20,600519,-125.02,-120.98,-120.56,-125.75,60091,751598256.0,-4.11,4.24,5.36,0.58
2014-01-21,600519,-121.63,-120.81,-119.39,-122.17,35405,451224688.0,-2.3,0.14,0.17,0.34
2014-01-22,600519,-120.82,-114.88,-114.35,-121.39,73668,975900192.0,-5.83,4.91,5.93,0.71
2014-01-23,600519,-114.87,-114.95,-113.86,-116.87,40258,538497408.0,-2.62,-0.06,-0.07,0.39
2014-01-24,600519,-115.43,-113.78,-113.62,-116.25,35781,482834464.0,-2.29,1.02,1.17,0.34
2014-01-27,600519,-114.29,-109.44,-106.94,-114.48,83511,1170783936.0,-6.63,3.81,4.34,0.8
2014-01-28,600519,-109.64,-110.71,-108.41,-112.13,36401,508739360.0,-3.4,-1.16,-1.27,0.35
2014-01-29,600519,-110.24,-112.53,-109.19,-112.96,31520,434136672.0,-3.41,-1.64,-1.82,0.3
2014-01-30,600519,-112.96,-116.51,-112.58,-117.5,37223,496967648.0,-4.37,-3.54,-3.98,0.36
2014-02-07,600519,-116.62,-115.11,-114.51,-117.45,23866,317924208.0,-2.52,1.2,1.4,0.23
2014-02-10,600519,-115.02,-115.96,-114.69,-117.62,36252,479835312.0,-2.55,-0.74,-0.85,0.35
2014-02-11,600519,-116.01,-114.99,-113.72,-116.59,43007,578123056.0,-2.47,0.84,0.97,0.41
2014-02-12,600519,-114.86,-114.9,-114.22,-115.59,19283,258332741.0,-1.19,0.08,0.09,0.19
2014-02-13,600519,-115.0,-113.64,-111.39,-115.01,38567,528398496.0,-3.15,1.1,1.26,0.37
2014-02-14,600519,-113.87,-107.67,-107.58,-113.87,67410,946589744.0,-5.54,5.25,5.97,0.65
2014-02-17,600519,-106.67,-101.81,-100.98,-106.67,87465,1301703984.0,-5.28,5.44,5.86,0.84
2014-02-18,600519,-102.26,-104.27,-102.26,-105.0,33640,496116912.0,-2.69,-2.42,-2.46,0.32
2014-02-19,600519,-104.24,-102.19,-100.16,-104.24,31483,472702784.0,-3.91,1.99,2.08,0.3
2014-02-20,600519,-102.21,-102.63,-100.49,-103.45,23189,346513536.0,-2.9,-0.43,-0.44,0.22
2014-02-21,600519,-103.45,-102.56,-101.67,-103.63,34125,508426624.0,-1.91,0.07,0.07,0.33
2014-02-24,600519,-102.54,-103.77,-100.91,-105.43,31179,463140896.0,-4.41,-1.18,-1.21,0.3
2014-02-25,600519,-103.45,-108.1,-103.12,-109.24,46280,662701584.0,-5.9,-4.17,-4.33,0.45
2014-02-26,600519,-109.6,-108.39,-105.95,-110.85,26514,377024800.0,-4.53,-0.27,-0.29,0.26
2014-02-27,600519,-108.29,-105.97,-105.28,-110.05,25646,367761888.0,-4.4,2.23,2.42,0.25
2014-02-28,600519,-105.93,-101.78,-101.14,-105.97,41926,626931552.0,-4.56,3.95,4.19,0.4
2014-03-03,600519,-101.8,-97.72,-97.67,-103.18,48817,745535040.0,-5.41,3.99,4.06,0.47
2014-03-04,600519,-100.05,-98.99,-94.12,-100.15,50867,795957008.0,-6.17,-1.3,-1.27,0.49
2014-03-05,600519,-98.47,-93.67,-93.54,-100.15,47212,741663984.0,-6.68,5.37,5.32,0.45
2014-03-06,600519,-93.36,-91.88,-91.63,-96.01,42741,684035152.0,-4.68,1.91,1.79,0.41
2014-03-07,600519,-91.88,-89.0,-87.58,-93.5,58110,952251168.0,-6.44,3.13,2.88,0.56
2014-03-10,600519,-89.57,-96.06,-88.74,-98.47,49985,797666912.0,-10.93,-7.93,-7.06,0.48
2014-03-11,600519,-96.84,-91.73,-90.56,-97.58,38561,619885232.0,-7.31,4.51,4.33,0.37
2014-03-12,600519,-92.64,-94.75,-90.56,-97.02,36764,582653264.0,-7.04,-3.29,-3.02,0.35
2014-03-13,600519,-95.52,-89.51,-89.32,-95.92,42638,695571568.0,-6.97,5.53,5.24,0.41
2014-03-14,600519,-90.18,-90.34,-88.58,-92.05,24934,407076144.0,-3.88,-0.93,-0.83,0.24
2014-03-17,600519,-89.4,-88.19,-88.03,-91.87,32199,529609728.0,-4.25,2.38,2.15,0.31
2014-03-18,600519,-86.67,-84.18,-80.15,-86.67,59474,1030329360.0,-7.39,4.55,4.01,0.57
2014-03-19,600519,-85.35,-81.66,-81.14,-86.1,35366,613576544.0,-5.89,2.99,2.52,0.34
2014-03-20,600519,-81.72,-85.95,-81.55,-86.1,33895,579777920.0,-5.57,-5.25,-4.29,0.33
2014-03-21,600519,-86.56,-84.11,-83.63,-88.99,40319,680945760.0,-6.24,2.14,1.84,0.39
2014-03-24,600519,-84.44,-84.2,-80.53,-85.35,26321,453477904.0,-5.73,-0.11,-0.09,0.25
2014-03-25,600519,-86.59,-87.91,-86.59,-97.18,62404,1024298848.0,-12.58,-4.41,-3.71,0.6
2014-03-26,600519,-89.32,-94.78,-88.48,-94.89,57376,927285408.0,-7.29,-7.81,-6.87,0.55
2014-03-27,600519,-95.47,-95.47,-92.87,-96.51,38045,603835728.0,-3.84,-0.73,-0.69,0.37
2014-03-28,600519,-95.34,-99.62,-94.37,-100.96,48273,740132768.0,-6.9,-4.35,-4.15,0.46
2014-03-31,600519,-100.14,-97.91,-95.7,-100.15,30584,473939136.0,-4.47,1.72,1.71,0.29
2014-04-01,600519,-97.91,-91.48,-91.43,-98.16,34047,544622704.0,-6.87,6.57,6.43,0.33
2014-04-02,600519,-91.27,-88.87,-85.55,-92.68,46698,777378720.0,-7.79,2.85,2.61,0.45
2014-04-03,600519,-87.29,-89.15,-87.18,-90.64,26918,444348448.0,-3.89,-0.32,-0.28,0.26
2014-04-04,600519,-89.69,-90.18,-89.15,-92.71,23207,377896960.0,-3.99,-1.16,-1.03,0.22
2014-04-08,600519,-90.29,-89.78,-89.05,-92.7,25927,423934496.0,-4.05,0.44,0.4,0.25
2014-04-09,600519,-89.39,-90.77,-88.05,-91.77,21619,354031808.0,-4.14,-1.1,-0.99,0.21
2014-04-10,600519,-90.83,-85.67,-84.43,-93.95,54178,897611264.0,-10.49,5.62,5.1,0.52
2014-04-11,600519,-83.62,-80.24,-77.34,-83.62,90226,1593651872.0,-7.33,6.34,5.43,0.87
2014-04-14,600519,-81.39,-81.67,-79.23,-82.79,26824,469646912.0,-4.44,-1.78,-1.43,0.26
2014-04-15,600519,-82.62,-81.56,-80.42,-82.62,25880,452432800.0,-2.69,0.13,0.11,0.25
2014-04-16,600519,-82.21,-84.43,-81.5,-85.11,22041,379301952.0,-4.43,-3.52,-2.87,0.21
2014-04-17,600519,-84.61,-80.97,-80.31,-85.1,29744,517914688.0,-5.67,4.1,3.46,0.29
2014-04-18,600519,-81.14,-80.88,-78.85,-82.54,19601,344825520.0,-4.56,0.11,0.09,0.19
2014-04-21,600519,-81.96,-83.58,-80.33,-83.62,18334,318935968.0,-4.07,-3.34,-2.7,0.18
2014-04-22,600519,-83.62,-83.51,-81.03,-84.01,22345,387206384.0,-3.57,0.08,0.07,0.22
2014-04-23,600519,-83.55,-80.26,-79.91,-83.59,33756,592119536.0,-4.41,3.89,3.25,0.33
2014-04-24,600519,-80.19,-80.51,-79.72,-82.21,12581,220213004.0,-3.1,-0.31,-0.25,0.12
2014-04-25,600519,-86.94,-89.66,-86.92,-92.05,95877,1581409280.0,-6.37,-11.37,-9.15,0.92
2014-04-28,600519,-91.81,-91.23,-89.77,-93.69,33029,535511088.0,-4.37,-1.75,-1.57,0.32
2014-04-29,600519,-91.22,-90.57,-89.0,-91.49,27996,459181200.0,-2.73,0.72,0.66,0.27
2014-04-30,600519,-90.27,-90.33,-89.99,-91.44,19221,314017280.0,-1.6,0.26,0.24,0.19
2014-05-05,600519,-90.64,-93.33,-90.64,-95.95,36743,585326688.0,-5.88,-3.32,-3.0,0.35
2014-05-06,600519,-93.53,-92.88,-91.3,-93.53,13623,219512505.0,-2.39,0.48,0.45,0.13
2014-05-07,600519,-92.2,-92.99,-92.2,-93.86,11961,192090276.0,-1.79,-0.12,-0.11,0.12
2014-05-08,600519,-92.87,-92.98,-91.48,-93.19,14698,237490046.0,-1.84,0.01,0.01,0.14
2014-05-09,600519,-92.99,-93.02,-91.63,-93.29,16721,269803728.0,-1.79,-0.04,-0.04,0.16
2014-05-12,600519,-91.64,-92.78,-91.63,-93.95,26195,420667488.0,-2.49,0.26,0.24,0.25
2014-05-13,600519,-92.9,-92.92,-92.2,-93.9,15939,256197646.0,-1.83,-0.15,-0.14,0.15
2014-05-14,600519,-93.54,-97.44,-92.77,-98.48,34017,534826240.0,-6.15,-4.86,-4.52,0.33
2014-05-15,600519,-97.68,-96.72,-95.95,-98.08,16983,264995351.0,-2.19,0.74,0.72,0.16
2014-05-16,600519,-96.72,-97.53,-95.93,-97.94,18467,286938912.0,-2.08,-0.84,-0.81,0.18
2014-05-19,600519,-99.73,-103.47,-99.32,-103.5,56250,838456336.0,-4.29,-6.09,-5.94,0.54
2014-05-20,600519,-103.37,-105.95,-102.26,-107.09,46886,682615744.0,-4.67,-2.4,-2.48,0.45
2014-05-21,600519,-106.67,-100.97,-100.43,-106.8,38738,575063792.0,-6.01,4.7,4.98,0.37
2014-05-22,600519,-101.05,-101.76,-98.82,-102.09,18679,281907872.0,-3.24,-0.78,-0.79,0.18
2014-05-23,600519,-101.8,-99.9,-99.5,-101.81,14010,212338047.0,-2.27,1.83,1.86,0.13
2014-05-26,600519,-97.75,-98.85,-97.75,-99.44,8911,137024228.0,-1.69,1.05,1.05,0.09
2014-05-27,600519,-99.32,-99.15,-97.05,-99.43,13035,201097681.0,-2.41,-0.3,-0.3,0.13
2014-05-28,600519,-99.41,-98.54,-97.67,-99.48,12502,192903907.0,-1.83,0.62,0.61,0.12
2014-05-29,600519,-98.72,-98.25,-96.9,-98.94,10107,156525431.0,-2.07,0.29,0.29,0.1
2014-05-30,600519,-98.29,-99.14,-97.43,-99.3,9218,141927539.0,-1.9,-0.91,-0.89,0.09
2014-06-03,600519,-99.32,-99.51,-98.08,-99.94,13048,199563914.0,-1.88,-0.37,-0.37,0.13
2014-06-04,600519,-99.33,-100.85,-99.0,-101.78,10494,158991999.0,-2.79,-1.35,-1.34,0.1
2014-06-05,600519,-100.87,-97.86,-97.67,-102.35,20679,314507728.0,-4.64,2.96,2.99,0.2
2014-06-06,600519,-97.93,-98.83,-97.13,-99.91,9477,145936330.0,-2.84,-0.99,-0.97,0.09
2014-06-09,600519,-99.9,-99.13,-98.16,-99.9,10035,154198989.0,-1.76,-0.3,-0.3,0.1
2014-06-10,600519,-99.11,-97.83,-97.43,-99.11,19306,298186720.0,-1.69,1.31,1.3,0.19
2014-06-11,600519,-97.87,-98.54,-97.35,-99.15,10781,166086241.0,-1.84,-0.73,-0.71,0.1
2014-06-12,600519,-98.43,-99.62,-98.43,-100.05,11500,175855795.0,-1.64,-1.1,-1.08,0.11
2014-06-13,600519,-99.58,-99.48,-98.63,-100.84,16970,259337717.0,-2.22,0.14,0.14,0.16
2014-06-16,600519,-99.4,-98.15,-97.85,-99.81,16238,249568876.0,-1.97,1.34,1.33,0.16
2014-06-17,600519,-98.24,-99.16,-98.24,-99.98,16365,250297887.0,-1.77,-1.03,-1.01,0.16
2014-06-18,600519,-98.66,-98.84,-98.12,-98.99,14025,215965707.0,-0.88,0.32,0.32,0.14
2014-06-19,600519,-98.86,-99.54,-98.33,-99.73,11551,176868338.0,-1.42,-0.71,-0.7,0.11
2014-06-20,600519,-99.57,-99.17,-98.82,-99.88,12019,183993516.0,-1.06,0.37,0.37,0.12
2014-06-23,600519,-98.91,-96.58,-96.53,-99.02,28984,449611776.0,-2.51,2.61,2.59,0.28
2014-06-24,600519,-96.33,-90.58,-90.39,-96.39,38533,621636112.0,-6.21,6.21,6.0,0.37
2014-06-25,600519,-90.03,-92.85,-90.03,-93.51,38171,546556384.0,-3.84,-2.51,-2.27,0.33
2014-06-26,600519,-92.85,-93.39,-92.17,-93.6,36349,515915136.0,-1.54,-0.58,-0.54,0.32
2014-06-27,600519,-93.59,-94.53,-93.59,-95.59,26478,371027136.0,-2.14,-1.22,-1.14,0.23
2014-06-30,600519,-93.8,-93.08,-92.25,-94.51,24400,345879984.0,-2.39,1.53,1.45,0.21
2014-07-01,600519,-92.52,-93.27,-92.52,-94.15,11947,168987424.0,-1.75,-0.2,-0.19,0.1
2014-07-02,600519,-93.03,-92.99,-92.74,-93.97,12068,171127803.0,-1.32,0.3,0.28,0.11
2014-07-03,600519,-92.87,-91.91,-91.79,-93.6,19332,275808352.0,-1.95,1.16,1.08,0.17
2014-07-04,600519,-91.79,-91.86,-91.08,-92.4,15403,220860905.0,-1.44,0.05,0.05,0.13
2014-07-07,600519,-92.33,-91.1,-90.99,-92.87,22880,327900736.0,-2.05,0.83,0.76,0.2
2014-07-08,600519,-91.15,-92.9,-91.09,-93.95,21092,299615520.0,-3.14,-1.98,-1.8,0.18
2014-07-09,600519,-93.06,-93.75,-92.27,-93.95,14329,203120918.0,-1.81,-0.91,-0.85,0.13
2014-07-10,600519,-93.86,-93.93,-93.21,-94.33,12160,171762392.0,-1.19,-0.19,-0.18,0.11
2014-07-11,600519,-93.54,-93.18,-92.07,-93.86,18433,262292694.0,-1.91,0.8,0.75,0.16
2014-07-14,600519,-93.18,-86.0,-84.98,-93.51,46535,684819808.0,-9.15,7.71,7.18,0.41
2014-07-15,600519,-86.6,-82.32,-78.51,-86.6,58788,913284352.0,-9.41,4.28,3.68,0.51
2014-07-16,600519,-82.29,-81.63,-79.62,-82.29,24459,379071456.0,-3.24,0.84,0.69,0.21
2014-07-17,600519,-82.07,-82.38,-80.74,-83.97,20191,309501856.0,-3.96,-0.92,-0.75,0.18
2014-07-18,600519,-82.52,-75.8,-72.15,-83.33,74897,1200093424.0,-13.57,7.99,6.58,0.66
2014-07-21,600519,-76.34,-75.8,-74.08,-77.98,30143,485174688.0,-5.15,0.0,0.0,0.26
2014-07-22,600519,-77.06,-73.79,-73.06,-77.06,29821,483906544.0,-5.28,2.65,2.01,0.26
2014-07-23,600519,-74.88,-73.16,-72.15,-75.24,27836,455655824.0,-4.19,0.85,0.63,0.24
2014-07-24,600519,-73.28,-73.49,-68.42,-74.6,35682,595593136.0,-8.45,-0.45,-0.33,0.31
2014-07-25,600519,-73.06,-73.17,-71.2,-75.73,27834,454235008.0,-6.16,0.44,0.32,0.24
2014-07-28,600519,-72.85,-72.83,-69.43,-74.04,42969,706875696.0,-6.3,0.46,0.34,0.38
2014-07-29,600519,-72.79,-75.73,-72.79,-76.46,36017,580708800.0,-5.04,-3.98,-2.9,0.32
2014-07-30,600519,-76.02,-78.05,-76.02,-79.88,54876,865210176.0,-5.1,-3.06,-2.32,0.48
2014-07-31,600519,-78.25,-76.45,-76.35,-79.46,25206,400860672.0,-3.98,2.05,1.6,0.22
2014-08-01,600519,-76.54,-73.99,-72.79,-77.04,43260,704961968.0,-5.56,3.22,2.46,0.38
2014-08-04,600519,-73.97,-72.7,-71.59,-74.61,38848,637175456.0,-4.08,1.74,1.29,0.34
2014-08-05,600519,-73.06,-71.01,-70.64,-75.18,38358,627210400.0,-6.24,2.32,1.69,0.34
2014-08-06,600519,-72.33,-73.68,-71.44,-74.88,20317,332041712.0,-4.84,-3.76,-2.67,0.18
2014-08-07,600519,-73.88,-76.15,-72.7,-76.24,25396,411237184.0,-4.8,-3.35,-2.47,0.22
2014-08-08,600519,-74.91,-74.75,-73.67,-76.88,23819,384676144.0,-4.22,1.84,1.4,0.21
2014-08-11,600519,-74.44,-73.9,-73.79,-75.32,20071,326555328.0,-2.05,1.14,0.85,0.18
2014-08-12,600519,-75.05,-74.84,-74.2,-76.56,19604,316255856.0,-3.19,-1.27,-0.94,0.17
2014-08-13,600519,-74.84,-74.43,-72.35,-75.97,34454,560675712.0,-4.84,0.55,0.41,0.3
2014-08-14,600519,-74.86,-75.37,-73.57,-75.53,22959,373085472.0,-2.63,-1.26,-0.94,0.2
2014-08-15,600519,-74.7,-75.3,-74.43,-75.67,21803,352476096.0,-1.65,0.09,0.07,0.19
2014-08-18,600519,-74.88,-76.92,-74.6,-77.51,41698,667452064.0,-3.86,-2.15,-1.62,0.37
2014-08-19,600519,-76.92,-77.9,-76.92,-78.1,32096,509709616.0,-1.53,-1.27,-0.98,0.28
2014-08-20,600519,-77.84,-74.88,-74.82,-78.06,37085,596509536.0,-4.16,3.88,3.02,0.32
2014-08-21,600519,-74.88,-76.72,-74.59,-77.6,18873,301791008.0,-4.02,-2.46,-1.84,0.17
2014-08-22,600519,-76.7,-77.36,-76.34,-77.83,18637,297023440.0,-1.94,-0.83,-0.64,0.16
2014-08-25,600519,-77.36,-77.83,-76.56,-78.24,15377,244745466.0,-2.17,-0.61,-0.47,0.13
2014-08-26,600519,-78.06,-78.77,-77.22,-79.46,16590,261850709.0,-2.88,-1.21,-0.94,0.15
2014-08-27,600519,-78.77,-80.0,-78.71,-80.17,13829,216703370.0,-1.85,-1.56,-1.23,0.12
2014-08-28,600519,-80.33,-80.31,-78.19,-80.33,17618,276811136.0,-2.68,-0.39,-0.31,0.15
2014-08-29,600519,-80.33,-78.3,-77.98,-81.24,23839,375517440.0,-4.06,2.5,2.01,0.21
2014-09-01,600519,-78.33,-78.1,-77.15,-78.78,16450,260760134.0,-2.08,0.26,0.2,0.14
2014-09-02,600519,-77.78,-74.37,-74.3,-78.49,41246,664712704.0,-5.36,4.78,3.73,0.36
2014-09-03,600519,-74.35,-72.31,-69.95,-74.37,42042,695551840.0,-5.94,2.77,2.06,0.37
2014-09-04,600519,-72.42,-72.1,-71.3,-73.35,23976,395280320.0,-2.84,0.29,0.21,0.21
2014-09-05,600519,-71.51,-69.87,-69.28,-71.96,34732,579714720.0,-3.72,3.09,2.23,0.3
2014-09-09,600519,-69.74,-72.99,-69.45,-73.06,20563,339388096.0,-5.17,-4.47,-3.12,0.18
2014-09-10,600519,-73.33,-73.14,-72.15,-73.96,17868,293245984.0,-2.48,-0.21,-0.15,0.16
2014-09-11,600519,-73.18,-74.9,-72.31,-75.35,31876,519406672.0,-4.16,-2.41,-1.76,0.28
2014-09-12,600519,-75.34,-74.47,-74.29,-76.4,17356,280548672.0,-2.82,0.57,0.43,0.15
2014-09-15,600519,-74.97,-77.23,-74.96,-77.79,32544,519621408.0,-3.8,-3.71,-2.76,0.28
2014-09-16,600519,-76.24,-79.0,-76.15,-79.4,34823,551314384.0,-4.21,-2.29,-1.77,0.3
2014-09-17,600519,-78.09,-78.3,-77.11,-79.11,25841,408684992.0,-2.53,0.89,0.7,0.23
2014-09-18,600519,-78.5,-77.38,-77.26,-79.35,26482,418431984.0,-2.67,1.17,0.92,0.23
2014-09-19,600519,-77.38,-75.92,-75.8,-78.06,22666,362408976.0,-2.92,1.89,1.46,0.2
2014-09-22,600519,-76.05,-79.48,-76.05,-79.57,37192,586709104.0,-4.64,-4.69,-3.56,0.33
2014-09-23,600519,-79.7,-78.99,-78.97,-80.0,34546,541705824.0,-1.3,0.62,0.49,0.3
2014-09-24,600519,-79.89,-76.52,-76.24,-80.7,43449,687426592.0,-5.65,3.13,2.47,0.38
2014-09-25,600519,-75.86,-74.7,-73.08,-75.88,56851,924878320.0,-3.66,2.38,1.82,0.5
2014-09-26,600519,-75.33,-74.6,-73.86,-77.42,22717,366907280.0,-4.77,0.13,0.1,0.2
2014-09-29,600519,-74.58,-74.45,-73.79,-75.43,23489,381683088.0,-2.2,0.2,0.15,0.21
2014-09-30,600519,-74.2,-74.76,-73.98,-75.6,21574,349657792.0,-2.18,-0.42,-0.31,0.19
2014-10-08,600519,-75.79,-76.03,-75.7,-78.7,45653,725030224.0,-4.01,-1.7,-1.27,0.4
2014-10-09,600519,-76.81,-76.69,-76.47,-77.99,36245,578151792.0,-2.0,-0.87,-0.66,0.32
2014-10-10,600519,-77.59,-77.59,-76.88,-78.79,43148,684789408.0,-2.49,-1.17,-0.9,0.38
2014-10-13,600519,-78.69,-80.24,-78.62,-82.44,53176,826349744.0,-4.92,-3.42,-2.65,0.47
2014-10-14,600519,-81.24,-81.32,-79.43,-81.75,28896,449942592.0,-2.89,-1.35,-1.08,0.25
2014-10-15,600519,-81.47,-79.13,-78.9,-81.5,22238,348033856.0,-3.2,2.69,2.19,0.19
2014-10-16,600519,-80.24,-79.13,-78.34,-80.24,23950,377655664.0,-2.4,0.0,0.0,0.21
2014-10-17,600519,-78.51,-78.17,-77.56,-79.51,30977,489885680.0,-2.46,1.21,0.96,0.27
2014-10-20,600519,-78.17,-79.5,-78.06,-79.97,32910,517853728.0,-2.44,-1.7,-1.33,0.29
2014-10-21,600519,-79.42,-78.1,-77.3,-79.79,39911,632422368.0,-3.13,1.76,1.4,0.35
2014-10-22,600519,-78.11,-77.53,-77.19,-78.97,22836,363211440.0,-2.28,0.73,0.57,0.2
2014-10-23,600519,-78.0,-77.56,-76.44,-78.61,31917,508245984.0,-2.8,-0.04,-0.03,0.28
2014-10-24,600519,-77.65,-77.71,-76.8,-78.8,19980,317073600.0,-2.58,-0.19,-0.15,0.17
2014-10-27,600519,-79.45,-78.97,-77.51,-81.34,27971,439570896.0,-4.93,-1.62,-1.26,0.24
2014-10-28,600519,-79.13,-77.84,-77.51,-79.26,20548,325762192.0,-2.22,1.43,1.13,0.18
2014-10-29,600519,-77.79,-78.24,-77.1,-78.99,21423,339064784.0,-2.43,-0.51,-0.4,0.19
2014-10-30,600519,-78.51,-80.86,-78.51,-81.15,49087,764742336.0,-3.37,-3.35,-2.62,0.43
2014-10-31,600519,-80.81,-79.71,-79.51,-81.83,36422,567067440.0,-2.87,1.42,1.15,0.32
2014-11-03,600519,-79.65,-80.71,-79.53,-80.83,24670,384677504.0,-1.63,-1.25,-1.0,0.22
2014-11-04,600519,-80.8,-84.52,-80.8,-84.88,55944,854409056.0,-5.06,-4.72,-3.81,0.49
2014-11-05,600519,-84.83,-89.29,-84.83,-89.88,76720,1131348480.0,-5.97,-5.64,-4.77,0.67
2014-11-06,600519,-89.29,-88.38,-88.07,-89.41,36363,533913216.0,-1.5,1.02,0.91,0.32
2014-11-07,600519,-88.36,-87.57,-87.33,-88.41,41507,613638080.0,-1.22,0.92,0.81,0.36
2014-11-10,600519,-85.79,-82.36,-82.35,-86.7,62325,945032816.0,-4.97,5.95,5.21,0.55
2014-11-11,600519,-81.88,-82.74,-81.06,-83.96,47707,733026112.0,-3.52,-0.46,-0.38,0.42
2014-11-12,600519,-83.08,-83.16,-82.52,-85.6,30824,467531856.0,-3.72,-0.51,-0.42,0.27
2014-11-13,600519,-83.31,-84.35,-83.3,-86.08,49156,739602880.0,-3.34,-1.43,-1.19,0.43
2014-11-14,600519,-84.37,-79.16,-78.85,-84.96,75225,1168803280.0,-7.24,6.15,5.19,0.66
2014-11-17,600519,-69.42,-76.65,-69.42,-76.7,150416,2451673888.0,-9.2,3.17,2.51,1.32
2014-11-18,600519,-75.79,-80.65,-75.04,-81.24,63498,1001883696.0,-8.09,-5.22,-4.0,0.56
2014-11-19,600519,-80.72,-83.0,-80.65,-83.41,46291,710715296.0,-3.42,-2.91,-2.35,0.41
2014-11-20,600519,-83.17,-85.17,-83.13,-85.34,46258,698848960.0,-2.66,-2.61,-2.17,0.41
2014-11-21,600519,-85.28,-82.94,-82.88,-85.6,41991,638007376.0,-3.19,2.62,2.23,0.37
2014-11-24,600519,-82.26,-82.2,-81.24,-83.97,53879,828662512.0,-3.29,0.89,0.74,0.47
2014-11-25,600519,-82.68,-81.57,-81.38,-83.24,53231,816840944.0,-2.26,0.77,0.63,0.47
2014-11-26,600519,-81.6,-80.38,-80.0,-82.25,63859,990302240.0,-2.76,1.46,1.19,0.56
2014-11-27,600519,-81.24,-79.71,-79.22,-82.15,96552,1508603312.0,-3.65,0.83,0.67,0.85
2014-11-28,600519,-79.81,-80.48,-79.81,-82.9,88288,1363855088.0,-3.88,-0.97,-0.77,0.77
2014-12-01,600519,-79.81,-76.64,-75.79,-80.33,121740,1932844688.0,-5.64,4.77,3.84,1.07
2014-12-02,600519,-77.56,-75.66,-75.6,-78.29,99268,1588412352.0,-3.51,1.28,0.98,0.87
2014-12-03,600519,-74.48,-72.3,-69.15,-74.55,117323,1936848368.0,-7.14,4.44,3.36,1.03
2014-12-04,600519,-70.79,-63.85,-63.51,-70.79,117781,2020248736.0,-10.07,11.69,8.45,1.03
2014-12-05,600519,-60.34,-66.77,-59.46,-68.88,112901,1943937520.0,-14.75,-4.57,-2.92,0.99
2014-12-08,600519,-68.66,-64.9,-61.7,-70.15,100894,1731248496.0,-12.66,2.8,1.87,0.88
2014-12-09,600519,-65.79,-65.0,-52.5,-66.24,151890,2713372288.0,-21.17,-0.15,-0.1,1.33
2014-12-10,600519,-63.06,-58.59,-55.33,-63.06,106656,1919193472.0,-11.89,9.86,6.41,0.93
2014-12-11,600519,-58.51,-62.25,-56.75,-62.8,54882,975885696.0,-10.33,-6.25,-3.66,0.48
2014-12-12,600519,-61.44,-61.61,-57.61,-62.15,51055,911591088.0,-7.29,1.03,0.64,0.45
2014-12-15,600519,-61.6,-54.84,-54.79,-62.67,70964,1281924240.0,-12.79,10.99,6.77,0.62
2014-12-16,600519,-55.15,-57.94,-55.15,-60.23,51129,918180192.0,-9.26,-5.65,-3.1,0.45
2014-12-17,600519,-58.52,-59.36,-57.2,-60.51,60020,1071735184.0,-5.71,-2.45,-1.42,0.53
2014-12-18,600519,-58.8,-59.11,-56.51,-59.42,38568,695500784.0,-4.9,0.42,0.25,0.34
2014-12-19,600519,-59.37,-57.77,-56.71,-60.33,49631,892730640.0,-6.12,2.27,1.34,0.43
2014-12-22,600519,-58.83,-54.79,-54.61,-62.26,73624,1327712480.0,-13.24,5.16,2.98,0.64
2014-12-23,600519,-55.08,-50.46,-46.25,-56.69,85651,1611272912.0,-19.05,7.9,4.33,0.75
2014-12-24,600519,-51.24,-55.73,-47.79,-57.9,63555,1187206208.0,-20.04,-10.44,-5.27,0.56
2014-12-25,600519,-55.65,-53.21,-53.06,-57.6,44072,806958768.0,-8.15,4.52,2.52,0.39
2014-12-26,600519,-53.89,-51.63,-50.33,-55.79,42677,793340608.0,-10.26,2.97,1.58,0.37
2014-12-29,600519,-51.15,-55.35,-49.42,-56.7,89839,1678243808.0,-14.1,-7.21,-3.72,0.79
2014-12-30,600519,-55.79,-52.3,-51.26,-56.26,56171,1043215632.0,-9.03,5.51,3.05,0.49
2014-12-31,600519,-53.42,-49.77,-49.42,-53.97,46269,871581696.0,-8.7,4.84,2.53,0.41
2015-01-05,600519,-49.77,-38.04,-36.48,-50.61,94515,1875063136.0,-28.39,23.57,11.73,0.83
2015-01-06,600519,-40.33,-42.3,-38.0,-43.95,55020,1094977376.0,-15.64,-11.2,-4.26,0.48
2015-01-07,600519,-43.93,-46.75,-40.79,-49.43,54798,1063925648.0,-20.43,-10.52,-4.45,0.48
2015-01-08,600519,-45.79,-47.82,-45.31,-49.3,40525,777874672.0,-8.53,-2.29,-1.07,0.35
2015-01-09,600519,-49.06,-49.14,-44.18,-49.32,53982,1039955152.0,-10.75,-2.76,-1.32,0.47
2015-01-12,600519,-49.42,-52.67,-47.07,-54.46,49915,934643408.0,-15.04,-7.18,-3.53,0.44
2015-01-13,600519,-52.15,-54.08,-50.75,-54.33,36708,683429632.0,-6.8,-2.68,-1.41,0.32
2015-01-14,600519,-53.97,-55.62,-52.6,-57.71,52403,965036192.0,-9.45,-2.85,-1.54,0.46
2015-01-15,600519,-54.98,-53.0,-52.7,-56.26,48586,895503104.0,-6.4,4.71,2.62,0.43
2015-01-16,600519,-52.88,-52.96,-51.24,-53.08,39978,746304288.0,-3.47,0.08,0.04,0.35
2015-01-19,600519,-57.6,-62.62,-55.6,-66.27,64679,1151544272.0,-20.15,-18.24,-9.66,0.57
2015-01-20,600519,-62.13,-60.26,-58.06,-64.88,61023,1086018448.0,-10.89,3.77,2.36,0.53
2015-01-21,600519,-60.09,-56.37,-55.88,-61.06,52675,950750400.0,-8.6,6.46,3.89,0.46
2015-01-22,600519,-56.36,-57.4,-54.55,-58.51,38255,696541248.0,-7.03,-1.83,-1.03,0.33
2015-01-23,600519,-58.4,-57.59,-55.53,-58.41,33085,600627344.0,-5.02,-0.33,-0.19,0.29
2015-01-26,600519,-56.97,-55.97,-55.33,-57.56,35649,650642096.0,-3.87,2.81,1.62,0.31
2015-01-27,600519,-55.95,-58.41,-55.95,-60.33,41884,755025856.0,-7.83,-4.36,-2.44,0.37
2015-01-28,600519,-59.42,-60.81,-58.15,-60.97,30681,547979152.0,-4.83,-4.11,-2.4,0.27
2015-01-29,600519,-61.97,-62.01,-60.33,-63.06,32493,571553424.0,-4.49,-1.97,-1.2,0.28
2015-01-30,600519,-61.25,-61.08,-57.6,-61.7,47508,848744496.0,-6.61,1.5,0.93,0.42
2015-02-02,600519,-62.6,-63.22,-61.79,-64.42,33983,593379648.0,-4.31,-3.5,-2.14,0.3
2015-02-03,600519,-60.8,-60.0,-59.74,-61.97,27793,493512560.0,-3.53,5.09,3.22,0.24
2015-02-04,600519,-59.29,-61.01,-56.62,-61.24,35294,634135328.0,-7.7,-1.68,-1.01,0.31
2015-02-05,600519,-59.45,-63.92,-57.7,-63.97,41240,735861120.0,-10.28,-4.77,-2.91,0.36
2015-02-06,600519,-63.39,-63.42,-61.7,-64.33,37102,648205632.0,-4.11,0.78,0.5,0.32
2015-02-09,600519,-62.36,-54.6,-53.88,-63.06,87294,1584342288.0,-14.47,13.91,8.82,0.76
2015-02-10,600519,-54.15,-55.9,-53.79,-57.2,53639,984795856.0,-6.25,-2.38,-1.3,0.47
2015-02-11,600519,-56.33,-55.65,-54.65,-56.62,22895,420358864.0,-3.52,0.45,0.25,0.2
2015-02-12,600519,-54.89,-55.27,-54.43,-56.69,25051,458818624.0,-4.06,0.68,0.38,0.22
2015-02-13,600519,-54.78,-56.25,-54.42,-57.24,40127,734977408.0,-5.1,-1.77,-0.98,0.35
2015-02-16,600519,-56.2,-55.5,-55.21,-57.4,39521,722512096.0,-3.89,1.33,0.75,0.35
2015-02-17,600519,-55.29,-56.5,-54.98,-56.78,34173,624854080.0,-3.24,-1.8,-1.0,0.3
2015-02-25,600519,-55.79,-54.91,-53.33,-57.5,59935,1104113264.0,-7.38,2.81,1.59,0.52
2015-02-26,600519,-55.06,-52.48,-50.89,-55.29,62298,1163369600.0,-8.01,4.43,2.43,0.55
2015-02-27,600519,-52.24,-48.47,-45.33,-52.33,63371,1217723184.0,-13.34,7.64,4.01,0.55
2015-03-02,600519,-48.7,-48.76,-45.97,-50.33,31099,592027088.0,-9.0,-0.6,-0.29,0.27
2015-03-03,600519,-50.06,-53.1,-47.6,-53.82,43000,812905776.0,-12.76,-8.9,-4.34,0.38
2015-03-04,600519,-52.16,-51.98,-51.23,-54.33,40662,757815040.0,-5.84,2.11,1.12,0.36
2015-03-05,600519,-53.96,-53.5,-52.12,-54.83,36206,670609776.0,-5.21,-2.92,-1.52,0.32
2015-03-06,600519,-53.65,-55.22,-52.62,-55.54,25471,471454752.0,-5.46,-3.21,-1.72,0.22
2015-03-09,600519,-53.24,-48.0,-46.7,-55.06,43486,815432192.0,-15.14,13.07,7.22,0.38
2015-03-10,600519,-48.57,-51.4,-48.06,-51.9,29637,561292480.0,-8.0,-7.08,-3.4,0.26
2015-03-11,600519,-51.4,-47.62,-46.7,-51.42,40583,778418704.0,-9.18,7.35,3.78,0.36
2015-03-12,600519,-46.7,-46.92,-43.98,-48.15,38496,747203168.0,-8.76,1.47,0.7,0.34
2015-03-13,600519,-46.97,-49.5,-45.88,-50.71,25479,486997360.0,-10.29,-5.5,-2.58,0.22
2015-03-16,600519,-49.37,-46.0,-45.33,-52.14,31161,597313680.0,-13.76,7.07,3.5,0.27
2015-03-17,600519,-44.89,-43.27,-41.52,-44.98,45904,903712736.0,-7.52,5.93,2.73,0.4
2015-03-18,600519,-43.24,-40.83,-40.34,-44.4,39304,778884992.0,-9.38,5.64,2.44,0.34
2015-03-19,600519,-41.66,-44.62,-41.25,-45.73,33540,658535488.0,-10.97,-9.28,-3.79,0.29
2015-03-20,600519,-45.6,-46.56,-44.89,-48.62,51374,991294896.0,-8.36,-4.35,-1.94,0.45
2015-03-23,600519,-45.18,-44.8,-43.29,-46.51,40979,799009920.0,-6.92,3.78,1.76,0.36
2015-03-24,600519,-44.6,-44.25,-42.66,-47.51,60079,1172628512.0,-10.83,1.23,0.55,0.53
2015-03-25,600519,-46.7,-46.9,-44.79,-47.55,42240,815963248.0,-6.24,-5.99,-2.65,0.37
2015-03-26,600519,-46.2,-41.64,-40.42,-47.6,67105,1315872112.0,-15.31,11.22,5.26,0.59
2015-03-27,600519,-42.15,-45.29,-41.64,-46.74,40145,784086656.0,-12.25,-8.77,-3.65,0.35
2015-03-30,600519,-45.17,-43.27,-41.29,-46.6,63451,1237889232.0,-11.72,4.46,2.02,0.56
2015-03-31,600519,-43.35,-44.0,-39.63,-45.77,88131,1746870224.0,-14.19,-1.69,-0.73,0.77
2015-04-01,600519,-43.94,-44.57,-42.55,-45.35,76875,1504959696.0,-6.36,-1.3,-0.57,0.67
2015-04-02,600519,-44.0,-45.26,-42.51,-46.8,62982,1228604480.0,-9.63,-1.55,-0.69,0.55
2015-04-03,600519,-45.79,-43.23,-43.05,-46.9,51211,996536048.0,-8.51,4.49,2.03,0.45
2015-04-07,600519,-43.2,-39.72,-39.35,-44.15,59824,1189027072.0,-11.1,8.12,3.51,0.52
2015-04-08,600519,-38.06,-36.24,-30.62,-38.89,135857,2798381808.0,-20.82,8.76,3.48,1.19
2015-04-09,600519,-36.26,-40.33,-34.99,-41.2,62400,1255308048.0,-17.14,-11.29,-4.09,0.55
2015-04-10,600519,-40.34,-40.13,-37.61,-40.69,102019,2048914304.0,-7.64,0.5,0.2,0.89
2015-04-13,600519,-38.92,-36.79,-36.25,-41.3,91356,1840018384.0,-12.58,8.32,3.34,0.8
2015-04-14,600519,-36.7,-34.88,-31.9,-36.73,81903,1691094336.0,-13.13,5.19,1.91,0.72
2015-04-15,600519,-32.06,-35.15,-31.44,-36.55,55005,1135635920.0,-14.65,-0.77,-0.27,0.48
2015-04-16,600519,-32.56,-16.45,-16.45,-33.21,86014,1877332304.0,-47.68,53.2,18.7,0.75
2015-04-17,600519,-4.97,-10.73,3.94,-14.62,192095,4577504000.0,-112.83,34.77,5.72,1.68
2015-04-20,600519,-13.06,-9.4,1.21,-13.97,130589,3118764544.0,-141.47,12.4,1.33,1.14
2015-04-21,600519,-3.97,11.88,11.88,-3.97,122402,3039243968.0,-168.62,226.38,21.28,1.07
2015-04-22,600519,22.21,17.75,22.4,11.59,134635,3543576704.0,90.99,49.41,5.87,1.18
2015-04-23,600519,17.85,10.61,18.0,7.83,86030,2214737648.0,57.3,-40.23,-7.14,0.75
2015-04-24,600519,6.83,12.84,13.92,0.59,100531,2547399872.0,125.64,21.02,2.23,0.88
2015-04-27,600519,12.01,10.39,21.3,7.84,78973,2050832432.0,104.83,-19.08,-2.45,0.69
2015-04-28,600519,8.76,3.2,12.94,2.44,87292,2187970736.0,101.06,-69.2,-7.19,0.76
2015-04-29,600519,1.58,4.92,7.85,1.58,59301,1477767696.0,195.94,53.75,1.72,0.52
2015-04-30,600519,6.17,7.15,9.58,3.08,64064,1610938048.0,132.11,45.33,2.23,0.56
2015-05-04,600519,7.54,9.64,13.3,5.14,54739,1398337296.0,114.13,34.83,2.49,0.48
2015-05-05,600519,6.94,-3.1,6.94,-4.08,73700,1801146752.0,114.32,-132.16,-12.74,0.65
2015-05-06,600519,-0.35,-1.53,2.39,-3.96,60324,1472597536.0,-204.84,50.65,1.57,0.53
2015-05-07,600519,0.58,0.51,6.83,-1.64,68103,1693825904.0,-553.59,133.33,2.04,0.6
2015-05-08,600519,1.6,8.91,9.56,1.4,57806,1447670272.0,1600.0,1647.06,8.4,0.51
2015-05-11,600519,6.49,11.89,12.39,5.12,61346,1552417968.0,81.59,33.45,2.98,0.54
2015-05-12,600519,11.67,9.14,11.67,6.94,47031,1193035136.0,39.78,-23.13,-2.75,0.41
2015-05-13,600519,8.58,10.94,16.91,7.4,58913,1520374560.0,104.05,19.69,1.8,0.52
2015-05-14,600519,10.8,6.4,13.76,6.23,41853,1062504720.0,68.83,-41.5,-4.54,0.37
2015-05-15,600519,6.4,0.73,8.3,-2.5,54185,1333031168.0,168.75,-88.59,-5.67,0.47
2015-05-18,600519,0.58,-2.93,0.58,-3.88,35363,856505072.0,610.96,-501.37,-3.66,0.31
2015-05-19,600519,-3.01,5.16,5.32,-3.79,47638,1174434448.0,-310.92,276.11,8.09,0.42
2015-05-20,600519,6.94,8.71,14.21,4.49,63772,1631009456.0,188.37,68.8,3.55,0.56
2015-05-21,600519,10.58,12.93,15.4,8.77,47669,1230234944.0,76.12,48.45,4.22,0.42
2015-05-22,600519,13.92,28.63,29.49,13.84,66649,1779754352.0,121.04,121.42,15.7,0.58
2015-05-25,600519,23.3,38.6,40.11,22.4,67474,1868570176.0,61.86,34.82,9.97,0.59
2015-05-26,600519,38.4,37.43,41.49,36.0,60915,1746031120.0,14.22,-3.03,-1.17,0.53
2015-05-27,600519,37.41,29.58,40.87,26.03,46935,1309260000.0,39.65,-20.97,-7.85,0.41
2015-05-28,600519,28.08,15.22,33.3,14.3,60885,1650995552.0,64.23,-48.55,-14.36,0.53
2015-05-29,600519,14.22,17.7,22.4,14.11,57783,1531805536.0,54.47,16.29,2.48,0.51
2015-06-01,600519,17.8,24.63,26.01,14.03,65817,1747123648.0,67.68,39.15,6.93,0.58
2015-06-02,600519,23.76,20.23,23.76,14.81,64636,1708951664.0,36.34,-17.86,-4.4,0.57
2015-06-03,600519,18.92,16.75,20.23,14.22,46424,1218378720.0,29.71,-17.2,-3.48,0.41
2015-06-04,600519,16.92,12.59,18.76,-3.97,92363,2332785392.0,135.7,-24.84,-4.16,0.81
2015-06-05,600519,12.5,8.61,16.12,1.49,85738,2188974560.0,116.2,-31.61,-3.98,0.75
2015-06-08,600519,6.5,18.43,21.07,4.94,96008,2462736704.0,187.34,114.05,9.82,0.84
2015-06-09,600519,18.76,13.33,23.12,11.03,77852,2045525408.0,65.6,-27.67,-5.1,0.68
2015-06-10,600519,10.25,15.17,20.47,8.58,80462,2096832880.0,89.2,13.8,1.84,0.7
2015-06-11,600519,14.21,14.27,18.3,12.19,52955,1378413760.0,40.28,-5.93,-0.9,0.46
2015-06-12,600519,16.14,19.67,26.03,15.12,90910,2438986512.0,76.45,37.84,5.4,0.8
2015-06-15,600519,20.56,15.02,25.12,14.29,100014,2664672592.0,55.06,-23.64,-4.65,0.88
2015-06-16,600519,13.3,8.71,19.49,7.4,69304,1789696032.0,80.49,-42.01,-6.31,0.61
2015-06-17,600519,8.72,9.75,12.18,4.21,58389,1478407040.0,91.5,11.94,1.04,0.51
2015-06-18,600519,7.87,-0.36,9.49,-3.42,61507,1530836128.0,132.41,-103.69,-10.11,0.54
2015-06-19,600519,1.37,-8.23,3.75,-9.4,67609,1646002768.0,-3652.78,-2186.11,-7.87,0.59
2015-06-23,600519,-4.15,7.17,10.44,-9.3,81247,1989068144.0,-239.85,187.12,15.4,0.71
2015-06-24,600519,5.12,15.31,18.94,2.99,95707,2463553856.0,222.45,113.53,8.14,0.84
2015-06-25,600519,15.58,6.75,16.06,5.31,66522,1707385600.0,70.22,-55.91,-8.56,0.58
2015-06-26,600519,5.14,-1.74,10.35,-8.24,99332,2451381600.0,275.41,-125.78,-8.49,0.87
2015-06-29,600519,3.64,2.07,11.03,-15.06,165072,4057069904.0,-1499.43,218.97,3.81,1.45
2015-06-30,600519,2.07,12.08,14.05,1.49,126298,3205285536.0,606.76,483.57,10.01,1.11
2015-07-01,600519,9.67,11.93,21.94,6.01,103327,2696026032.0,131.87,-1.24,-0.15,0.9
2015-07-02,600519,9.94,14.49,34.76,0.59,118460,3011363680.0,286.42,21.46,2.56,1.04
2015-07-03,600519,9.67,4.95,14.67,-1.97,109605,2772183168.0,114.84,-65.84,-9.54,0.96
2015-07-06,600519,21.44,8.8,21.48,-4.42,272800,7012491264.0,523.23,77.78,3.85,2.39
2015-07-07,600519,5.12,-0.17,11.1,-4.42,167562,4121731568.0,176.36,-101.93,-8.97,1.47
2015-07-08,600519,-13.97,-6.82,0.57,-22.37,289141,6738026752.0,-13494.12,-3911.76,-6.65,2.53
2015-07-09,600519,-6.82,12.34,14.59,-10.33,138203,3409950544.0,-365.4,280.94,19.16,1.21
2015-07-10,600519,11.49,19.3,35.12,6.9,256149,6888908288.0,228.69,56.4,6.96,2.24
2015-07-13,600519,12.4,12.17,19.29,6.03,148926,3838169456.0,68.7,-36.94,-7.13,1.3
2015-07-14,600519,9.67,4.26,9.83,2.58,96768,2425239232.0,59.57,-65.0,-7.91,0.85
2015-07-15,600519,2.85,6.27,7.58,-0.99,104077,2585923328.0,201.17,47.18,2.01,0.91
2015-07-16,600519,6.27,6.57,8.92,3.54,72814,1826618384.0,85.81,4.78,0.3,0.64
2015-07-17,600519,10.83,10.12,11.82,6.57,56419,1284361184.0,79.91,54.03,3.55,0.45
2015-07-20,600519,8.98,6.94,9.73,4.33,67934,1531275696.0,53.36,-31.42,-3.18,0.54
2015-07-21,600519,3.58,3.49,6.03,1.83,51790,1148423248.0,60.52,-49.71,-3.45,0.41
2015-07-22,600519,1.83,-1.04,3.83,-1.59,70855,1552554832.0,155.3,-129.8,-4.53,0.56
2015-07-23,600519,-0.18,1.37,2.43,-2.4,64748,1411411696.0,-464.42,231.73,2.41,0.52
2015-07-24,600519,2.33,1.04,5.52,0.58,57390,1271122144.0,360.58,-24.09,-0.33,0.46
2015-07-27,600519,-1.17,-16.65,3.13,-17.17,76944,1628465536.0,1951.92,-1700.96,-17.69,0.61
2015-07-28,600519,-18.31,-12.34,-8.73,-20.69,86704,1766521472.0,-71.83,25.89,4.31,0.69
2015-07-29,600519,-10.39,-10.43,-8.17,-16.04,66507,1364157584.0,-63.78,15.48,1.91,0.53
2015-07-30,600519,-9.34,-12.21,-9.34,-13.07,41134,853284368.0,-35.76,-17.07,-1.78,0.33
2015-07-31,600519,-11.47,-11.34,-11.24,-15.17,40737,835374144.0,-32.19,7.13,0.87,0.32
2015-08-03,600519,-13.17,-8.61,-8.18,-15.17,54553,1117796048.0,-61.64,24.07,2.73,0.43
2015-08-04,600519,-8.91,-6.2,-4.19,-8.91,59534,1260302960.0,-54.82,27.99,2.41,0.47
2015-08-05,600519,-5.24,-10.98,-4.32,-11.23,43144,907597376.0,-111.45,-77.1,-4.78,0.34
2015-08-06,600519,-11.94,-13.21,-10.67,-15.17,39250,805358560.0,-40.98,-20.31,-2.23,0.31
2015-08-07,600519,-10.68,-11.24,-9.57,-12.57,39521,819022560.0,-22.71,14.91,1.97,0.31
2015-08-10,600519,-11.16,-5.87,-5.17,-13.04,56496,1182083552.0,-70.02,47.78,5.37,0.45
2015-08-11,600519,-5.87,-7.42,-5.76,-8.16,50897,1076261232.0,-40.89,-26.41,-1.55,0.41
2015-08-12,600519,-8.18,-8.7,-3.88,-9.42,45824,968610592.0,-74.66,-17.25,-1.28,0.36
2015-08-13,600519,-6.67,-8.66,-6.67,-12.17,35180,733202192.0,-63.22,0.46,0.04,0.28
2015-08-14,600519,-7.67,-8.19,-6.77,-8.92,30667,645849792.0,-24.83,5.43,0.47,0.24
2015-08-17,600519,-10.15,-11.95,-9.35,-14.17,53858,1108212048.0,-58.85,-45.91,-3.76,0.43
2015-08-18,600519,-11.19,-17.11,-10.67,-17.82,51286,1047896512.0,-59.83,-43.18,-5.16,0.41
2015-08-19,600519,-18.42,-16.55,-16.01,-19.99,50262,1004394400.0,-23.26,3.27,0.56,0.4
2015-08-20,600519,-17.34,-23.1,-17.17,-23.27,39645,788892224.0,-36.86,-39.58,-6.55,0.32
2015-08-21,600519,-26.65,-31.84,-23.31,-32.05,75621,1433277968.0,-37.84,-37.84,-8.74,0.6
2015-08-24,600519,-37.17,-48.53,-36.67,-49.97,89813,1559048768.0,-41.77,-52.42,-16.69,0.71
2015-08-25,600519,-50.71,-41.58,-35.66,-51.97,123081,2165823584.0,-33.61,14.32,6.95,0.98
2015-08-26,600519,-41.41,-34.29,-29.67,-43.17,91573,1663612848.0,-32.47,17.53,7.29,0.73
2015-08-27,600519,-28.17,-21.1,-18.27,-33.28,87052,1663248880.0,-43.77,38.47,13.19,0.69
2015-08-28,600519,-23.17,-25.52,-22.88,-31.04,89926,1720106864.0,-38.67,-20.95,-4.42,0.72
2015-08-31,600519,-28.83,-22.8,-22.67,-32.99,62730,1198185024.0,-40.44,10.66,2.72,0.5
2015-09-01,600519,-26.35,-23.8,-23.17,-30.17,87433,1688392992.0,-30.7,-4.39,-1.0,0.7
2015-09-02,600519,-28.06,-23.56,-23.17,-28.97,106945,2052413264.0,-24.37,1.01,0.24,0.85
2015-09-07,600519,-25.57,-29.46,-24.17,-29.52,32216,615819760.0,-22.71,-25.04,-5.9,0.26
2015-09-08,600519,-29.71,-28.85,-27.7,-33.17,33099,621914336.0,-18.57,2.07,0.61,0.26
2015-09-09,600519,-28.03,-26.31,-24.3,-28.03,35215,676337504.0,-12.93,8.8,2.54,0.28
2015-09-10,600519,-27.79,-24.96,-24.87,-29.03,26852,514766384.0,-15.81,5.13,1.35,0.21
2015-09-11,600519,-26.29,-25.26,-24.07,-27.12,16932,326277632.0,-12.22,-1.2,-0.3,0.13
2015-09-14,600519,-25.74,-15.64,-15.37,-30.27,86176,1678995776.0,-58.99,38.08,9.62,0.69
2015-09-15,600519,-20.16,-16.17,-16.15,-23.05,51884,1035493472.0,-44.12,-3.39,-0.53,0.41
2015-09-16,600519,-18.16,-13.62,-8.63,-20.44,37198,753188784.0,-73.04,15.77,2.55,0.3
2015-09-17,600519,-15.57,-20.17,-12.37,-20.56,26423,533638544.0,-60.13,-48.09,-6.55,0.21
2015-09-18,600519,-19.57,-18.74,-17.28,-20.17,15643,312040976.0,-14.33,7.09,1.43,0.12
2015-09-21,600519,-20.16,-18.87,-17.47,-20.17,16528,329196736.0,-14.41,-0.69,-0.13,0.13
2015-09-22,600519,-17.4,-18.9,-16.99,-19.19,16457,329161936.0,-11.66,-0.16,-0.03,0.13
2015-09-23,600519,-21.02,-23.45,-19.18,-24.07,22344,438412336.0,-25.87,-24.07,-4.55,0.18
2015-09-24,600519,-22.37,-24.17,-21.89,-25.37,13887,269653184.0,-14.84,-3.07,-0.72,0.11
2015-09-25,600519,-24.18,-24.71,-23.27,-28.67,24456,470411104.0,-22.34,-2.23,-0.54,0.19
2015-09-28,600519,-26.69,-26.79,-25.87,-28.94,12341,235369401.0,-12.42,-8.42,-2.08,0.1
2015-09-29,600519,-28.62,-28.0,-26.8,-29.87,18410,348759184.0,-11.46,-4.52,-1.21,0.15
2015-09-30,600519,-27.94,-27.86,-26.69,-28.0,11635,222178053.0,-4.68,0.5,0.14,0.09
2015-10-08,600519,-19.39,-20.65,-16.59,-21.17,34392,684138048.0,-16.44,25.88,7.21,0.27
2015-10-09,600519,-19.39,-21.22,-19.27,-21.67,15722,310187696.0,-11.62,-2.76,-0.57,0.13
2015-10-12,600519,-19.17,-20.08,-13.68,-20.32,49030,982174160.0,-31.29,5.37,1.14,0.39
2015-10-13,600519,-20.08,-19.43,-18.08,-20.08,15751,313495456.0,-9.96,3.24,0.65,0.13
2015-10-14,600519,-19.19,-20.34,-18.67,-21.16,15213,301666752.0,-12.82,-4.68,-0.91,0.12
2015-10-15,600519,-20.01,-18.18,-17.8,-20.61,16550,329836768.0,-13.82,10.62,2.16,0.13
2015-10-16,600519,-16.95,-17.43,-15.77,-18.76,19238,386383072.0,-16.45,4.13,0.75,0.15
2015-10-19,600519,-13.23,-15.45,-13.23,-16.27,26121,531101872.0,-17.44,11.36,1.98,0.21
2015-10-20,600519,-16.15,-16.2,-15.29,-16.99,14784,298284288.0,-11.0,-4.85,-0.75,0.12
2015-10-21,600519,-16.09,-17.86,-15.62,-21.16,22349,447195040.0,-34.2,-10.25,-1.66,0.18
2015-10-22,600519,-17.93,-15.64,-15.44,-18.74,23720,478632752.0,-18.48,12.43,2.22,0.19
2015-10-23,600519,-12.37,-7.19,-0.57,-12.62,56277,1189746960.0,-77.05,54.03,8.45,0.45
2015-10-26,600519,-6.17,-0.44,0.13,-10.17,43346,932490832.0,-143.25,93.88,6.75,0.35
2015-10-27,600519,-1.07,-2.92,-0.49,-5.59,22573,484597008.0,-1159.09,-563.64,-2.48,0.18
2015-10-28,600519,-3.18,-5.73,-3.18,-6.27,16559,353020512.0,-105.82,-96.23,-2.81,0.13
2015-10-29,600519,-6.17,-5.17,-3.38,-6.17,13454,287688320.0,-48.69,9.77,0.56,0.11
2015-10-30,600519,-5.22,-4.31,-2.37,-6.05,12258,263117287.0,-71.18,16.63,0.86,0.1
2015-11-02,600519,-3.57,-5.61,-2.31,-5.67,15298,328246688.0,-77.96,-30.16,-1.3,0.12
2015-11-03,600519,-5.25,-8.46,-2.41,-9.77,23173,493565248.0,-131.19,-50.8,-2.85,0.18
2015-11-04,600519,-7.59,-3.19,-2.17,-8.06,30810,659118992.0,-69.62,62.29,5.27,0.25
2015-11-05,600519,-3.57,-1.61,5.11,-4.67,49983,1087812240.0,-306.58,49.53,1.58,0.4
2015-11-06,600519,-0.82,0.25,0.43,-2.61,21696,471929424.0,-188.82,115.53,1.86,0.17
2015-11-09,600519,3.83,2.66,6.49,0.83,40527,900398640.0,2264.0,964.0,2.41,0.32
2015-11-10,600519,1.83,4.21,5.95,0.99,28730,639416128.0,186.47,58.27,1.55,0.23
2015-11-11,600519,3.84,1.98,4.83,0.43,23816,524296320.0,104.51,-52.97,-2.23,0.19
2015-11-12,600519,2.06,1.84,4.83,1.21,16181,357408912.0,182.83,-7.07,-0.14,0.13
2015-11-13,600519,-0.07,-3.06,1.33,-3.34,28397,614644800.0,253.8,-266.3,-4.9,0.23
2015-11-16,600519,-5.67,-4.39,-1.67,-6.17,23917,511461328.0,-147.06,-43.46,-1.33,0.19
2015-11-17,600519,-3.45,-3.81,-0.67,-5.03,21986,473813952.0,-99.32,13.21,0.58,0.18
2015-11-18,600519,-4.58,-3.51,-2.17,-4.58,19726,423815328.0,-63.25,7.87,0.3,0.16
2015-11-19,600519,-4.17,-3.14,-2.17,-4.27,15263,327777824.0,-59.83,10.54,0.37,0.12
2015-11-20,600519,-3.03,-4.45,-2.39,-5.07,22274,476413648.0,-85.35,-41.72,-1.31,0.18
2015-11-23,600519,-5.17,-5.55,-4.33,-5.66,20995,446996432.0,-29.89,-24.72,-1.1,0.17
2015-11-24,600519,-5.78,-6.48,-4.89,-8.17,20469,431548240.0,-59.1,-16.76,-0.93,0.16
2015-11-25,600519,-6.47,-5.19,-5.17,-7.77,24250,512351424.0,-40.12,19.91,1.29,0.19
2015-11-26,600519,-4.68,-5.33,-4.38,-6.34,18805,400523680.0,-37.76,-2.7,-0.14,0.15
2015-11-27,600519,-5.68,-10.43,-5.63,-11.54,16221,339061424.0,-110.88,-95.68,-5.1,0.13
2015-11-30,600519,-10.13,-3.86,-3.39,-10.38,33440,702029936.0,-67.02,62.99,6.57,0.27
2015-12-01,600519,-5.17,-4.37,-4.22,-7.17,18878,400895904.0,-76.42,-13.21,-0.51,0.15
2015-12-02,600519,-3.69,3.41,8.83,-6.17,47891,1055325952.0,-343.25,178.03,7.78,0.38
2015-12-03,600519,0.83,2.03,3.23,-1.47,22387,489928576.0,137.83,-40.47,-1.38,0.18
2015-12-04,600519,1.79,-2.86,1.79,-3.16,20849,452200736.0,243.84,-240.89,-4.89,0.17
2015-12-07,600519,-3.17,-3.66,-1.19,-4.97,19255,413697600.0,-132.17,-27.97,-0.8,0.15
2015-12-08,600519,-3.62,-6.23,-3.62,-6.71,17394,370510928.0,-84.43,-70.22,-2.57,0.14
2015-12-09,600519,-6.59,-3.7,-3.12,-6.67,14120,302039600.0,-56.98,40.61,2.53,0.11
2015-12-10,600519,-3.17,-5.21,-1.97,-6.18,13787,295297552.0,-113.78,-40.81,-1.51,0.11
2015-12-11,600519,-5.67,-6.76,-5.67,-7.67,13035,275655728.0,-38.39,-29.75,-1.55,0.1
2015-12-14,600519,-7.98,-4.07,-3.29,-9.17,20701,439584112.0,-86.98,39.79,2.69,0.16
2015-12-15,600519,-4.37,-3.66,-3.58,-6.09,15088,321828816.0,-61.67,10.07,0.41,0.12
2015-12-16,600519,-3.76,-4.26,-3.53,-5.58,20145,430371568.0,-56.01,-16.39,-0.6,0.16
2015-12-17,600519,-3.78,-2.31,-1.29,-4.17,24253,523818384.0,-67.61,45.77,1.95,0.19
2015-12-18,600519,-2.67,-1.29,0.98,-3.06,28460,618897536.0,-174.89,44.16,1.02,0.23
2015-12-21,600519,-0.17,8.86,11.01,-0.17,59392,1341466592.0,-866.67,786.82,10.15,0.47
2015-12-22,600519,8.63,6.86,8.63,5.11,28402,638684800.0,39.73,-22.57,-2.0,0.23
2015-12-23,600519,7.28,4.83,8.52,4.53,22375,501438272.0,58.16,-29.59,-2.03,0.18
2015-12-24,600519,5.81,6.61,7.51,5.03,15578,350137312.0,51.35,36.85,1.78,0.12
2015-12-25,600519,6.83,6.33,7.49,4.71,11543,258870006.0,42.06,-4.24,-0.28,0.09
2015-12-28,600519,7.31,0.95,7.83,0.83,25595,569404128.0,110.58,-84.99,-5.38,0.2
2015-12-29,600519,0.45,1.66,2.27,0.34,15774,345982480.0,203.16,74.74,0.71,0.13
2015-12-30,600519,2.01,0.69,2.49,-0.65,20148,440489184.0,189.16,-58.43,-0.97,0.16
2015-12-31,600519,0.05,0.02,1.33,-0.35,19674,429872176.0,243.48,-97.1,-0.67,0.16
2016-01-04,600519,-0.17,-8.15,-0.17,-8.18,17350,371909824.0,40050.0,-40850.0,-8.17,0.14
2016-01-05,600519,-8.17,-5.35,-4.2,-10.66,31909,672596336.0,-79.26,34.36,2.8,0.25
2016-01-06,600519,-5.39,-5.99,-4.51,-8.87,23761,502483568.0,-81.5,-11.96,-0.64,0.19
2016-01-07,600519,-9.18,-15.94,-9.18,-18.14,8149,167829920.0,-149.58,-166.11,-9.95,0.06
2016-01-08,600519,-14.0,-13.54,-10.17,-18.17,44510,911812832.0,-50.19,15.06,2.4,0.35
2016-01-11,600519,-15.01,-18.31,-14.38,-18.77,29703,596838944.0,-32.42,-35.23,-4.77,0.24
2016-01-12,600519,-17.07,-21.38,-16.07,-22.17,40287,801495584.0,-33.32,-16.77,-3.07,0.32
2016-01-13,600519,-19.07,-18.39,-12.17,-19.57,29202,592420624.0,-34.61,13.99,2.99,0.23
2016-01-14,600519,-21.06,-13.35,-12.19,-22.66,34776,699341424.0,-56.93,27.41,5.04,0.28
2016-01-15,600519,-13.42,-19.17,-11.99,-20.17,26681,537750016.0,-61.27,-43.6,-5.82,0.21
2016-01-18,600519,-20.17,-18.74,-15.77,-20.97,27371,548614384.0,-27.13,2.24,0.43,0.22
2016-01-19,600519,-17.17,-7.93,-7.84,-18.16,59110,1224859280.0,-55.07,57.68,10.81,0.47
2016-01-20,600519,-11.17,-15.85,-8.01,-17.16,40969,835946960.0,-115.38,-99.87,-7.92,0.33
2016-01-21,600519,-16.91,-17.91,-13.58,-18.27,21832,439737648.0,-29.59,-13.0,-2.06,0.17
2016-01-22,600519,-15.06,-15.43,-14.77,-19.36,22733,456952016.0,-25.63,13.85,2.48,0.18
2016-01-25,600519,-15.17,-15.4,-14.68,-16.67,13750,278273552.0,-12.9,0.19,0.03,0.11
2016-01-26,600519,-17.18,-19.16,-13.7,-19.67,22281,448487472.0,-38.77,-24.42,-3.76,0.18
2016-01-27,600519,-18.19,-18.24,-17.28,-22.47,29840,589842576.0,-27.09,4.8,0.92,0.24
2016-01-28,600519,-18.42,-21.53,-18.42,-22.55,17903,353744032.0,-22.64,-18.04,-3.29,0.14
2016-01-29,600519,-20.69,-17.52,-15.67,-21.17,23090,461975280.0,-25.55,18.63,4.01,0.18
2016-02-01,600519,-16.07,-16.88,-15.37,-18.28,19178,386028336.0,-16.61,3.65,0.64,0.15
2016-02-02,600519,-16.17,-13.62,-13.37,-17.53,17842,362596992.0,-24.64,19.31,3.26,0.14
2016-02-03,600519,-15.59,-14.51,-13.61,-16.67,15157,307933680.0,-22.47,-6.53,-0.89,0.12
2016-02-04,600519,-13.37,-13.18,-12.29,-14.63,16625,340315136.0,-16.13,9.17,1.33,0.13
2016-02-05,600519,-13.18,-14.3,-12.99,-15.64,14228,290691680.0,-20.11,-8.5,-1.12,0.11
2016-02-15,600519,-18.17,-17.76,-15.17,-18.57,19470,390748384.0,-23.78,-24.2,-3.46,0.15
2016-02-16,600519,-17.61,-14.25,-10.17,-17.61,19223,393326288.0,-41.89,19.76,3.51,0.15
2016-02-17,600519,-14.43,-15.87,-13.25,-17.66,20349,411126976.0,-30.95,-11.37,-1.62,0.16
2016-02-18,600519,-14.97,-16.46,-14.57,-17.07,18893,381696256.0,-15.75,-3.72,-0.59,0.15
2016-02-19,600519,-16.55,-15.06,-14.99,-17.04,14238,287755552.0,-12.45,8.51,1.4,0.11
2016-02-22,600519,-12.17,-10.37,-9.85,-12.17,27760,574540624.0,-15.41,31.14,4.69,0.22
2016-02-23,600519,-10.4,-5.76,-3.19,-11.15,37461,795824528.0,-76.76,44.46,4.61,0.3
2016-02-24,600519,-5.97,-0.43,-0.14,-7.16,33129,717612352.0,-121.88,92.53,5.33,0.26
2016-02-25,600519,0.63,-5.76,2.31,-6.04,39481,855036784.0,-1941.86,-1239.53,-5.33,0.31
2016-02-26,600519,-5.07,-1.33,1.08,-6.91,28333,609924304.0,-138.72,76.91,4.43,0.23
2016-02-29,600519,0.82,-3.26,2.71,-11.37,47712,1022532384.0,-1058.65,-145.11,-1.93,0.38
2016-03-01,600519,-2.21,0.25,2.13,-7.77,34005,736088848.0,-303.68,107.67,3.51,0.27
2016-03-02,600519,0.83,6.05,7.33,0.5,47943,1073462816.0,2732.0,2320.0,5.8,0.38
2016-03-03,600519,6.83,9.64,13.81,3.49,40193,914557328.0,170.58,59.34,3.59,0.32
2016-03-04,600519,8.71,20.61,21.99,6.84,85839,2007278352.0,157.16,113.8,10.97,0.68
2016-03-07,600519,19.94,15.47,21.83,12.88,39346,924016288.0,43.43,-24.94,-5.14,0.31
2016-03-08,600519,15.13,11.04,15.13,8.83,26147,600938832.0,40.72,-28.64,-4.43,0.21
2016-03-09,600519,8.83,9.27,14.48,7.93,16403,375804064.0,59.33,-16.03,-1.77,0.13
2016-03-10,600519,10.82,9.89,15.53,9.83,25727,593953296.0,61.49,6.69,0.62,0.2
2016-03-11,600519,8.37,9.88,13.71,7.33,16320,373343712.0,64.51,-0.1,-0.01,0.13
2016-03-14,600519,12.59,6.4,15.33,4.03,45278,1029457824.0,114.37,-35.22,-3.48,0.36
2016-03-15,600519,6.63,13.75,16.22,6.17,36356,832373600.0,157.03,114.84,7.35,0.29
2016-03-16,600519,12.05,10.44,14.33,6.83,24251,555358080.0,54.55,-24.07,-3.31,0.19
2016-03-17,600519,11.83,11.39,15.93,10.13,28821,665454448.0,55.56,9.1,0.95,0.23
2016-03-18,600519,13.83,7.83,14.09,7.61,70569,1613934128.0,56.89,-31.26,-3.56,0.56
2016-03-21,600519,8.49,13.81,13.85,8.48,38547,885665712.0,68.58,76.37,5.98,0.31
2016-03-22,600519,14.09,16.32,20.01,13.33,41767,981582400.0,48.37,18.18,2.51,0.33
2016-03-23,600519,17.03,16.8,18.83,14.51,21412,503035648.0,26.47,2.94,0.48,0.17
2016-03-24,600519,16.83,24.49,27.23,13.13,62068,1487290880.0,83.93,45.77,7.69,0.49
2016-03-25,600519,24.33,26.81,31.62,22.85,44756,1100326144.0,35.81,9.47,2.32,0.36
2016-03-28,600519,26.81,31.41,35.21,26.81,48338,1207751712.0,31.33,17.16,4.6,0.38
2016-03-29,600519,31.43,29.94,32.83,26.27,36688,911522992.0,20.89,-4.68,-1.47,0.29
2016-03-30,600519,30.83,30.49,32.23,27.31,27783,688591408.0,16.43,1.84,0.55,0.22
2016-03-31,600519,31.67,29.47,32.13,28.82,19457,483196896.0,10.86,-3.35,-1.02,0.15
2016-04-01,600519,30.78,26.92,32.32,26.37,25146,620149504.0,20.19,-8.65,-2.55,0.2
2016-04-05,600519,24.83,27.35,29.33,24.83,25048,615354320.0,16.72,1.6,0.43,0.2
2016-04-06,600519,27.63,39.04,39.43,27.63,48425,1225137024.0,43.14,42.74,11.69,0.39
2016-04-07,600519,38.72,35.94,39.31,34.45,25536,650128768.0,12.45,-7.94,-3.1,0.2
2016-04-08,600519,33.83,31.69,37.72,30.03,23156,583704016.0,21.4,-11.83,-4.25,0.18
2016-04-11,600519,32.33,25.55,37.01,25.33,119285,2930751136.0,36.86,-19.38,-6.14,0.95
2016-04-12,600519,25.53,26.75,26.83,23.93,23339,568663728.0,11.35,4.7,1.2,0.19
2016-04-13,600519,27.23,24.07,30.46,23.53,54274,1328412384.0,25.91,-10.02,-2.68,0.43
2016-04-14,600519,24.21,24.59,26.66,22.83,28664,696651872.0,15.91,2.16,0.52,0.23
2016-04-15,600519,24.47,26.73,26.81,23.03,19029,463404864.0,15.37,8.7,2.14,0.15
2016-04-18,600519,24.63,25.51,27.83,24.33,18593,453989136.0,13.09,-4.56,-1.22,0.15
2016-04-19,600519,26.42,25.01,27.02,23.28,14237,345816832.0,14.66,-1.96,-0.5,0.11
2016-04-20,600519,25.02,20.27,26.23,17.63,33709,808354336.0,34.39,-18.95,-4.74,0.27
2016-04-21,600519,22.33,22.2,24.13,20.13,29672,713190672.0,19.73,9.52,1.93,0.24
2016-04-22,600519,22.83,29.23,29.71,22.2,35459,869560464.0,33.83,31.67,7.03,0.28
2016-04-25,600519,28.95,26.35,29.93,25.13,24990,614481808.0,16.42,-9.85,-2.88,0.2
2016-04-26,600519,26.78,25.69,28.71,24.83,15157,370224912.0,14.72,-2.5,-0.66,0.12
2016-04-27,600519,26.33,26.71,27.31,25.32,13915,340092448.0,7.75,3.97,1.02,0.11
2016-04-28,600519,27.66,28.27,28.57,25.83,17157,421012816.0,10.26,5.84,1.56,0.14
2016-04-29,600519,29.22,33.03,34.26,29.22,46079,1155915392.0,17.83,16.84,4.76,0.37
2016-05-03,600519,32.38,41.83,44.11,32.38,56475,1463972624.0,35.51,26.64,8.8,0.45
2016-05-04,600519,41.83,38.04,44.22,37.82,28636,743425168.0,15.3,-9.06,-3.79,0.23
2016-05-05,600519,38.33,39.6,39.98,37.33,13518,347050352.0,6.97,4.1,1.56,0.11
2016-05-06,600519,39.14,34.05,40.35,32.95,27174,689911424.0,18.69,-14.02,-5.55,0.22
2016-05-09,600519,31.96,32.65,34.63,30.84,27799,696784544.0,11.13,-4.11,-1.4,0.22
2016-05-10,600519,31.33,33.91,35.83,30.94,33506,843441776.0,14.98,3.86,1.26,0.27
2016-05-11,600519,34.18,38.7,42.31,34.18,49277,1268594576.0,23.98,14.13,4.79,0.39
2016-05-12,600519,35.85,37.79,38.39,33.83,18894,480711456.0,11.78,-2.35,-0.91,0.15
2016-05-13,600519,37.81,32.79,40.73,32.33,28146,714915408.0,22.23,-13.23,-5.0,0.22
2016-05-16,600519,32.69,33.46,33.63,29.13,22203,553627504.0,13.72,2.04,0.67,0.18
2016-05-17,600519,32.84,31.86,34.23,31.66,11786,295827984.0,7.68,-4.78,-1.6,0.09
2016-05-18,600519,30.91,26.27,33.68,24.93,28380,700172112.0,27.46,-17.55,-5.59,0.23
2016-05-19,600519,26.99,27.6,30.33,26.33,20889,514050848.0,15.23,5.06,1.33,0.17
2016-05-20,600519,28.67,33.09,34.01,26.15,25502,638079264.0,28.48,19.89,5.49,0.2
2016-05-23,600519,31.55,36.03,36.82,31.55,18706,474832784.0,15.93,8.88,2.94,0.15
2016-05-24,600519,36.24,33.77,37.04,31.93,11674,294383664.0,14.18,-6.27,-2.26,0.09
2016-05-25,600519,36.31,33.69,36.77,32.84,17785,450815936.0,11.64,-0.24,-0.08,0.14
2016-05-26,600519,33.82,34.54,35.63,31.03,18120,454859056.0,13.65,2.52,0.85,0.14
2016-05-27,600519,34.55,34.27,36.52,33.21,13230,334258000.0,9.58,-0.78,-0.27,0.11
2016-05-30,600519,33.33,37.96,38.33,31.83,29807,756013040.0,18.97,10.77,3.69,0.24
2016-05-31,600519,37.83,46.3,48.45,37.03,53950,1418668240.0,30.08,21.97,8.34,0.43
2016-06-01,600519,47.23,45.62,47.33,44.83,21877,578184016.0,5.4,-1.47,-0.68,0.17
2016-06-02,600519,44.84,49.57,50.51,44.84,24761,660335568.0,12.43,8.66,3.95,0.2
2016-06-03,600519,48.83,65.72,68.57,48.23,64798,1806172752.0,41.03,32.58,16.15,0.52
2016-06-06,600519,63.83,57.88,64.83,56.83,37262,1034692864.0,12.17,-11.93,-7.84,0.3
2016-06-07,600519,58.33,59.68,60.32,56.84,18754,518246016.0,6.01,3.11,1.8,0.15
2016-06-08,600519,58.23,56.11,59.69,55.33,23882,656530784.0,7.31,-5.98,-3.57,0.19
2016-06-13,600519,55.18,48.89,58.49,48.08,37775,1030012784.0,18.55,-12.87,-7.22,0.3
2016-06-14,600519,49.54,54.58,55.63,49.54,25587,696446752.0,12.46,11.64,5.69,0.2
2016-06-15,600519,52.54,58.32,59.63,52.04,27322,752172240.0,13.91,6.85,3.74,0.22
2016-06-16,600519,56.69,55.85,59.63,55.61,19644,540824576.0,6.89,-4.24,-2.47,0.16
2016-06-17,600519,55.43,60.09,64.32,55.43,24705,689165056.0,15.92,7.59,4.24,0.2
2016-06-20,600519,61.6,57.94,61.69,55.83,19019,523759584.0,9.75,-3.58,-2.15,0.15
2016-06-21,600519,58.87,55.64,59.77,54.83,16749,460067360.0,8.53,-3.97,-2.3,0.13
2016-06-22,600519,55.6,60.27,61.19,54.6,20884,577353680.0,11.84,8.32,4.63,0.17
2016-06-23,600519,61.8,58.27,61.8,56.71,13985,386801280.0,8.45,-3.32,-2.0,0.11
2016-06-24,600519,57.11,55.6,58.83,49.03,20130,550877440.0,16.82,-4.58,-2.67,0.16
2016-06-27,600519,56.83,69.51,74.13,56.83,63643,1823624048.0,31.12,25.02,13.91,0.51
2016-06-28,600519,68.85,70.04,71.49,68.15,24282,699351504.0,4.81,0.76,0.53,0.19
2016-06-29,600519,69.38,70.01,71.28,66.03,28148,805690464.0,7.5,-0.04,-0.03,0.22
2016-06-30,600519,71.85,73.75,80.03,71.85,38022,1116195904.0,11.68,5.34,3.74,0.3
2016-07-01,600519,75.2,74.17,79.88,72.0,26015,746622848.0,10.68,0.57,0.42,0.21
2016-07-04,600519,75.0,81.9,83.4,74.0,29489,859625104.0,12.67,10.42,7.73,0.23
2016-07-05,600519,83.03,88.58,91.1,83.03,41708,1252985744.0,9.85,8.16,6.68,0.33
2016-07-06,600519,87.8,105.19,106.0,87.01,47348,1463885920.0,21.44,18.75,16.61,0.38
2016-07-07,600519,103.8,104.91,114.8,100.08,50725,1619384208.0,13.99,-0.27,-0.28,0.4
2016-07-08,600519,101.53,97.91,103.5,94.16,45546,1412963904.0,8.9,-6.67,-7.0,0.36
2016-07-11,600519,97.03,103.14,112.0,97.03,57482,1825388224.0,15.29,5.34,5.23,0.46
2016-07-12,600519,103.76,112.73,114.6,103.0,53119,1712151168.0,11.25,9.3,9.59,0.42
2016-07-13,600519,111.03,105.19,112.73,103.05,53448,1697002624.0,8.59,-6.69,-7.54,0.43
2016-07-14,600519,104.09,105.09,108.8,103.2,29231,928017840.0,5.32,-0.1,-0.1,0.23
2016-07-15,600519,105.12,105.52,106.03,103.06,26811,848676192.0,2.83,0.41,0.43,0.21
2016-07-18,600519,105.5,104.21,107.5,103.66,23353,741065232.0,3.64,-1.24,-1.31,0.19
2016-07-19,600519,103.5,96.11,104.3,93.55,41432,1282256496.0,10.32,-7.77,-8.1,0.33
2016-07-20,600519,96.62,96.56,98.87,95.5,17734,548187888.0,3.51,0.47,0.45,0.14
2016-07-21,600519,98.15,102.38,105.6,97.0,33009,1041004816.0,8.91,6.03,5.82,0.26
2016-07-22,600519,100.9,95.92,103.2,95.38,28871,893047920.0,7.64,-6.31,-6.46,0.23
2016-07-25,600519,95.6,99.26,102.19,95.0,23624,736751808.0,7.5,3.48,3.34,0.19
2016-07-26,600519,97.01,107.04,107.5,96.5,35556,1121135552.0,11.08,7.84,7.78,0.28
2016-07-27,600519,107.85,102.01,108.6,96.3,39228,1235833184.0,11.49,-4.7,-5.03,0.31
2016-07-28,600519,100.0,104.05,107.3,99.5,39644,1254912048.0,7.65,2.0,2.04,0.32
2016-07-29,600519,103.08,101.15,106.88,101.0,29007,913987184.0,5.65,-2.79,-2.9,0.23
2016-08-01,600519,101.0,94.96,101.95,93.0,31702,980681840.0,8.85,-6.12,-6.19,0.25
2016-08-02,600519,95.25,94.21,98.5,90.85,26541,812078464.0,8.06,-0.79,-0.75,0.21
2016-08-03,600519,95.0,94.82,95.9,92.15,24039,735080448.0,3.98,0.65,0.61,0.19
2016-08-04,600519,94.85,94.3,96.33,92.22,21794,666165440.0,4.33,-0.55,-0.52,0.17
2016-08-05,600519,94.49,93.93,96.37,93.03,20308,622324416.0,3.54,-0.39,-0.37,0.16
2016-08-08,600519,94.15,96.1,96.3,91.06,22007,672724160.0,5.58,2.31,2.17,0.18
2016-08-09,600519,96.17,103.75,105.67,94.42,39290,1230571984.0,11.71,7.96,7.65,0.31
2016-08-10,600519,103.05,101.81,104.5,101.33,20945,659451040.0,3.06,-1.87,-1.94,0.17
2016-08-11,600519,102.38,104.77,109.57,102.01,31940,1016399248.0,7.43,2.91,2.96,0.25
2016-08-12,600519,105.4,104.97,105.4,102.01,23353,737487488.0,3.24,0.19,0.2,0.19
2016-08-15,600519,103.8,106.78,109.69,102.15,34110,1084418384.0,7.18,1.72,1.81,0.27
2016-08-16,600519,110.0,97.52,110.48,96.0,88379,2755749504.0,13.56,-8.67,-9.26,0.7
2016-08-17,600519,97.6,96.16,98.97,94.5,43754,1347397792.0,4.58,-1.39,-1.36,0.35
2016-08-18,600519,95.95,94.43,97.65,93.13,31006,951674784.0,4.7,-1.8,-1.73,0.25
2016-08-19,600519,93.8,94.48,95.45,92.8,19141,585467696.0,2.81,0.05,0.05,0.15
2016-08-22,600519,94.13,95.32,97.58,94.0,20813,640455200.0,3.79,0.89,0.84,0.17
2016-08-23,600519,95.33,94.88,97.04,93.8,19914,612752800.0,3.4,-0.46,-0.44,0.16
2016-08-24,600519,95.02,93.28,95.49,91.83,22779,695005296.0,3.86,-1.69,-1.6,0.18
2016-08-25,600519,93.2,91.01,93.38,88.07,25363,766099104.0,5.69,-2.43,-2.27,0.2
2016-08-26,600519,91.14,89.45,92.55,88.4,21436,648346752.0,4.56,-1.71,-1.56,0.17
2016-08-29,600519,96.0,95.53,96.8,93.2,38056,1169052448.0,4.02,6.8,6.08,0.3
2016-08-30,600519,95.0,93.86,96.5,92.67,21171,649198656.0,4.01,-1.75,-1.67,0.17
2016-08-31,600519,94.7,98.19,98.76,93.54,40401,1250762224.0,5.56,4.61,4.33,0.32
2016-09-01,600519,97.7,96.71,100.0,96.25,17186,532785264.0,3.82,-1.51,-1.48,0.14
2016-09-02,600519,96.0,93.78,97.45,92.88,18572,570909568.0,4.73,-3.03,-2.93,0.15
2016-09-05,600519,94.2,96.5,97.0,93.81,19139,589626256.0,3.4,2.9,2.72,0.15
2016-09-06,600519,96.5,97.94,98.36,96.35,20626,638681584.0,2.08,1.49,1.44,0.16
2016-09-07,600519,97.68,94.6,97.68,93.5,29645,908976240.0,4.27,-3.41,-3.34,0.24
2016-09-08,600519,93.21,93.82,94.5,92.41,16706,509979664.0,2.21,-0.82,-0.78,0.13
2016-09-09,600519,94.65,92.63,94.86,92.0,16223,494663728.0,3.05,-1.27,-1.19,0.13
2016-09-12,600519,90.0,86.06,92.0,85.77,38239,1148690128.0,6.73,-7.09,-6.57,0.3
2016-09-13,600519,87.95,88.43,88.97,87.3,16256,488095088.0,1.94,2.75,2.37,0.13
2016-09-14,600519,88.1,87.57,90.2,86.01,18528,556106064.0,4.74,-0.97,-0.86,0.15
2016-09-19,600519,88.05,88.13,89.57,87.88,12852,385804384.0,1.93,0.64,0.56,0.1
2016-09-20,600519,88.78,82.96,88.8,82.0,34893,1031649952.0,7.72,-5.87,-5.17,0.28
2016-09-21,600519,83.06,82.05,83.39,77.11,39037,1139374176.0,7.57,-1.1,-0.91,0.31
2016-09-22,600519,82.3,84.98,87.98,82.01,29606,879666032.0,7.28,3.57,2.93,0.24
2016-09-23,600519,85.02,85.68,86.95,83.4,12672,376554080.0,4.18,0.82,0.7,0.1
2016-09-26,600519,85.0,76.73,85.01,76.55,37176,1080278320.0,9.87,-10.45,-8.95,0.3
2016-09-27,600519,76.88,79.17,79.98,76.76,17916,520513712.0,4.2,3.18,2.44,0.14
2016-09-28,600519,79.79,76.41,79.79,75.56,22360,648736320.0,5.34,-3.49,-2.76,0.18
2016-09-29,600519,75.85,78.98,81.0,75.85,23706,688873472.0,6.74,3.36,2.57,0.19
2016-09-30,600519,78.0,85.91,87.63,78.0,29604,880477808.0,12.19,8.77,6.93,0.24
2016-10-10,600519,86.51,90.96,91.86,86.51,21104,637178864.0,6.23,5.88,5.05,0.17
2016-10-11,600519,92.0,96.92,97.0,91.0,41737,1279755344.0,6.6,6.55,5.96,0.33
2016-10-12,600519,96.5,93.82,96.5,92.9,19286,590793824.0,3.71,-3.2,-3.1,0.15
2016-10-13,600519,94.8,91.89,94.94,91.51,16144,491591616.0,3.66,-2.06,-1.93,0.13
2016-10-14,600519,91.47,93.6,94.0,91.2,12691,386317904.0,3.05,1.86,1.71,0.1
2016-10-17,600519,93.45,90.45,93.5,89.5,18957,574503344.0,4.27,-3.37,-3.15,0.15
2016-10-18,600519,90.5,95.16,96.5,90.0,30389,932443504.0,7.19,5.21,4.71,0.24
2016-10-19,600519,96.5,94.45,96.75,93.1,14123,433658688.0,3.84,-0.75,-0.71,0.11
2016-10-20,600519,95.39,93.48,95.39,92.8,14080,429896208.0,2.74,-1.03,-0.97,0.11
2016-10-21,600519,93.08,92.19,93.48,90.59,11483,349209696.0,3.09,-1.38,-1.29,0.09
2016-10-24,600519,90.6,94.93,95.0,90.6,26247,802002336.0,4.77,2.97,2.74,0.21
2016-10-25,600519,95.39,100.94,101.0,95.39,43762,1363211040.0,5.91,6.33,6.01,0.35
2016-10-26,600519,101.0,101.68,106.31,99.65,46813,1475976848.0,6.6,0.73,0.74,0.37
2016-10-27,600519,100.99,104.87,106.22,99.01,32952,1039017328.0,7.09,3.14,3.19,0.26
2016-10-28,600519,105.5,105.05,106.43,102.0,20137,637478016.0,4.22,0.17,0.18,0.16
2016-10-31,600519,107.0,105.95,110.8,104.8,43596,1394967920.0,5.71,0.86,0.9,0.35
2016-11-01,600519,105.95,104.68,107.0,103.55,19512,617880128.0,3.26,-1.2,-1.27,0.16
2016-11-02,600519,104.09,103.18,105.16,101.68,20636,650629056.0,3.32,-1.43,-1.5,0.16
2016-11-03,600519,103.0,103.86,104.46,102.15,18691,589861360.0,2.24,0.66,0.68,0.15
2016-11-04,600519,103.99,102.82,106.25,101.98,20619,650490000.0,4.11,-1.0,-1.04,0.16
2016-11-07,600519,103.0,103.33,105.0,101.2,16048,505304912.0,3.7,0.5,0.51,0.13
2016-11-08,600519,104.5,108.0,110.18,103.68,34194,1093003616.0,6.29,4.52,4.67,0.27
2016-11-09,600519,108.0,104.81,109.97,101.8,30004,951077200.0,7.56,-2.95,-3.19,0.24
2016-11-10,600519,107.1,107.13,109.0,105.73,17805,568571584.0,3.12,2.21,2.32,0.14
2016-11-11,600519,105.99,103.08,106.3,102.8,35903,1133744320.0,3.27,-3.78,-4.05,0.29
2016-11-14,600519,103.55,98.99,103.87,97.99,39920,1246340880.0,5.7,-3.97,-4.09,0.32
2016-11-15,600519,98.03,102.01,103.65,98.03,24471,766112496.0,5.68,3.05,3.02,0.19
2016-11-16,600519,101.81,101.15,103.4,100.0,13400,419672480.0,3.33,-0.84,-0.86,0.11
2016-11-17,600519,100.08,99.04,101.0,98.53,18338,570642080.0,2.44,-2.09,-2.11,0.15
2016-11-18,600519,99.16,98.0,99.8,97.88,19378,601883504.0,1.94,-1.05,-1.04,0.15
2016-11-21,600519,99.02,97.5,99.66,96.37,26084,807014528.0,3.36,-0.51,-0.5,0.21
2016-11-22,600519,98.3,96.87,98.45,96.37,26424,816561744.0,2.13,-0.65,-0.63,0.21
2016-11-23,600519,99.0,100.95,101.0,97.11,34015,1058266304.0,4.02,4.21,4.08,0.27
2016-11-24,600519,101.2,104.93,105.0,99.42,39079,1227937712.0,5.53,3.94,3.98,0.31
2016-11-25,600519,105.04,104.89,106.0,101.42,22370,706042464.0,4.36,-0.04,-0.04,0.18
2016-11-28,600519,105.55,107.5,108.18,104.6,49253,1568882896.0,3.41,2.49,2.61,0.39
2016-11-29,600519,108.7,111.96,118.45,107.41,58831,1911874432.0,10.27,4.15,4.46,0.47
2016-11-30,600519,109.22,107.08,111.3,106.45,26752,855564592.0,4.33,-4.36,-4.88,0.21
2016-12-01,600519,108.0,109.02,112.59,106.68,27942,896065024.0,5.52,1.81,1.94,0.22
2016-12-02,600519,109.0,109.77,111.2,107.0,30628,984836864.0,3.85,0.69,0.75,0.24
2016-12-05,600519,107.2,103.93,112.54,103.82,42061,1342647360.0,7.94,-5.32,-5.84,0.33
2016-12-06,600519,104.23,114.42,114.58,104.23,38923,1251764480.0,9.96,10.09,10.49,0.31
2016-12-07,600519,115.12,115.45,116.5,111.97,25272,825849248.0,3.96,0.9,1.03,0.2
2016-12-08,600519,116.01,125.71,128.0,115.0,54476,1825332448.0,11.26,8.89,10.26,0.43
2016-12-09,600519,125.2,125.76,127.42,122.02,34496,1162079792.0,4.3,0.04,0.05,0.27
2016-12-12,600519,125.7,114.86,128.0,113.7,50332,1667557008.0,11.37,-8.67,-10.9,0.4
2016-12-13,600519,114.84,121.01,123.0,113.5,41780,1384533792.0,8.27,5.35,6.15,0.33
2016-12-14,600519,121.0,120.27,122.07,116.5,32029,1062697136.0,4.6,-0.61,-0.74,0.25
2016-12-15,600519,120.46,116.05,120.99,113.58,39203,1285279904.0,6.16,-3.51,-4.22,0.31
2016-12-16,600519,115.0,115.58,117.88,111.58,25051,818412416.0,5.43,-0.4,-0.47,0.2
2016-12-19,600519,114.0,113.96,122.37,113.61,30472,1002365472.0,7.58,-1.4,-1.62,0.24
2016-12-20,600519,114.04,114.48,115.0,109.81,30832,1001345152.0,4.55,0.46,0.52,0.25
2016-12-21,600519,114.9,116.66,117.29,111.56,24711,807548096.0,5.01,1.9,2.18,0.2
2016-12-22,600519,116.0,113.2,116.46,112.88,14678,478750704.0,3.07,-2.97,-3.46,0.12
2016-12-23,600519,111.55,108.03,112.5,107.13,31096,1001068080.0,4.74,-4.57,-5.17,0.25
2016-12-26,600519,107.03,112.48,112.99,104.2,26001,835811088.0,8.14,4.12,4.45,0.21
2016-12-27,600519,112.51,114.16,116.8,111.5,20062,655887936.0,4.71,1.49,1.68,0.16
2016-12-28,600519,114.99,111.72,116.0,111.33,17878,581648976.0,4.09,-2.14,-2.44,0.14
2016-12-29,600519,112.0,115.31,115.87,111.0,21225,690986080.0,4.36,3.21,3.59,0.17
2016-12-30,600519,114.61,122.15,123.29,114.61,34688,1152982240.0,7.53,5.93,6.84,0.28
2017-01-03,600519,122.28,122.56,125.0,120.81,20764,695005296.0,3.43,0.34,0.41,0.17
2017-01-04,600519,122.62,139.91,140.17,122.6,65257,2245051872.0,14.34,14.16,17.35,0.52
2017-01-05,600519,138.0,134.74,139.45,133.44,41704,1449077680.0,4.3,-3.7,-5.17,0.33
2017-01-06,600519,134.64,138.76,147.78,134.1,68096,2402546304.0,10.15,2.98,4.02,0.54
2017-01-09,600519,135.8,136.51,140.88,134.54,35405,1233977968.0,4.57,-1.62,-2.25,0.28
2017-01-10,600519,136.45,137.0,140.0,134.6,31728,1108100800.0,3.96,0.36,0.49,0.25
2017-01-11,600519,136.0,133.45,136.0,131.5,23599,814074640.0,3.28,-2.59,-3.55,0.19
2017-01-12,600519,134.55,135.05,135.4,132.51,17779,614822048.0,2.17,1.2,1.6,0.14
2017-01-13,600519,134.98,132.87,135.39,131.88,18282,631734944.0,2.6,-1.61,-2.18,0.15
2017-01-16,600519,132.13,129.47,132.8,126.8,36855,1259384864.0,4.52,-2.56,-3.4,0.29
2017-01-17,600519,130.6,137.13,139.5,130.0,35188,1223967888.0,7.34,5.92,7.66,0.28
2017-01-18,600519,136.88,143.08,144.77,135.21,46006,1622110976.0,6.97,4.34,5.95,0.37
2017-01-19,600519,143.0,142.72,146.48,139.7,28524,1011320064.0,4.74,-0.25,-0.36,0.23
2017-01-20,600519,142.9,142.99,145.4,141.03,21344,758416000.0,3.06,0.19,0.27,0.17
2017-01-23,600519,144.88,139.22,147.8,137.46,32581,1151869296.0,7.23,-2.64,-3.77,0.26
2017-01-24,600519,139.27,138.31,140.8,134.75,26915,939129472.0,4.35,-0.65,-0.91,0.21
2017-01-25,600519,137.98,135.63,137.98,134.2,22990,799259968.0,2.73,-1.94,-2.68,0.18
2017-01-26,600519,136.14,132.42,136.8,129.3,37826,1303262144.0,5.53,-2.37,-3.21,0.3
2017-02-03,600519,134.0,134.85,137.18,133.0,20936,727140784.0,3.16,1.84,2.43,0.17
2017-02-06,600519,136.49,134.85,136.89,132.96,15681,543401904.0,2.91,0.0,0.0,0.12
2017-02-07,600519,134.84,131.58,135.4,131.14,20520,707114112.0,3.16,-2.42,-3.27,0.16
2017-02-08,600519,131.76,132.21,133.5,130.67,19089,656786320.0,2.15,0.48,0.63,0.15
2017-02-09,600519,133.0,135.61,136.79,132.61,23324,808958176.0,3.16,2.57,3.4,0.19
2017-02-10,600519,136.62,133.08,137.82,133.0,24057,835679328.0,3.55,-1.87,-2.53,0.19
2017-02-13,600519,132.0,137.75,139.9,129.92,53588,1869148352.0,7.5,3.51,4.67,0.43
2017-02-14,600519,137.54,138.21,140.6,137.1,26559,931733728.0,2.54,0.33,0.46,0.21
2017-02-15,600519,139.5,136.53,140.44,135.2,26257,917475856.0,3.79,-1.22,-1.68,0.21
2017-02-16,600519,136.5,136.09,136.62,133.51,17642,612607280.0,2.28,-0.32,-0.44,0.14
2017-02-17,600519,136.9,138.56,142.44,135.5,29102,1022647968.0,5.1,1.81,2.47,0.23
2017-02-20,600519,138.41,149.29,150.32,138.01,61853,2215563600.0,8.88,7.74,10.73,0.49
2017-02-21,600519,149.88,146.74,150.43,145.18,27706,994112864.0,3.52,-1.71,-2.55,0.22
2017-02-22,600519,148.61,149.89,154.52,148.0,37130,1347469104.0,4.44,2.15,3.15,0.3
2017-02-23,600519,148.97,149.7,153.48,147.76,23328,844123200.0,3.82,-0.13,-0.19,0.19
2017-02-24,600519,150.0,150.62,150.89,148.05,17693,639123200.0,1.9,0.61,0.92,0.14
2017-02-27,600519,150.49,145.2,150.85,144.8,25400,912927184.0,4.02,-3.6,-5.42,0.2
2017-02-28,600519,145.0,142.66,147.2,141.58,27474,975788672.0,3.87,-1.75,-2.54,0.22
2017-03-01,600519,143.1,144.61,146.2,143.0,21944,782349008.0,2.24,1.37,1.95,0.17
2017-03-02,600519,144.71,144.82,145.0,142.53,22104,785560416.0,1.71,0.15,0.21,0.18
2017-03-03,600519,143.0,144.54,146.22,143.0,14154,505108560.0,2.22,-0.19,-0.28,0.11
2017-03-06,600519,145.66,146.96,147.54,144.55,22819,818625872.0,2.07,1.67,2.42,0.18
2017-03-07,600519,146.03,155.2,156.88,146.03,46287,1694198544.0,7.38,5.61,8.24,0.37
2017-03-08,600519,155.18,155.28,156.49,153.5,16038,588667680.0,1.93,0.05,0.08,0.13
2017-03-09,600519,155.0,157.9,157.98,153.56,23406,860084032.0,2.85,1.69,2.62,0.19
2017-03-10,600519,157.92,157.85,165.0,156.36,40951,1524343088.0,5.47,-0.03,-0.05,0.33
2017-03-13,600519,158.05,159.55,162.33,155.53,27674,1027592800.0,4.31,1.08,1.7,0.22
2017-03-14,600519,159.55,157.5,161.85,156.34,20416,756359632.0,3.45,-1.28,-2.05,0.16
2017-03-15,600519,157.5,162.68,163.15,157.01,25155,935994832.0,3.9,3.29,5.18,0.2
2017-03-16,600519,164.56,162.77,166.3,160.8,25023,938231440.0,3.38,0.06,0.09,0.2
2017-03-17,600519,161.1,166.48,172.45,161.1,34700,1315336848.0,6.97,2.28,3.71,0.28
2017-03-20,600519,168.5,174.41,174.71,166.88,31546,1209603920.0,4.7,4.76,7.93,0.25
2017-03-21,600519,174.55,182.01,184.5,174.5,48461,1901883744.0,5.73,4.36,7.6,0.39
2017-03-22,600519,178.53,182.48,182.6,173.0,45533,1775217760.0,5.27,0.26,0.47,0.36
2017-03-23,600519,180.03,177.79,181.99,174.6,34505,1345058752.0,4.05,-2.57,-4.69,0.27
2017-03-24,600519,180.32,174.82,181.22,173.0,33288,1292313392.0,4.62,-1.67,-2.97,0.26
2017-03-27,600519,174.03,166.82,177.26,166.39,53690,2054742976.0,6.22,-4.58,-8.0,0.43
2017-03-28,600519,167.95,168.26,169.15,164.66,41187,1558258560.0,2.69,0.86,1.44,0.33
2017-03-29,600519,169.01,171.65,173.8,167.9,37300,1429610960.0,3.51,2.01,3.39,0.3
2017-03-30,600519,171.0,174.14,174.89,170.6,31613,1216016528.0,2.5,1.45,2.49,0.25
2017-03-31,600519,174.2,174.36,176.0,172.18,24474,945503280.0,2.19,0.13,0.22,0.19
2017-04-05,600519,173.66,177.66,182.99,173.0,40790,1594997312.0,5.73,1.89,3.3,0.32
2017-04-06,600519,177.01,179.91,181.0,174.63,28857,1125204240.0,3.59,1.27,2.25,0.23
2017-04-07,600519,180.99,180.87,182.0,177.6,24097,945589200.0,2.45,0.53,0.96,0.19
2017-04-10,600519,182.0,177.2,182.0,176.0,28869,1126296272.0,3.32,-2.03,-3.67,0.23
2017-04-11,600519,176.05,173.29,178.7,168.6,43531,1679537552.0,5.7,-2.21,-3.91,0.35
2017-04-12,600519,173.29,178.23,179.0,172.8,27003,1049245584.0,3.58,2.85,4.94,0.21
2017-04-13,600519,178.78,186.39,186.59,178.51,45648,1805008864.0,4.53,4.58,8.16,0.36
2017-04-14,600519,187.43,183.45,187.88,183.0,23647,938378992.0,2.62,-1.58,-2.94,0.19
2017-04-17,600519,179.0,183.79,186.28,176.55,28794,1136763712.0,5.3,0.19,0.34,0.23
2017-04-18,600519,182.6,192.65,194.55,182.6,49581,1987661264.0,6.5,4.82,8.86,0.39
2017-04-19,600519,191.0,193.74,197.1,190.86,37550,1521983648.0,3.24,0.57,1.09,0.3
2017-04-20,600519,194.09,203.31,208.43,194.09,50458,2091241456.0,7.4,4.94,9.57,0.4
2017-04-21,600519,203.0,188.53,203.6,188.0,49333,2015062640.0,7.67,-7.27,-14.78,0.39
2017-04-24,600519,188.62,186.55,193.0,177.0,50038,1986424992.0,8.49,-1.05,-1.98,0.4
2017-04-25,600519,192.8,206.89,208.17,192.8,76193,3143136336.0,8.24,10.9,20.34,0.61
2017-04-26,600519,206.85,205.96,216.68,201.01,56624,2384125120.0,7.57,-0.45,-0.93,0.45
2017-04-27,600519,203.53,209.44,209.97,198.43,28241,1180494896.0,5.6,1.69,3.48,0.22
2017-04-28,600519,209.99,201.48,211.0,197.9,49506,2052093808.0,6.25,-3.8,-7.96,0.39
2017-05-02,600519,199.6,200.08,203.0,197.18,23292,960137248.0,2.89,-0.69,-1.4,0.19
2017-05-03,600519,199.0,205.61,205.66,199.0,20268,842560352.0,3.33,2.76,5.53,0.16
2017-05-04,600519,202.63,204.0,206.48,202.63,26709,1111200112.0,1.87,-0.78,-1.61,0.21
2017-05-05,600519,204.2,204.19,210.78,203.1,37437,1566063424.0,3.76,0.09,0.19,0.3
2017-05-08,600519,204.18,193.48,205.0,192.72,40722,1671035536.0,6.01,-5.25,-10.71,0.32
2017-05-09,600519,192.44,196.76,197.88,186.0,52802,2126236512.0,6.14,1.7,3.28,0.42
2017-05-10,600519,196.4,198.09,202.44,195.02,26039,1070652720.0,3.77,0.68,1.33,0.21
2017-05-11,600519,196.4,200.16,202.7,194.51,30468,1254053008.0,4.13,1.04,2.07,0.24
2017-05-12,600519,201.59,201.47,203.3,198.01,22337,921621376.0,2.64,0.65,1.31,0.18
2017-05-15,600519,201.12,207.55,208.35,201.12,33447,1398908208.0,3.59,3.02,6.08,0.27
2017-05-16,600519,207.6,218.12,219.22,206.26,50165,2145037952.0,6.24,5.09,10.57,0.4
2017-05-17,600519,217.0,214.6,218.19,212.88,27515,1174696176.0,2.43,-1.61,-3.52,0.22
2017-05-18,600519,213.05,217.54,218.7,213.01,24301,1040535488.0,2.65,1.37,2.94,0.19
2017-05-19,600519,217.57,228.82,229.8,217.57,38311,1672948416.0,5.62,5.19,11.28,0.3
2017-05-22,600519,227.04,229.78,234.01,224.2,35321,1560087952.0,4.29,0.42,0.96,0.28
2017-05-23,600519,230.25,242.2,242.47,230.25,48454,2178738032.0,5.32,5.41,12.42,0.39
2017-05-24,600519,240.9,238.32,244.48,234.0,40226,1812513088.0,4.33,-1.6,-3.88,0.32
2017-05-25,600519,236.71,238.6,240.96,235.5,28898,1299628592.0,2.29,0.12,0.28,0.23
2017-05-26,600519,238.82,239.92,243.6,236.0,27387,1237323136.0,3.19,0.55,1.32,0.22
2017-05-31,600519,238.0,230.94,238.5,228.11,44312,1968887168.0,4.33,-3.74,-8.98,0.35
2017-06-01,600519,230.5,237.28,237.95,229.01,40605,1808305712.0,3.87,2.75,6.34,0.32
2017-06-02,600519,238.0,235.31,238.95,233.6,21785,974893312.0,2.25,-0.83,-1.97,0.17
2017-06-05,600519,236.04,232.41,237.0,230.35,19241,854876928.0,2.83,-1.23,-2.9,0.15
2017-06-06,600519,232.97,236.82,237.0,232.2,20402,912438704.0,2.07,1.9,4.41,0.16
2017-06-07,600519,237.12,247.37,248.0,237.12,38834,1774212480.0,4.59,4.45,10.55,0.31
2017-06-08,600519,249.32,252.31,252.4,246.5,28951,1338443408.0,2.39,2.0,4.94,0.23
2017-06-09,600519,252.24,253.74,258.8,251.0,31431,1467836832.0,3.09,0.57,1.43,0.25
2017-06-12,600519,255.0,260.88,263.44,253.0,35109,1654502000.0,4.11,2.81,7.14,0.28
2017-06-13,600519,261.05,261.04,262.5,255.0,24238,1141536368.0,2.87,0.06,0.16,0.19
2017-06-14,600519,260.79,262.39,265.5,258.48,33769,1600846624.0,2.69,0.52,1.35,0.27
2017-06-15,600519,263.0,252.3,263.48,252.0,50203,2347172384.0,4.38,-3.85,-10.09,0.4
2017-06-16,600519,249.5,250.63,255.49,249.26,33332,1544955952.0,2.47,-0.66,-1.67,0.27
2017-06-19,600519,249.96,258.17,258.39,249.96,38537,1803585248.0,3.36,3.01,7.54,0.31
2017-06-20,600519,261.0,254.3,262.88,253.66,34505,1614858144.0,3.57,-1.5,-3.87,0.27
2017-06-21,600519,257.55,260.71,261.0,254.03,42039,1974672848.0,2.74,2.52,6.41,0.33
2017-06-22,600519,261.02,260.75,265.93,259.2,38242,1815684368.0,2.58,0.02,0.04,0.3
2017-06-23,600519,260.86,260.73,262.88,256.33,31304,1473803776.0,2.51,-0.01,-0.02,0.25
2017-06-26,600519,261.01,272.68,273.0,260.0,52933,2536430496.0,4.99,4.58,11.95,0.42
2017-06-27,600519,270.82,272.1,273.0,268.85,27981,1350476768.0,1.52,-0.21,-0.58,0.22
2017-06-28,600519,272.09,263.3,272.09,261.0,37729,1799676816.0,4.08,-3.23,-8.8,0.3
2017-06-29,600519,264.3,261.01,265.35,258.0,35093,1657994400.0,2.79,-0.87,-2.29,0.28
2017-06-30,600519,259.51,259.85,262.16,255.8,22427,1056424784.0,2.44,-0.44,-1.16,0.18
2017-07-03,600519,262.2,248.37,262.2,245.9,49629,2298656464.0,6.27,-4.42,-11.48,0.4
2017-07-04,600519,246.96,239.92,248.0,237.0,56489,2563886384.0,4.43,-3.4,-8.45,0.45
2017-07-05,600519,241.01,248.13,248.33,241.01,37540,1718844528.0,3.05,3.42,8.21,0.3
2017-07-06,600519,246.11,243.98,248.2,238.6,42044,1913037504.0,3.87,-1.67,-4.15,0.33
2017-07-07,600519,245.83,240.75,245.88,235.98,37796,1681450720.0,4.06,-1.32,-3.23,0.3
2017-07-10,600519,241.66,249.25,249.68,237.75,36624,1648443664.0,4.96,3.53,8.5,0.29
2017-07-11,600519,249.28,257.91,259.36,248.78,44602,2054854496.0,4.24,3.47,8.66,0.36
2017-07-12,600519,260.58,252.25,260.77,249.78,28951,1330327920.0,4.26,-2.19,-5.66,0.23
2017-07-13,600519,250.13,250.94,256.69,248.46,25951,1183440448.0,3.26,-0.52,-1.31,0.21
2017-07-14,600519,251.03,251.19,253.54,247.83,17727,806510272.0,2.28,0.1,0.25,0.14
2017-07-17,600519,251.82,244.85,252.82,241.06,35264,1595292992.0,4.68,-2.52,-6.34,0.28
2017-07-18,600519,246.77,247.33,248.77,242.78,30684,1384468256.0,2.45,1.01,2.48,0.24
2017-07-19,600519,248.78,251.64,258.4,247.58,56260,2574934656.0,4.37,1.74,4.31,0.45
2017-07-20,600519,250.64,261.25,261.67,250.64,46635,2160731536.0,4.38,3.82,9.61,0.37
2017-07-21,600519,261.74,267.98,269.79,258.44,46792,2207195744.0,4.34,2.58,6.73,0.37
2017-07-24,600519,269.66,272.58,280.13,269.66,42716,2052709808.0,3.91,1.72,4.6,0.34
2017-07-25,600519,276.98,272.74,277.58,270.88,21930,1051446096.0,2.46,0.06,0.16,0.17
2017-07-26,600519,272.83,266.41,276.41,261.34,31470,1487729152.0,5.53,-2.32,-6.33,0.25
2017-07-27,600519,266.41,268.65,270.63,265.88,19595,928077232.0,1.78,0.84,2.24,0.16
2017-07-28,600519,265.78,278.7,278.85,262.49,46619,2235811536.0,6.09,3.74,10.05,0.37
2017-07-31,600519,278.78,276.0,282.74,275.78,38412,1861154800.0,2.5,-0.97,-2.7,0.31
2017-08-01,600519,275.78,275.02,277.78,272.18,27502,1318453664.0,2.03,-0.36,-0.98,0.22
2017-08-02,600519,274.82,277.62,279.66,273.29,26774,1289564016.0,2.32,0.95,2.6,0.21
2017-08-03,600519,278.46,272.0,281.63,270.41,31768,1522998144.0,4.04,-2.02,-5.62,0.25
2017-08-04,600519,271.78,268.42,273.76,267.38,18681,887074160.0,2.35,-1.32,-3.58,0.15
2017-08-07,600519,267.28,276.34,277.18,265.91,23099,1104715344.0,4.2,2.95,7.92,0.18
2017-08-08,600519,276.78,277.36,279.0,274.28,16052,773408192.0,1.71,0.37,1.02,0.13
2017-08-09,600519,279.62,285.63,287.76,276.81,41794,2045888048.0,3.95,2.98,8.27,0.33
2017-08-10,600519,285.87,286.41,294.38,283.78,35364,1747693648.0,3.71,0.27,0.78,0.28
2017-08-11,600519,283.78,278.84,291.33,278.26,36573,1785149168.0,4.56,-2.64,-7.57,0.29
2017-08-14,600519,279.99,294.61,294.88,279.99,39331,1952353920.0,5.34,5.66,15.77,0.31
2017-08-15,600519,294.89,290.75,295.88,289.79,27163,1350104672.0,2.07,-1.31,-3.86,0.22
2017-08-16,600519,292.78,291.27,293.58,287.78,18587,921412992.0,1.99,0.18,0.52,0.15
2017-08-17,600519,292.38,287.47,292.38,284.58,25847,1272341264.0,2.68,-1.3,-3.8,0.21
2017-08-18,600519,287.58,284.43,289.22,282.78,23858,1169732672.0,2.24,-1.06,-3.04,0.19
2017-08-21,600519,282.78,284.51,289.18,281.72,23547,1153168720.0,2.62,0.03,0.08,0.19
2017-08-22,600519,282.18,282.0,284.26,270.78,42457,2051271360.0,4.74,-0.88,-2.51,0.34
2017-08-23,600519,280.23,288.79,289.41,279.1,27215,1337347648.0,3.66,2.41,6.79,0.22
2017-08-24,600519,288.77,287.59,291.18,286.8,18157,896861680.0,1.52,-0.42,-1.2,0.14
2017-08-25,600519,288.23,287.77,289.03,284.1,17298,850598720.0,1.71,0.06,0.18,0.14
2017-08-28,600519,287.78,286.82,292.07,285.81,29021,1432545552.0,2.18,-0.33,-0.95,0.23
2017-08-29,600519,287.8,284.22,289.66,282.79,25177,1234431712.0,2.4,-0.91,-2.6,0.2
2017-08-30,600519,284.48,287.75,288.53,283.94,18504,910133936.0,1.61,1.24,3.53,0.15
2017-08-31,600519,288.82,285.93,289.66,284.58,18737,921659712.0,1.77,-0.63,-1.82,0.15
2017-09-01,600519,284.98,289.96,291.06,284.81,31451,1554634576.0,2.19,1.41,4.03,0.25
2017-09-04,600519,289.96,287.2,291.44,286.05,18932,932954816.0,1.86,-0.95,-2.76,0.15
2017-09-05,600519,287.66,284.77,288.77,284.28,22622,1112006400.0,1.56,-0.85,-2.43,0.18
2017-09-06,600519,284.78,279.76,287.55,279.62,33007,1608066096.0,2.78,-1.76,-5.01,0.26
2017-09-07,600519,280.09,276.05,281.68,274.84,33320,1605408576.0,2.44,-1.33,-3.71,0.27
2017-09-08,600519,273.03,269.15,275.28,268.78,41173,1962989424.0,2.35,-2.5,-6.9,0.33
2017-09-11,600519,265.87,273.1,277.0,264.76,45374,2161657248.0,4.55,1.47,3.95,0.36
2017-09-12,600519,274.28,279.69,280.78,273.18,34342,1661294224.0,2.78,2.41,6.59,0.27
2017-09-13,600519,279.78,286.41,286.98,276.16,33076,1618956528.0,3.87,2.4,6.72,0.26
2017-09-14,600519,287.77,285.49,288.81,283.77,19399,953145168.0,1.76,-0.32,-0.92,0.15
2017-09-15,600519,287.28,284.62,287.28,282.78,16039,786562208.0,1.58,-0.3,-0.87,0.13
2017-09-18,600519,284.92,293.75,295.28,284.92,42207,2101680384.0,3.64,3.21,9.13,0.34
2017-09-19,600519,295.08,291.73,297.28,290.79,23055,1151152848.0,2.21,-0.69,-2.02,0.18
2017-09-20,600519,291.68,290.98,294.8,290.78,17318,862024944.0,1.38,-0.26,-0.75,0.14
2017-09-21,600519,290.72,293.55,295.36,287.66,19403,963615280.0,2.65,0.88,2.57,0.15
2017-09-22,600519,291.68,294.71,294.96,290.58,16344,815718864.0,1.49,0.4,1.16,0.13
2017-09-25,600519,295.09,302.02,302.98,295.08,32698,1649582912.0,2.68,2.48,7.31,0.26
2017-09-26,600519,301.47,304.07,304.78,298.38,25470,1292872640.0,2.12,0.68,2.05,0.2
2017-09-27,600519,303.7,302.99,305.81,300.85,16671,847627360.0,1.63,-0.36,-1.08,0.13
2017-09-28,600519,301.98,313.24,314.98,301.93,25970,1340236080.0,4.31,3.38,10.25,0.21
2017-09-29,600519,310.78,312.42,320.66,310.28,22436,1166403120.0,3.31,-0.26,-0.82,0.18
2017-10-09,600519,319.32,322.55,330.33,314.88,34891,1844481600.0,4.95,3.24,10.13,0.28
2017-10-10,600519,321.83,334.84,335.27,321.79,31006,1662690448.0,4.18,3.81,12.29,0.25
2017-10-11,600519,332.88,340.32,346.03,332.88,33406,1824898704.0,3.93,1.64,5.48,0.27
2017-10-12,600519,339.78,338.87,342.28,334.96,19646,1067464512.0,2.15,-0.43,-1.45,0.16
2017-10-13,600519,339.78,350.93,351.38,336.79,27858,1534212912.0,4.31,3.56,12.06,0.22
2017-10-16,600519,354.77,355.47,361.44,350.65,29909,1676810000.0,3.07,1.29,4.54,0.24
2017-10-17,600519,355.75,351.51,355.75,348.78,20977,1168943280.0,1.96,-1.11,-3.96,0.17
2017-10-18,600519,348.98,355.5,357.37,348.98,19179,1072237536.0,2.39,1.14,3.99,0.15
2017-10-19,600519,355.78,377.38,379.93,355.5,40659,2338901856.0,6.87,6.15,21.88,0.32
2017-10-20,600519,375.78,369.11,375.78,366.54,31534,1812957248.0,2.45,-2.19,-8.27,0.25
2017-10-23,600519,369.7,368.19,375.28,362.78,23772,1362900416.0,3.39,-0.25,-0.92,0.19
2017-10-24,600519,366.78,362.11,368.58,358.39,31274,1775645968.0,2.77,-1.65,-6.08,0.25
2017-10-25,600519,364.53,360.45,366.46,356.84,25076,1418395216.0,2.66,-0.46,-1.66,0.2
2017-10-26,600519,399.78,399.87,407.78,386.69,115435,6957625344.0,5.85,10.94,39.42,0.92
2017-10-27,600519,396.89,444.41,449.78,394.81,84384,5284485888.0,13.75,11.14,44.54,0.67
2017-10-30,600519,437.83,416.86,438.78,415.78,81008,5099041792.0,5.18,-6.2,-27.55,0.64
2017-10-31,600519,416.79,412.81,422.38,406.66,51876,3206280608.0,3.77,-0.97,-4.05,0.41
2017-11-01,600519,415.66,417.79,426.32,414.0,43435,2712016944.0,2.98,1.21,4.98,0.35
2017-11-02,600519,421.73,421.7,424.56,415.78,34250,2144671936.0,2.1,0.94,3.91,0.27
2017-11-03,600519,423.43,433.95,438.22,423.43,48189,3075651168.0,3.51,2.9,12.25,0.38
2017-11-06,600519,436.28,447.84,452.4,434.98,48514,3153638704.0,4.01,3.2,13.89,0.39
2017-11-07,600519,445.36,436.85,451.93,432.96,55565,3592238400.0,4.24,-2.45,-10.99,0.44
2017-11-08,600519,437.11,445.16,449.28,437.11,43952,2855374064.0,2.79,1.9,8.31,0.35
2017-11-09,600519,442.78,444.85,448.93,439.39,33641,2183815392.0,2.14,-0.07,-0.31,0.27
2017-11-10,600519,445.21,472.73,478.18,445.21,74079,4967970816.0,7.41,6.27,27.88,0.59
2017-11-13,600519,474.78,482.66,487.56,470.58,49870,3402794000.0,3.59,2.1,9.93,0.4
2017-11-14,600519,481.92,473.53,482.0,472.13,46367,3159112672.0,2.04,-1.89,-9.13,0.37
2017-11-15,600519,473.53,482.86,484.77,468.78,45036,3074244080.0,3.38,1.97,9.33,0.36
2017-11-16,600519,480.79,513.89,514.74,480.79,60716,4299283200.0,7.03,6.43,31.03,0.48
2017-11-17,600519,490.78,485.03,503.78,472.55,123861,8548748032.0,6.08,-5.62,-28.86,0.99
2017-11-20,600519,471.58,473.93,480.38,454.78,88306,5954131968.0,5.28,-2.29,-11.1,0.7
2017-11-21,600519,463.78,472.03,483.58,456.8,96017,6491134464.0,5.65,-0.4,-1.9,0.76
2017-11-22,600519,471.78,445.3,482.78,444.78,128498,8528143360.0,8.05,-5.66,-26.73,1.02
2017-11-23,600519,436.78,428.51,440.78,425.0,109599,6984097536.0,3.54,-3.77,-16.79,0.87
2017-11-24,600519,430.68,424.82,437.28,417.01,76542,4835809024.0,4.73,-0.86,-3.69,0.61
2017-11-27,600519,428.78,416.07,431.11,407.79,63548,3975262032.0,5.49,-2.06,-8.75,0.51
2017-11-28,600519,419.84,443.01,443.66,418.78,70292,4491543552.0,5.98,6.47,26.94,0.56
2017-11-29,600519,444.72,432.9,446.75,428.79,46764,3005733408.0,4.05,-2.28,-10.11,0.37
2017-11-30,600519,430.29,425.78,443.26,420.78,38020,2419959856.0,5.19,-1.64,-7.12,0.3
2017-12-01,600519,432.79,417.13,433.77,414.91,47193,2959772016.0,4.43,-2.03,-8.65,0.38
2017-12-04,600519,418.73,432.57,438.88,411.5,54268,3436687376.0,6.56,3.7,15.44,0.43
2017-12-05,600519,428.78,427.74,442.18,424.91,47466,3026076464.0,3.99,-1.12,-4.83,0.38
2017-12-06,600519,426.28,419.79,438.88,414.78,58174,3657236576.0,5.63,-1.86,-7.95,0.46
2017-12-07,600519,419.73,411.47,419.77,410.04,51033,3155212016.0,2.32,-1.98,-8.32,0.41
2017-12-08,600519,410.2,422.06,423.63,410.2,45503,2842464432.0,3.26,2.57,10.59,0.36
2017-12-11,600519,425.78,445.77,446.73,425.78,72849,4702239232.0,4.96,5.62,23.71,0.58
2017-12-12,600519,453.48,446.1,453.55,445.8,47889,3138650304.0,1.74,0.07,0.33,0.38
2017-12-13,600519,449.77,462.99,464.78,445.5,48502,3197982048.0,4.32,3.79,16.89,0.39
2017-12-14,600519,464.76,459.33,466.08,455.28,31968,2126665888.0,2.33,-0.79,-3.66,0.25
2017-12-15,600519,458.78,448.57,462.73,445.56,32256,2126579408.0,3.74,-2.34,-10.76,0.26
2017-12-18,600519,454.78,460.55,464.58,453.36,39162,2599749872.0,2.5,2.67,11.98,0.31
2017-12-19,600519,457.78,461.87,467.22,455.78,44072,2944470864.0,2.48,0.29,1.32,0.35
2017-12-20,600519,464.68,479.69,481.64,458.81,63601,4321305856.0,4.94,3.86,17.82,0.51
2017-12-21,600519,477.78,476.52,482.2,470.28,46680,3178595840.0,2.48,-0.66,-3.17,0.37
2017-12-22,600519,474.78,477.7,480.68,471.79,28317,1930315472.0,1.87,0.25,1.18,0.23
2017-12-25,600519,480.78,482.9,491.08,478.5,36214,2497653984.0,2.63,1.09,5.2,0.29
2017-12-26,600519,482.96,475.59,487.77,471.28,31868,2174103280.0,3.41,-1.51,-7.31,0.25
2017-12-27,600519,479.64,458.96,479.64,457.28,37722,2539720704.0,4.7,-3.5,-16.63,0.3
2017-12-28,600519,481.78,513.47,514.68,466.1,124141,8656875776.0,10.58,11.88,54.51,0.99
2017-12-29,600519,512.78,492.27,521.28,486.38,76039,5372514560.0,6.8,-4.13,-21.2,0.61
2018-01-02,600519,494.78,498.63,504.94,484.67,49612,3482407648.0,4.12,1.29,6.36,0.39
2018-01-03,600519,496.28,510.64,516.18,494.52,52019,3713523696.0,4.34,2.41,12.01,0.41
2018-01-04,600519,516.18,531.85,538.28,514.11,72205,5309890304.0,4.73,4.15,21.21,0.57
2018-01-05,600519,535.78,533.14,540.81,523.0,39989,2946493008.0,3.35,0.24,1.29,0.32
2018-01-08,600519,529.8,546.91,551.28,529.8,52205,3899951728.0,4.03,2.58,13.77,0.42
2018-01-09,600519,546.99,577.3,577.78,546.99,64592,5001164544.0,5.63,5.56,30.39,0.51
2018-01-10,600519,579.78,580.49,583.66,568.26,47714,3731993152.0,2.67,0.55,3.19,0.38
2018-01-11,600519,581.78,569.59,582.78,566.78,50656,3942075856.0,2.76,-1.88,-10.9,0.4
2018-01-12,600519,568.55,583.2,583.58,561.8,45988,3577281776.0,3.82,2.39,13.61,0.37
2018-01-15,600519,588.24,580.15,593.84,573.8,52473,4136645488.0,3.44,-0.52,-3.05,0.42
2018-01-16,600519,575.26,567.72,583.39,562.78,65428,5084966144.0,3.55,-2.14,-12.43,0.52
2018-01-17,600519,564.78,542.71,568.78,533.29,90710,6835580416.0,6.25,-4.41,-25.01,0.72
2018-01-18,600519,542.71,545.52,559.78,538.87,58979,4443031296.0,3.85,0.52,2.81,0.47
2018-01-19,600519,547.68,544.96,553.68,533.8,50926,3818021984.0,3.64,-0.1,-0.56,0.41
2018-01-22,600519,546.59,568.42,568.78,546.59,67127,5129674752.0,4.07,4.3,23.46,0.53
2018-01-23,600519,572.59,568.56,574.78,563.38,49549,3836387696.0,2.01,0.02,0.14,0.39
2018-01-24,600519,571.22,559.24,571.24,553.38,43299,3311348768.0,3.14,-1.64,-9.32,0.34
2018-01-25,600519,555.78,563.94,570.78,545.78,50041,3821875040.0,4.47,0.84,4.7,0.4
2018-01-26,600519,562.02,572.0,572.18,558.78,43978,3389953776.0,2.38,1.43,8.06,0.35
2018-01-29,600519,573.54,531.1,574.45,529.78,74536,5637041920.0,7.81,-7.15,-40.9,0.59
2018-01-30,600519,530.78,536.86,543.55,524.8,51911,3852705104.0,3.53,1.08,5.76,0.41
2018-01-31,600519,533.78,559.32,566.49,533.78,60402,4601994752.0,6.09,4.18,22.46,0.48
2018-02-01,600519,561.78,552.51,562.08,547.7,50583,3846421616.0,2.57,-1.22,-6.81,0.4
2018-02-02,600519,547.0,535.18,548.01,519.78,75421,5583742720.0,5.11,-3.14,-17.33,0.6
2018-02-05,600519,522.0,513.01,524.74,500.38,98996,7104095744.0,4.55,-4.14,-22.17,0.79
2018-02-06,600519,497.78,503.64,517.38,497.78,88169,6270888704.0,3.82,-1.83,-9.37,0.7
2018-02-07,600519,514.78,478.21,518.66,476.79,88290,6231141120.0,8.31,-5.05,-25.43,0.7
2018-02-08,600519,476.98,495.77,512.78,476.98,83409,5860233472.0,7.49,3.67,17.56,0.66
2018-02-09,600519,474.78,478.21,484.67,452.78,105578,7160206336.0,6.43,-3.54,-17.56,0.84
2018-02-12,600519,485.78,492.26,500.28,479.98,64180,4466343168.0,4.24,2.94,14.05,0.51
2018-02-13,600519,499.8,506.76,509.6,499.28,53389,3793782384.0,2.1,2.95,14.5,0.43
2018-02-14,600519,514.78,513.23,514.78,507.0,30653,2198728704.0,1.54,1.28,6.47,0.24
2018-02-22,600519,522.08,537.23,538.78,518.02,50765,3717469264.0,4.04,4.68,24.0,0.4
2018-02-23,600519,541.78,537.26,551.34,531.78,38159,2844936752.0,3.64,0.01,0.03,0.3
2018-02-26,600519,541.66,538.29,546.83,527.8,43658,3243216352.0,3.54,0.19,1.03,0.35
2018-02-27,600519,543.78,532.76,550.78,532.0,42602,3181778848.0,3.49,-1.03,-5.53,0.34
2018-02-28,600519,526.78,520.4,537.08,513.78,48331,3522004688.0,4.37,-2.32,-12.36,0.38
2018-03-01,600519,522.78,536.75,541.63,518.55,44795,3303604160.0,4.44,3.14,16.35,0.36
2018-03-02,600519,532.78,531.19,538.34,524.78,25992,1912613824.0,2.53,-1.04,-5.56,0.21
2018-03-05,600519,532.96,514.89,536.78,511.81,37235,2703926960.0,4.7,-3.07,-16.3,0.3
2018-03-06,600519,519.78,513.04,522.38,491.91,64570,4581658624.0,5.92,-0.36,-1.85,0.51
2018-03-07,600519,509.78,504.82,518.78,503.77,34596,2480929040.0,2.93,-1.6,-8.22,0.28
2018-03-08,600519,508.78,517.54,518.78,502.78,35349,2540452000.0,3.17,2.52,12.72,0.28
2018-03-09,600519,522.33,522.98,527.35,518.28,30171,2199081680.0,1.75,1.05,5.44,0.24
2018-03-12,600519,524.33,518.73,528.7,517.55,39888,2900950560.0,2.13,-0.81,-4.25,0.32
2018-03-13,600519,517.78,505.13,521.38,504.78,38577,2764426992.0,3.2,-2.62,-13.6,0.31
2018-03-14,600519,504.45,521.66,522.86,502.0,37356,2683830112.0,4.13,3.27,16.53,0.3
2018-03-15,600519,522.8,541.25,541.78,522.8,56149,4161645760.0,3.64,3.76,19.59,0.45
2018-03-16,600519,542.38,534.63,548.76,533.66,35856,2676682528.0,2.79,-1.22,-6.62,0.29
2018-03-19,600519,538.75,548.26,548.77,533.78,38667,2897348544.0,2.8,2.55,13.63,0.31
2018-03-20,600519,544.78,542.51,546.78,534.78,28877,2154897792.0,2.19,-1.05,-5.75,0.23
2018-03-21,600519,544.89,536.78,547.89,534.78,26743,1996584256.0,2.42,-1.06,-5.73,0.21
2018-03-22,600519,538.78,520.86,542.78,518.79,37487,2748721664.0,4.47,-2.97,-15.92,0.3
2018-03-23,600519,495.78,505.84,518.27,494.86,52547,3727044976.0,4.49,-2.88,-15.02,0.42
2018-03-26,600519,502.78,508.27,509.84,496.66,46256,3276880064.0,2.61,0.48,2.43,0.37
2018-03-27,600519,517.78,509.52,520.66,498.78,47548,3399900240.0,4.3,0.25,1.25,0.38
2018-03-28,600519,494.75,476.83,497.78,463.78,113540,7786098176.0,6.67,-6.42,-32.69,0.9
2018-03-29,600519,476.98,483.88,492.63,453.19,79082,5362889984.0,8.27,1.48,7.05,0.63
2018-03-30,600519,480.78,478.4,488.28,474.66,36540,2502696336.0,2.81,-1.13,-5.48,0.29
2018-04-02,600519,474.78,474.84,485.78,468.89,32039,2185060768.0,3.53,-0.74,-3.56,0.26
2018-04-03,600519,472.78,472.69,481.78,470.17,40236,2737509488.0,2.45,-0.45,-2.15,0.32
2018-04-04,600519,476.78,488.79,495.21,475.16,56891,3948712784.0,4.24,3.41,16.1,0.45
2018-04-09,600519,491.88,493.08,500.21,484.93,30833,2149178944.0,3.13,0.88,4.29,0.25
2018-04-10,600519,499.58,502.8,503.28,493.24,32043,2252069680.0,2.04,1.97,9.72,0.26
2018-04-11,600519,504.78,500.14,509.56,497.8,25723,1822237888.0,2.34,-0.53,-2.66,0.2
2018-04-12,600519,498.78,488.98,501.66,487.0,30714,2139139504.0,2.93,-2.23,-11.16,0.24
2018-04-13,600519,493.28,481.64,495.78,479.86,27550,1904051056.0,3.26,-1.5,-7.34,0.22
2018-04-16,600519,475.36,476.16,481.63,471.78,32940,2241463088.0,2.05,-1.14,-5.48,0.26
2018-04-17,600519,479.78,460.98,480.16,460.38,35173,2377407824.0,4.15,-3.19,-15.18,0.28
2018-04-18,600519,465.78,450.42,465.78,439.78,62617,4104175824.0,5.64,-2.29,-10.56,0.5
2018-04-19,600519,454.63,474.74,474.78,451.44,44208,2976468496.0,5.18,5.4,24.32,0.35
2018-04-20,600519,475.78,465.04,488.78,463.01,41512,2831559744.0,5.43,-2.04,-9.7,0.33
2018-04-23,600519,460.79,468.79,475.11,460.79,32659,2196761040.0,3.08,0.81,3.75,0.26
2018-04-24,600519,470.78,484.66,488.28,469.78,47283,3252280976.0,3.95,3.39,15.87,0.38
2018-04-25,600519,483.78,485.75,486.78,477.8,25252,1738767072.0,1.85,0.22,1.09,0.2
2018-04-26,600519,486.78,473.01,487.06,467.78,35048,2378744480.0,3.97,-2.62,-12.74,0.28
2018-04-27,600519,480.03,457.31,483.14,449.78,57915,3866680416.0,7.05,-3.32,-15.7,0.46
2018-05-02,600519,454.78,462.61,463.77,439.84,70259,4589885696.0,5.23,1.16,5.3,0.56
2018-05-03,600519,460.78,465.66,468.46,452.78,36327,2426248240.0,3.39,0.66,3.05,0.29
2018-05-04,600519,465.76,457.65,469.61,455.35,37376,2492610224.0,3.06,-1.72,-8.01,0.3
2018-05-07,600519,454.73,492.95,496.66,452.55,85591,5858519296.0,9.64,7.71,35.3,0.68
2018-05-08,600519,492.81,503.61,506.91,492.81,62498,4414037760.0,2.86,2.16,10.66,0.5
2018-05-09,600519,503.86,496.73,507.08,491.9,32331,2267880032.0,3.01,-1.37,-6.88,0.26
2018-05-10,600519,498.28,508.97,510.78,498.28,39294,2794919584.0,2.52,2.46,12.24,0.31
2018-05-11,600519,513.47,512.8,525.28,510.48,39142,2826877200.0,2.91,0.75,3.83,0.31
2018-05-14,600519,518.78,537.19,537.78,518.78,51015,3753818032.0,3.71,4.76,24.39,0.41
2018-05-15,600519,540.78,537.84,541.22,528.78,38056,2811622720.0,2.32,0.12,0.65,0.3
2018-05-16,600519,534.78,529.3,540.44,528.06,30795,2275092448.0,2.3,-1.59,-8.54,0.25
2018-05-17,600519,529.9,522.16,532.28,518.78,28518,2077476640.0,2.55,-1.35,-7.14,0.23
2018-05-18,600519,518.77,534.1,535.78,515.97,29255,2140724032.0,3.79,2.29,11.94,0.23
2018-05-21,600519,538.78,529.6,542.08,527.26,29060,2150582000.0,2.77,-0.84,-4.5,0.23
2018-05-22,600519,530.0,534.35,534.62,524.8,16999,1250693952.0,1.85,0.9,4.75,0.14
2018-05-23,600519,534.78,518.56,534.78,518.36,28269,2061375200.0,3.07,-2.95,-15.79,0.23
2018-05-24,600519,514.78,510.18,523.44,507.78,30416,2191695808.0,3.02,-1.62,-8.38,0.24
2018-05-25,600519,506.78,511.64,521.78,506.78,26511,1908701136.0,2.94,0.29,1.46,0.21
2018-05-28,600519,512.78,535.18,535.44,509.9,42805,3129960288.0,4.99,4.6,23.54,0.34
2018-05-29,600519,533.58,526.21,544.78,526.06,40820,3029700816.0,3.5,-1.68,-8.97,0.32
2018-05-30,600519,522.0,520.65,532.08,514.83,37147,2706486800.0,3.28,-1.06,-5.56,0.3
2018-05-31,600519,525.03,545.91,546.4,525.02,71853,5356222464.0,4.11,4.85,25.26,0.57
2018-06-01,600519,545.91,539.89,549.76,533.54,36178,2694415008.0,2.97,-1.1,-6.02,0.29
2018-06-04,600519,547.13,576.75,577.68,540.66,73806,5697540352.0,6.86,6.83,36.86,0.59
2018-06-05,600519,581.28,582.83,589.48,572.01,52630,4136578576.0,3.03,1.05,6.08,0.42
2018-06-06,600519,582.78,580.53,595.73,577.08,48969,3870616720.0,3.2,-0.39,-2.3,0.39
2018-06-07,600519,584.76,575.75,590.33,573.68,39168,3078137472.0,2.87,-0.82,-4.78,0.31
2018-06-08,600519,574.78,572.73,580.68,564.78,34958,2712363712.0,2.76,-0.52,-3.02,0.28
2018-06-11,600519,570.83,570.51,580.78,563.11,36548,2837404000.0,3.09,-0.39,-2.22,0.29
2018-06-12,600519,572.78,593.97,598.28,571.28,55287,4385043200.0,4.73,4.11,23.46,0.44
2018-06-13,600519,594.78,585.11,597.4,583.66,35244,2803441680.0,2.31,-1.49,-8.86,0.28
2018-06-14,600519,584.78,580.91,588.58,569.96,36160,2830514224.0,3.18,-0.72,-4.2,0.29
2018-06-15,600519,578.98,579.11,584.36,574.88,31708,2455441872.0,1.63,-0.31,-1.8,0.25
2018-06-19,600519,574.78,543.78,574.78,542.78,60196,4535664128.0,5.53,-6.1,-35.33,0.48
2018-06-20,600519,546.78,569.37,570.78,546.78,45838,3454583696.0,4.41,4.71,25.59,0.36
2018-06-21,600519,571.0,565.1,584.67,564.55,39183,3013867648.0,3.53,-0.75,-4.27,0.31
2018-06-22,600519,559.78,572.31,572.78,555.78,28855,2190055872.0,3.01,1.28,7.21,0.23
2018-06-25,600519,571.78,571.34,584.75,570.68,32934,2543272256.0,2.46,-0.17,-0.97,0.26
2018-06-26,600519,571.09,560.58,575.66,552.78,46578,3516945440.0,4.0,-1.88,-10.76,0.37
2018-06-27,600519,557.78,528.22,562.78,526.78,57298,4194739088.0,6.42,-5.77,-32.36,0.46
2018-06-28,600519,519.78,516.71,524.78,502.78,50834,3610842736.0,4.16,-2.18,-11.51,0.4
2018-06-29,600519,518.08,537.24,538.08,510.78,32929,2378884224.0,5.28,3.97,20.53,0.26
2018-07-02,600519,540.3,517.33,545.11,508.78,37558,2709882032.0,6.76,-3.71,-19.91,0.3
2018-07-03,600519,515.54,500.7,521.56,484.01,82837,5743330304.0,7.26,-3.21,-16.63,0.66
2018-07-04,600519,497.78,496.69,505.78,493.78,37991,2637494704.0,2.4,-0.8,-4.01,0.3
2018-07-05,600519,505.78,508.17,521.98,505.78,47124,3333680080.0,3.26,2.31,11.48,0.38
2018-07-06,600519,512.78,519.9,526.71,505.04,44157,3140922352.0,4.26,2.31,11.73,0.35
2018-07-09,600519,525.81,533.02,535.64,525.51,40573,2944655280.0,1.95,2.52,13.12,0.32
2018-07-10,600519,534.78,531.54,537.28,519.11,29010,2096683488.0,3.41,-0.28,-1.48,0.23
2018-07-11,600519,515.78,525.36,529.78,508.0,24278,1736875984.0,4.1,-1.16,-6.18,0.19
2018-07-12,600519,523.78,543.32,546.95,523.78,40170,2947129136.0,4.41,3.42,17.96,0.32
2018-07-13,600519,548.08,552.77,553.88,540.9,28907,2152944608.0,2.39,1.74,9.45,0.23
2018-07-16,600519,558.08,560.46,569.89,556.81,32475,2454501600.0,2.37,1.39,7.69,0.26
2018-07-17,600519,562.78,548.21,562.78,541.8,27806,2064190608.0,3.74,-2.19,-12.25,0.22
2018-07-18,600519,548.21,543.22,555.47,540.78,24522,1818760400.0,2.68,-0.91,-4.99,0.2
2018-07-19,600519,544.78,546.73,549.73,540.8,18079,1337080016.0,1.64,0.65,3.51,0.14
2018-07-20,600519,547.28,546.91,548.91,533.78,30549,2249792128.0,2.77,0.03,0.18,0.24
2018-07-23,600519,541.78,537.85,546.93,525.79,35970,2621763712.0,3.87,-1.66,-9.06,0.29
2018-07-24,600519,538.46,551.18,553.08,528.78,41809,3091209136.0,4.52,2.48,13.33,0.33
2018-07-25,600519,552.73,549.59,555.66,545.79,21744,1618737616.0,1.79,-0.29,-1.59,0.17
2018-07-26,600519,554.68,541.4,554.68,540.01,23067,1707662624.0,2.67,-1.49,-8.19,0.18
2018-07-27,600519,541.78,544.34,550.08,535.78,20914,1546655264.0,2.64,0.54,2.94,0.17
2018-07-30,600519,544.68,524.99,546.44,520.78,42172,3058614528.0,4.71,-3.55,-19.35,0.34
2018-07-31,600519,526.08,532.22,533.66,524.99,20683,1499353472.0,1.65,1.38,7.23,0.16
2018-08-01,600519,537.18,520.72,538.08,519.89,25238,1821933664.0,3.42,-2.16,-11.5,0.2
2018-08-02,600519,521.75,501.62,521.75,493.66,55001,3840134512.0,5.39,-3.67,-19.1,0.44
2018-08-03,600519,500.78,484.77,500.78,481.98,47337,3230239088.0,3.75,-3.36,-16.85,0.38
2018-08-06,600519,482.78,475.46,489.78,468.03,45248,3039091104.0,4.49,-1.92,-9.31,0.36
2018-08-07,600519,478.08,492.06,493.61,467.8,39086,2645263312.0,5.43,3.49,16.6,0.31
2018-08-08,600519,492.8,482.0,494.78,477.65,29685,2016438672.0,3.48,-2.04,-10.06,0.24
2018-08-09,600519,476.78,497.66,500.28,475.9,34486,2368461344.0,5.06,3.25,15.66,0.27
2018-08-10,600519,497.66,492.96,500.55,489.98,23818,1643993568.0,2.12,-0.94,-4.7,0.19
2018-08-13,600519,488.78,485.0,488.78,472.46,34570,2329262064.0,3.31,-1.61,-7.96,0.28
2018-08-14,600519,485.0,485.91,490.28,479.29,21697,1474124256.0,2.27,0.19,0.91,0.17
2018-08-15,600519,485.58,468.58,485.78,466.78,34997,2336994704.0,3.91,-3.57,-17.33,0.28
2018-08-16,600519,457.78,454.22,474.28,445.78,59940,3908421568.0,6.08,-3.06,-14.36,0.48
2018-08-17,600519,463.28,440.64,463.28,435.79,46575,3001465856.0,6.05,-2.99,-13.58,0.37
2018-08-20,600519,438.23,450.57,451.33,422.64,48852,3081035728.0,6.51,2.25,9.93,0.39
2018-08-21,600519,452.78,477.27,478.08,452.78,52249,3460897968.0,5.62,5.93,26.7,0.42
2018-08-22,600519,476.78,473.48,478.98,468.78,20676,1381418416.0,2.14,-0.79,-3.79,0.16
2018-08-23,600519,477.48,475.99,484.28,470.96,27357,1836880240.0,2.81,0.53,2.51,0.22
2018-08-24,600519,474.78,466.08,474.78,462.24,26090,1725516320.0,2.63,-2.08,-9.91,0.21
2018-08-27,600519,467.78,493.08,493.08,467.78,48017,3261483984.0,5.43,5.79,27.0,0.38
2018-08-28,600519,498.78,486.78,499.56,484.33,32489,2222697904.0,3.09,-1.28,-6.3,0.26
2018-08-29,600519,487.78,491.63,494.66,484.88,27404,1877474368.0,2.01,1.0,4.85,0.22
2018-08-30,600519,493.99,486.18,498.38,484.79,33788,2312993216.0,2.76,-1.11,-5.45,0.27
2018-08-31,600519,482.03,464.97,482.78,462.28,58981,3911486176.0,4.22,-4.36,-21.21,0.47
2018-09-03,600519,457.78,471.99,473.45,456.58,30180,1992654928.0,3.63,1.51,7.02,0.24
2018-09-04,600519,472.58,480.82,481.78,467.38,21540,1441658192.0,3.05,1.87,8.83,0.17
2018-09-05,600519,480.78,463.57,482.77,462.78,28983,1927600144.0,4.16,-3.59,-17.25,0.23
2018-09-06,600519,457.78,449.78,465.04,445.78,42371,2744204064.0,4.15,-2.97,-13.79,0.34
2018-09-07,600519,451.28,456.75,463.81,450.92,29240,1903829728.0,2.87,1.55,6.97,0.23
2018-09-10,600519,457.98,450.58,459.59,446.48,21202,1369296448.0,2.87,-1.35,-6.17,0.17
2018-09-11,600519,451.35,451.78,456.75,446.41,19497,1258466304.0,2.29,0.27,1.2,0.16
2018-09-12,600519,448.78,435.78,450.65,433.79,41157,2612360000.0,3.73,-3.54,-16.0,0.33
2018-09-13,600519,443.78,437.76,447.78,425.78,47713,3004019088.0,5.05,0.45,1.98,0.38
2018-09-14,600519,439.76,448.68,455.56,434.31,40900,2617626832.0,4.85,2.49,10.92,0.33
2018-09-17,600519,450.78,451.59,458.74,446.84,29113,1884188496.0,2.65,0.65,2.91,0.23
2018-09-18,600519,448.78,472.48,473.78,448.0,37859,2480477392.0,5.71,4.63,20.89,0.3
2018-09-19,600519,472.36,487.2,491.78,471.78,48222,3277470608.0,4.23,3.12,14.72,0.38
2018-09-20,600519,490.98,484.33,492.68,483.14,27519,1878075360.0,1.96,-0.59,-2.87,0.22
2018-09-21,600519,487.78,505.79,505.79,485.79,42617,2945196256.0,4.13,4.43,21.46,0.34
2018-09-25,600519,500.78,502.8,511.55,499.04,30640,2142679104.0,2.47,-0.59,-2.99,0.24
2018-09-26,600519,507.88,530.71,538.46,507.77,72288,5200776960.0,6.1,5.55,27.91,0.58
2018-09-27,600519,533.28,529.78,533.78,521.18,40509,2918965008.0,2.37,-0.18,-0.93,0.32
2018-09-28,600519,532.48,535.78,538.98,524.66,35090,2551115840.0,2.7,1.13,6.0,0.28
2018-10-08,600519,521.19,491.93,524.78,491.93,82745,5798721536.0,6.13,-8.18,-43.85,0.66
2018-10-09,600519,492.68,500.78,504.49,491.68,40223,2785526960.0,2.6,1.8,8.85,0.32
2018-10-10,600519,503.04,476.7,503.78,475.47,63098,4288785952.0,5.65,-4.81,-24.08,0.5
2018-10-11,600519,440.79,450.77,474.72,440.79,91582,5953169152.0,7.12,-5.44,-25.93,0.73
2018-10-12,600519,456.78,473.78,478.46,456.36,54473,3599837216.0,4.9,5.1,23.01,0.43
2018-10-15,600519,475.27,472.68,477.73,465.81,35607,2372056688.0,2.52,-0.23,-1.1,0.28
2018-10-16,600519,471.76,472.92,485.31,467.79,26394,1766613792.0,3.71,0.05,0.24,0.21
2018-10-17,600519,480.78,471.5,483.08,455.68,43077,2846537056.0,5.79,-0.3,-1.42,0.34
2018-10-18,600519,465.78,451.72,465.78,450.75,52156,3394332720.0,3.19,-4.2,-19.78,0.42
2018-10-19,600519,443.78,475.78,480.78,440.86,76199,4973381120.0,8.84,5.33,24.06,0.61
2018-10-22,600519,480.78,498.78,507.8,480.78,73109,5036971520.0,5.68,4.83,23.0,0.58
2018-10-23,600519,494.78,447.52,494.78,440.78,123113,8076618496.0,10.83,-10.28,-51.26,0.98
2018-10-24,600519,433.89,442.77,455.78,425.78,76113,4818473472.0,6.7,-1.06,-4.75,0.61
2018-10-25,600519,425.78,424.78,428.28,414.36,75568,4657019136.0,3.14,-4.06,-17.99,0.6
2018-10-26,600519,424.78,415.88,430.78,413.76,55327,3388947808.0,4.01,-2.1,-8.9,0.44
2018-10-29,600519,354.87,354.87,354.87,354.87,49076,2694714080.0,0.0,-14.67,-61.01,0.39
2018-10-30,600519,315.78,329.78,348.78,314.8,204397,10663392512.0,9.58,-7.07,-25.09,1.63
2018-10-31,600519,332.78,354.68,360.78,327.78,96885,5239853056.0,10.01,7.55,24.9,0.77
2018-11-01,600519,360.78,368.78,391.28,357.03,98107,5581027328.0,9.66,3.98,14.1,0.78
2018-11-02,600519,390.78,405.68,405.78,378.02,89157,5227695104.0,7.53,10.01,36.9,0.71
2018-11-05,600519,398.78,381.58,398.78,377.55,75517,4373994240.0,5.23,-5.94,-24.1,0.6
2018-11-06,600519,379.78,371.78,379.94,363.79,45566,2572068928.0,4.23,-2.57,-9.8,0.36
2018-11-07,600519,374.78,372.18,380.73,367.79,38108,2165679712.0,3.48,0.11,0.4,0.3
2018-11-08,600519,379.78,376.12,382.78,373.78,33764,1933594960.0,2.42,1.06,3.94,0.27
2018-11-09,600519,373.0,367.78,374.78,367.78,24337,1374731696.0,1.86,-2.22,-8.34,0.19
2018-11-12,600519,358.78,357.78,359.98,342.58,67824,3709848784.0,4.73,-2.72,-10.0,0.54
2018-11-13,600519,351.9,375.78,375.78,348.78,66429,3695850096.0,7.55,5.03,18.0,0.53
2018-11-14,600519,375.74,360.88,375.74,358.33,41767,2331999888.0,4.63,-3.97,-14.9,0.33
2018-11-15,600519,364.58,365.48,370.58,361.28,30833,1728199008.0,2.58,1.27,4.6,0.25
2018-11-16,600519,366.78,365.78,371.78,363.81,28939,1625453520.0,2.18,0.08,0.3,0.23
2018-11-19,600519,366.08,374.8,377.78,364.89,36179,2052509536.0,3.52,2.47,9.02,0.29
2018-11-20,600519,370.78,367.38,373.78,365.78,26943,1514353120.0,2.13,-1.98,-7.42,0.21
2018-11-21,600519,359.78,370.48,374.68,359.46,27107,1527915056.0,4.14,0.84,3.1,0.22
2018-11-22,600519,370.93,370.28,373.11,363.78,21213,1193347568.0,2.52,-0.05,-0.2,0.17
2018-11-23,600519,369.78,362.68,373.08,362.68,20126,1126652928.0,2.81,-2.05,-7.6,0.16
2018-11-26,600519,363.78,357.89,365.98,357.78,19120,1063536976.0,2.26,-1.32,-4.79,0.15
2018-11-27,600519,357.78,353.88,360.77,352.28,20234,1112920624.0,2.37,-1.12,-4.01,0.16
2018-11-28,600519,356.63,362.78,364.97,351.28,27738,1535544368.0,3.87,2.51,8.9,0.22
2018-11-29,600519,371.81,357.38,375.58,354.79,45069,2524752304.0,5.73,-1.49,-5.4,0.36
2018-11-30,600519,362.78,370.78,374.67,358.78,49010,2762808224.0,4.45,3.75,13.4,0.39
2018-12-03,600519,394.78,406.98,410.78,390.55,83415,4964130048.0,5.46,9.76,36.2,0.66
2018-12-04,600519,408.77,408.01,410.04,400.78,31474,1888148736.0,2.28,0.25,1.03,0.25
2018-12-05,600519,403.28,415.88,422.28,400.78,41588,2523641856.0,5.27,1.93,7.87,0.33
2018-12-06,600519,405.78,397.58,411.76,396.14,37758,2250440656.0,3.76,-4.4,-18.3,0.3
2018-12-07,600519,401.38,392.78,404.64,390.48,26842,1583970320.0,3.56,-1.21,-4.8,0.21
2018-12-10,600519,381.78,383.01,393.28,379.96,24641,1427993216.0,3.39,-2.49,-9.77,0.2
2018-12-11,600519,382.78,388.77,392.33,382.78,16317,949962160.0,2.49,1.5,5.76,0.13
2018-12-12,600519,394.57,394.78,394.98,388.58,19922,1168089520.0,1.65,1.55,6.01,0.16
2018-12-13,600519,395.78,407.53,412.66,395.38,40399,2427823200.0,4.38,3.23,12.75,0.32
2018-12-14,600519,403.79,398.74,405.58,397.78,24554,1461585120.0,1.91,-2.16,-8.79,0.2
2018-12-17,600519,398.35,396.3,401.75,390.79,24896,1466942960.0,2.75,-0.61,-2.44,0.2
2018-12-18,600519,391.66,396.72,397.32,390.78,19222,1130221280.0,1.65,0.11,0.42,0.15
2018-12-19,600519,394.78,383.58,396.77,381.81,25716,1501321344.0,3.77,-3.31,-13.14,0.2
2018-12-20,600519,382.0,380.28,387.28,374.67,26941,1549600768.0,3.29,-0.86,-3.3,0.21
2018-12-21,600519,376.78,373.19,379.23,367.99,30640,1736537280.0,2.96,-1.86,-7.09,0.24
2018-12-24,600519,369.28,373.78,376.69,363.78,19110,1080787424.0,3.46,0.16,0.59,0.15
2018-12-25,600519,368.0,371.57,373.28,359.39,26593,1490157584.0,3.72,-0.59,-2.21,0.21
2018-12-26,600519,369.59,365.86,374.18,363.78,17866,1005617680.0,2.8,-1.54,-5.71,0.14
2018-12-27,600519,375.78,368.78,377.63,368.0,29494,1670211280.0,2.63,0.8,2.92,0.23
2018-12-28,600519,369.08,395.79,402.18,365.78,63678,3705150496.0,9.87,7.32,27.01,0.51
2019-01-02,600519,415.76,404.76,417.78,400.79,62286,3754387984.0,4.29,2.27,8.97,0.5
2019-01-03,600519,405.75,395.78,407.44,391.58,30977,1838179168.0,3.92,-2.22,-8.98,0.25
2019-01-04,600519,393.06,407.78,413.45,387.8,37683,2258501488.0,6.48,3.03,12.0,0.3
2019-01-07,600519,413.78,411.27,417.78,408.0,34750,2105981456.0,2.4,0.86,3.49,0.28
2019-01-08,600519,411.28,410.57,417.78,406.06,28838,1750413216.0,2.85,-0.17,-0.7,0.23
2019-01-09,600519,415.77,421.9,431.94,414.82,49892,3084214784.0,4.17,2.76,11.33,0.4
2019-01-10,600519,422.91,424.55,430.66,416.03,29044,1797683136.0,3.47,0.63,2.65,0.23
2019-01-11,600519,430.78,441.66,442.78,424.53,38884,2445929488.0,4.3,4.03,17.11,0.31
2019-01-14,600519,438.78,430.38,441.67,427.33,25649,1606308128.0,3.25,-2.55,-11.28,0.2
2019-01-15,600519,433.64,465.76,467.28,430.78,55765,3613919072.0,8.48,8.22,35.38,0.44
2019-01-16,600519,463.78,466.88,471.43,459.38,42084,2775103936.0,2.59,0.24,1.12,0.34
2019-01-17,600519,468.78,465.03,475.48,461.58,30285,2004454112.0,2.98,-0.4,-1.85,0.24
2019-01-18,600519,470.78,489.39,495.98,467.28,68609,4647515904.0,6.17,5.24,24.36,0.55
2019-01-21,600519,495.78,492.76,504.66,487.66,47052,3242615728.0,3.47,0.69,3.37,0.37
2019-01-22,600519,491.78,476.78,491.78,471.0,42122,2834735024.0,4.22,-3.24,-15.98,0.34
2019-01-23,600519,473.0,471.44,480.28,468.91,33625,2247371216.0,2.38,-1.12,-5.34,0.27
2019-01-24,600519,476.08,478.28,483.61,470.46,29155,1960227056.0,2.79,1.45,6.84,0.23
2019-01-25,600519,481.66,485.48,490.68,475.71,28986,1966232096.0,3.13,1.51,7.2,0.23
2019-01-28,600519,489.78,482.78,499.76,481.81,36103,2476277968.0,3.7,-0.56,-2.7,0.29
2019-01-29,600519,483.28,490.78,493.78,473.78,30343,2069407520.0,4.14,1.66,8.0,0.24
2019-01-30,600519,490.77,481.78,492.0,481.78,22700,1545353568.0,2.08,-1.83,-9.0,0.18
2019-01-31,600519,485.78,495.38,495.38,483.34,36697,2515374976.0,2.5,2.82,13.6,0.29
2019-02-01,600519,502.82,498.45,504.78,495.39,30521,2121326144.0,1.9,0.62,3.07,0.24
2019-02-11,600519,500.78,531.08,535.28,493.96,58141,4143849808.0,8.29,6.55,32.63,0.46
2019-02-12,600519,528.78,523.7,531.27,520.98,35091,2521840128.0,1.94,-1.39,-7.38,0.28
2019-02-13,600519,528.78,541.03,541.94,523.0,35677,2589623536.0,3.62,3.31,17.33,0.28
2019-02-14,600519,536.98,542.94,549.44,535.92,32258,2375987072.0,2.5,0.35,1.91,0.26
2019-02-15,600519,540.66,530.56,540.66,528.8,23238,1691515520.0,2.18,-2.28,-12.38,0.18
2019-02-18,600519,536.78,545.78,550.73,536.78,37746,2787522992.0,2.63,2.87,15.22,0.3
2019-02-19,600519,546.74,536.54,548.28,532.44,29502,2164408784.0,2.9,-1.69,-9.24,0.23
2019-02-20,600519,540.78,527.78,540.78,521.84,37882,2742919648.0,3.53,-1.63,-8.76,0.3
2019-02-21,600519,525.78,526.03,536.26,522.78,29850,2163554336.0,2.55,-0.33,-1.75,0.24
2019-02-22,600519,522.78,531.79,534.27,519.88,25909,1867253936.0,2.74,1.09,5.76,0.21
2019-02-25,600519,536.53,548.11,550.22,523.77,82623,6034261248.0,4.97,3.07,16.32,0.66
2019-02-26,600519,553.58,533.13,554.96,531.78,57965,4265279120.0,4.23,-2.73,-14.98,0.46
2019-02-27,600519,538.78,546.48,563.8,536.78,65942,4908445184.0,5.07,2.5,13.35,0.52
2019-02-28,600519,543.68,560.79,569.2,542.73,56986,4289145216.0,4.84,2.62,14.31,0.45
2019-03-01,600519,567.28,595.08,595.78,566.78,63840,4952509184.0,5.17,6.11,34.29,0.51
2019-03-04,600519,600.78,587.64,604.11,583.0,84586,6661386496.0,3.55,-1.25,-7.44,0.67
2019-03-05,600519,590.78,585.56,595.33,581.66,44831,3501155936.0,2.33,-0.35,-2.08,0.36
2019-03-06,600519,580.78,573.78,585.28,571.66,46731,3602140480.0,2.33,-2.01,-11.78,0.37
2019-03-07,600519,568.0,554.38,568.0,551.34,60181,4526351872.0,2.9,-3.38,-19.4,0.48
2019-03-08,600519,543.68,543.28,552.61,539.43,52275,3868415488.0,2.38,-2.0,-11.1,0.42
2019-03-11,600519,545.82,564.32,572.73,545.82,53057,4001728736.0,4.95,3.87,21.04,0.42
2019-03-12,600519,569.6,550.79,569.61,544.78,52510,3946382128.0,4.4,-2.4,-13.53,0.42
2019-03-13,600519,551.28,559.78,566.53,551.28,40561,3058080912.0,2.77,1.63,8.99,0.32
2019-03-14,600519,562.78,583.78,590.78,559.78,62173,4808607744.0,5.54,4.29,24.0,0.49
2019-03-15,600519,581.78,583.08,593.28,570.63,52401,4084798336.0,3.88,-0.12,-0.7,0.42
2019-03-18,600519,584.58,615.87,620.31,582.78,81319,6499567104.0,6.44,5.62,32.79,0.65
2019-03-19,600519,608.78,598.39,613.7,598.08,40635,3244967392.0,2.54,-2.84,-17.48,0.32
2019-03-20,600519,595.78,598.58,608.08,590.78,31118,2470811136.0,2.89,0.03,0.19,0.25
2019-03-21,600519,593.78,591.53,598.58,587.28,32573,2558222912.0,1.89,-1.18,-7.05,0.26
2019-03-22,600519,594.0,599.78,605.76,590.78,30518,2420497824.0,2.53,1.39,8.25,0.24
2019-03-25,600519,591.78,581.38,593.78,579.08,37270,2903744160.0,2.45,-3.07,-18.4,0.3
2019-03-26,600519,585.78,578.78,591.72,569.88,37596,2914112992.0,3.76,-0.45,-2.6,0.3
2019-03-27,600519,586.78,594.28,599.66,580.78,42807,3366132240.0,3.26,2.68,15.5,0.34
2019-03-28,600519,599.21,612.58,620.26,591.46,57567,4615969792.0,4.85,3.08,18.3,0.46
2019-03-29,600519,640.78,659.77,672.46,635.95,90934,7702154752.0,5.96,7.7,47.19,0.72
2019-04-01,600519,665.78,664.78,674.73,656.78,60935,5228521984.0,2.72,0.76,5.01,0.49
2019-04-02,600519,665.77,655.78,665.77,641.84,53227,4496538880.0,3.6,-1.35,-9.0,0.42
2019-04-03,600519,645.9,650.28,657.52,639.99,43057,3629854320.0,2.67,-0.84,-5.5,0.34
2019-04-04,600519,645.78,670.78,671.58,641.98,55772,4763897856.0,4.55,3.15,20.5,0.44
2019-04-08,600519,705.78,705.98,713.78,695.9,66252,5944780544.0,2.67,5.25,35.2,0.53
2019-04-09,600519,708.78,710.78,713.98,698.29,47990,4308645632.0,2.22,0.68,4.8,0.38
2019-04-10,600519,708.78,753.77,757.68,705.78,67814,6331858688.0,7.3,6.05,42.99,0.54
2019-04-11,600519,753.78,730.98,755.78,711.33,61103,5643817472.0,5.9,-3.02,-22.79,0.49
2019-04-12,600519,714.78,719.78,725.77,705.79,48612,4419350016.0,2.73,-1.53,-11.2,0.39
2019-04-15,600519,736.78,712.78,744.78,712.78,45523,4205548304.0,4.45,-0.97,-7.0,0.36
2019-04-16,600519,710.68,745.68,745.68,707.0,46423,4297385216.0,5.43,4.62,32.9,0.37
2019-04-17,600519,743.78,757.78,761.29,730.78,40761,3848216560.0,4.09,1.62,12.1,0.32
2019-04-18,600519,751.19,751.28,760.46,742.0,19599,1853076080.0,2.44,-0.86,-6.5,0.16
2019-04-19,600519,749.74,758.34,766.73,737.09,32380,3064971040.0,3.95,0.94,7.06,0.26
2019-04-22,600519,765.28,754.98,784.67,746.39,40628,3897168688.0,5.05,-0.44,-3.36,0.32
2019-04-23,600519,756.78,780.73,787.0,754.98,48852,4725480192.0,4.24,3.41,25.75,0.39
2019-04-24,600519,785.66,775.78,795.78,757.0,45227,4383873024.0,4.97,-0.63,-4.95,0.36
2019-04-25,600519,774.57,758.15,779.77,757.0,39801,3822767520.0,2.94,-2.27,-17.63,0.32
2019-04-26,600519,752.08,750.78,765.66,750.78,43278,4119727296.0,1.96,-0.97,-7.37,0.34
2019-04-29,600519,750.78,777.75,794.78,740.78,52572,5086408448.0,7.19,3.59,26.97,0.42
2019-04-30,600519,773.78,779.78,790.74,768.89,35943,3503937520.0,2.81,0.26,2.03,0.29
2019-05-06,600519,731.28,711.78,740.78,698.78,135100,12299395840.0,5.39,-8.72,-68.0,1.08
2019-05-07,600519,699.06,695.78,719.72,676.0,100837,9045117696.0,6.14,-2.25,-16.0,0.8
2019-05-08,600519,665.78,690.18,707.58,665.78,81883,7217709568.0,6.01,-0.8,-5.6,0.65
2019-05-09,600519,680.78,664.59,685.65,648.28,91545,7863312128.0,5.41,-3.71,-25.59,0.73
2019-05-10,600519,681.44,712.9,716.56,673.97,79907,7121198848.0,6.41,7.27,48.31,0.64
2019-05-13,600519,704.64,697.78,716.76,689.78,46637,4179329440.0,3.78,-2.12,-15.12,0.37
2019-05-14,600519,690.78,692.35,711.78,678.78,59983,5349455616.0,4.73,-0.78,-5.43,0.48
2019-05-15,600519,696.02,732.78,738.78,696.02,63124,5778791936.0,6.18,5.84,40.43,0.5
2019-05-16,600519,724.78,735.69,737.78,710.78,44540,4108281952.0,3.68,0.4,2.91,0.35
2019-05-17,600519,732.8,712.57,738.08,705.88,49842,4551116800.0,4.38,-3.14,-23.12,0.4
2019-05-20,600519,705.78,690.74,705.78,676.78,44408,3931645936.0,4.07,-3.06,-21.83,0.35
2019-05-21,600519,690.78,700.78,715.78,677.8,42386,3791406208.0,5.5,1.45,10.04,0.34
2019-05-22,600519,700.76,693.78,709.78,685.78,32042,2853872832.0,3.42,-1.0,-7.0,0.26
2019-05-23,600519,686.78,666.78,689.76,662.0,58059,5062812416.0,4.0,-3.89,-27.0,0.46
2019-05-24,600519,670.78,684.28,690.78,670.22,44034,3858962208.0,3.08,2.62,17.5,0.35
2019-05-27,600519,684.88,684.78,688.77,665.83,39162,3417213664.0,3.35,0.07,0.5,0.31
2019-05-28,600519,683.77,693.78,713.27,680.8,74773,6670856192.0,4.74,1.31,9.0,0.6
2019-05-29,600519,693.79,717.69,730.73,693.79,65647,5963755520.0,5.32,3.45,23.91,0.52
2019-05-30,600519,715.78,711.08,725.77,697.0,40247,3634187680.0,4.01,-0.92,-6.61,0.32
2019-05-31,600519,706.31,695.78,712.77,695.78,35794,3211384928.0,2.39,-2.15,-15.3,0.28
2019-06-03,600519,697.78,697.78,707.13,692.06,34479,3076922336.0,2.17,0.29,2.0,0.27
2019-06-04,600519,700.78,681.08,701.21,676.78,39689,3481384256.0,3.5,-2.39,-16.7,0.32
2019-06-05,600519,689.78,677.38,692.04,675.78,34067,2988114672.0,2.39,-0.54,-3.7,0.27
2019-06-06,600519,681.4,667.91,681.55,663.78,34787,3009567792.0,2.62,-1.4,-9.47,0.28
2019-06-10,600519,663.76,676.86,684.73,645.78,55502,4790052608.0,5.83,1.34,8.95,0.44
2019-06-11,600519,681.78,716.67,721.39,680.78,80106,7209086976.0,6.0,5.88,39.81,0.64
2019-06-12,600519,712.0,712.48,716.77,699.78,37747,3420899280.0,2.37,-0.58,-4.19,0.3
2019-06-13,600519,715.78,715.78,718.08,702.78,32917,2984741680.0,2.15,0.46,3.3,0.26
2019-06-14,600519,716.78,718.78,738.08,715.8,42455,3905679104.0,3.11,0.42,3.0,0.34
2019-06-17,600519,712.78,717.38,732.72,711.8,32769,3001512192.0,2.91,-0.19,-1.4,0.26
2019-06-18,600519,722.78,722.78,725.78,708.38,29441,2687679920.0,2.43,0.75,5.4,0.23
2019-06-19,600519,745.78,737.79,752.48,737.79,53726,5051192576.0,2.03,2.08,15.01,0.43
2019-06-20,600519,738.28,780.78,781.28,737.98,67272,6468666112.0,5.87,5.83,42.99,0.54
2019-06-21,600519,775.75,782.08,790.27,770.28,45927,4482726912.0,2.56,0.17,1.3,0.37
2019-06-24,600519,784.08,792.88,805.47,780.78,45779,4532527104.0,3.16,1.38,10.8,0.36
2019-06-25,600519,797.78,788.76,804.78,772.78,51296,5035624448.0,4.04,-0.52,-4.12,0.41
2019-06-26,600519,790.78,785.64,790.78,777.0,29588,2896585584.0,1.75,-0.4,-3.12,0.24
2019-06-27,600519,790.78,802.13,806.78,786.9,47978,4772724224.0,2.53,2.1,16.49,0.38
2019-06-28,600519,806.31,804.32,809.2,791.65,31088,3050739280.0,2.19,0.27,2.19,0.25
2019-07-01,600519,824.84,852.18,855.92,820.54,52337,5325575936.0,4.4,5.95,47.86,0.42
2019-07-02,600519,845.32,845.32,849.82,836.32,39061,3989722048.0,1.58,-0.8,-6.86,0.31
2019-07-03,600519,840.32,808.22,843.32,801.82,67139,6717755648.0,4.91,-4.39,-37.1,0.53
2019-07-04,600519,806.12,801.52,811.12,791.54,46217,4531685888.0,2.42,-0.83,-6.7,0.37
2019-07-05,600519,806.32,820.14,826.32,796.62,50033,4968920576.0,3.71,2.32,18.62,0.4
2019-07-08,600519,815.37,805.18,818.22,795.32,33614,3313713088.0,2.79,-1.82,-14.96,0.27
2019-07-09,600519,799.62,796.38,809.32,788.67,31723,3103986400.0,2.56,-1.09,-8.8,0.25
2019-07-10,600519,801.25,802.84,810.9,797.32,28167,2774054720.0,1.71,0.81,6.46,0.22
2019-07-11,600519,810.28,801.82,818.7,796.32,30514,3011117072.0,2.79,-0.13,-1.02,0.24
2019-07-12,600519,801.62,806.41,811.82,800.33,28174,2778937968.0,1.43,0.57,4.59,0.22
2019-07-15,600519,788.12,796.25,800.42,771.45,59870,5785726720.0,3.59,-1.26,-10.16,0.48
2019-07-16,600519,795.77,788.32,802.62,785.32,33245,3226755648.0,2.17,-1.0,-7.93,0.26
2019-07-17,600519,788.32,783.82,793.31,782.45,25469,2459954480.0,1.38,-0.57,-4.5,0.2
2019-07-18,600519,781.82,767.82,783.32,767.5,39253,3748507472.0,2.02,-2.04,-16.0,0.31
2019-07-19,600519,775.32,776.19,781.12,768.32,28015,2679887456.0,1.67,1.09,8.37,0.22
2019-07-22,600519,780.32,777.34,784.32,770.57,28125,2695084032.0,1.77,0.15,1.15,0.22
2019-07-23,600519,782.62,774.3,782.91,764.18,32484,3087319264.0,2.41,-0.39,-3.04,0.26
2019-07-24,600519,778.63,766.68,780.22,765.01,46771,4450509824.0,1.96,-0.98,-7.62,0.37
2019-07-25,600519,766.29,783.32,783.68,758.47,38256,3633246144.0,3.29,2.17,16.64,0.3
2019-07-26,600519,782.29,785.35,791.32,778.87,26468,2556208816.0,1.59,0.26,2.03,0.21
2019-07-29,600519,782.35,796.73,799.82,780.33,26981,2626793552.0,2.48,1.45,11.38,0.21
2019-07-30,600519,796.82,799.25,803.32,791.32,19538,1911965184.0,1.51,0.32,2.52,0.16
2019-07-31,600519,795.32,792.92,802.09,786.91,22526,2191909984.0,1.9,-0.79,-6.33,0.18
2019-08-01,600519,796.83,779.62,797.32,773.34,35090,3385045856.0,3.02,-1.68,-13.3,0.28
2019-08-02,600519,764.32,774.77,778.3,763.32,39719,3772328944.0,1.92,-0.62,-4.85,0.32
2019-08-05,600519,765.32,762.75,774.32,760.32,36774,3473341312.0,1.81,-1.55,-12.02,0.29
2019-08-06,600519,751.32,766.62,768.32,744.12,43991,4121445008.0,3.17,0.51,3.87,0.35
2019-08-07,600519,769.82,765.32,775.85,765.32,26870,2553463424.0,1.37,-0.17,-1.3,0.21
2019-08-08,600519,773.82,792.0,794.32,772.32,38808,3755086992.0,2.87,3.49,26.68,0.31
2019-08-09,600519,798.82,782.35,801.27,779.31,28462,2760764352.0,2.77,-1.22,-9.65,0.23
2019-08-12,600519,830.63,838.95,840.42,815.33,81499,8208540672.0,3.21,7.23,56.6,0.65
2019-08-13,600519,836.48,838.27,846.32,831.0,30330,3088013760.0,1.83,-0.08,-0.68,0.24
2019-08-14,600519,850.34,863.65,872.22,850.34,41411,4327071232.0,2.61,3.03,25.38,0.33
2019-08-15,600519,848.32,865.22,866.8,848.32,27237,2821331120.0,2.14,0.18,1.57,0.22
2019-08-16,600519,870.16,874.92,895.9,861.32,36087,3822488368.0,4.0,1.12,9.7,0.29
2019-08-19,600519,881.32,876.2,890.3,869.37,32868,3471558016.0,2.39,0.15,1.28,0.26
2019-08-20,600519,875.32,890.32,894.0,870.32,28602,3038219264.0,2.7,1.61,14.12,0.23
2019-08-21,600519,890.42,886.32,897.29,881.98,25067,2678841888.0,1.72,-0.45,-4.0,0.2
2019-08-22,600519,893.31,924.32,924.32,890.32,37591,4099045120.0,3.84,4.29,38.0,0.3
2019-08-23,600519,925.32,950.42,953.88,915.94,40192,4495782912.0,4.1,2.82,26.1,0.32
2019-08-26,600519,933.32,923.27,948.32,917.0,48498,5382792448.0,3.3,-2.86,-27.15,0.39
2019-08-27,600519,937.32,929.32,951.63,929.32,52164,5830617856.0,2.42,0.66,6.05,0.42
2019-08-28,600519,929.32,920.43,943.51,903.33,47010,5169778944.0,4.32,-0.96,-8.89,0.37
2019-08-29,600519,925.32,933.42,938.5,912.82,29330,3247704304.0,2.79,1.41,12.99,0.23
2019-08-30,600519,945.32,962.32,966.32,943.32,44891,5093877248.0,2.46,3.1,28.9,0.36
2019-09-02,600519,960.31,959.08,965.3,949.32,28234,3210850608.0,1.66,-0.34,-3.24,0.22
2019-09-03,600519,960.32,960.32,971.34,948.88,29485,3358578416.0,2.34,0.13,1.24,0.23
2019-09-04,600519,961.12,945.33,963.23,940.43,33600,3785904736.0,2.37,-1.56,-14.99,0.27
2019-09-05,600519,949.32,964.32,965.22,948.32,32931,3746608080.0,1.79,2.01,18.99,0.26
2019-09-06,600519,964.82,962.81,966.47,951.32,26177,2978155824.0,1.57,-0.16,-1.51,0.21
2019-09-09,600519,965.32,956.84,968.32,955.32,29379,3346080768.0,1.35,-0.62,-5.97,0.23
2019-09-10,600519,954.62,944.17,955.32,940.33,26227,2952753648.0,1.57,-1.32,-12.67,0.21
2019-09-11,600519,939.54,889.84,940.29,888.32,81717,8904690688.0,5.5,-5.75,-54.33,0.65
2019-09-12,600519,886.32,919.32,930.3,886.32,41211,4498210304.0,4.94,3.31,29.48,0.33
2019-09-16,600519,903.32,919.32,924.27,903.32,31372,3432292112.0,2.28,0.0,0.0,0.25
2019-09-17,600519,914.32,914.33,926.98,907.32,25197,2767385776.0,2.14,-0.54,-4.99,0.2
2019-09-18,600519,928.82,969.22,970.32,928.5,69314,7899560192.0,4.57,6.0,54.89,0.55
2019-09-19,600519,968.32,965.32,970.32,957.42,24480,2800064432.0,1.33,-0.4,-3.9,0.19
2019-09-20,600519,971.32,977.74,980.32,967.91,37627,4346138368.0,1.29,1.29,12.42,0.3
2019-09-23,600519,977.32,969.32,977.32,951.32,30026,3431058976.0,2.66,-0.86,-8.42,0.24
2019-09-24,600519,975.32,1004.32,1005.22,972.32,36269,4259834000.0,3.39,3.61,35.0,0.29
2019-09-25,600519,1000.32,994.32,1009.19,990.82,24025,2832308416.0,1.83,-1.0,-10.0,0.19
2019-09-26,600519,995.26,987.32,1003.67,979.13,26082,3050478320.0,2.47,-0.7,-7.0,0.21
2019-09-27,600519,984.32,995.07,1003.32,973.32,22827,2671754320.0,3.04,0.78,7.75,0.18
2019-09-30,600519,983.32,970.32,989.75,970.32,30825,3565988672.0,1.95,-2.49,-24.75,0.25
2019-10-08,600519,973.32,987.42,1000.32,972.33,31045,3631091488.0,2.88,1.76,17.1,0.25
2019-10-09,600519,986.52,967.13,986.52,955.37,35789,4105282384.0,3.15,-2.05,-20.29,0.28
2019-10-10,600519,947.32,975.32,979.25,929.34,41174,4685560576.0,5.16,0.85,8.19,0.33
2019-10-11,600519,977.32,994.92,995.32,972.53,28689,3343559808.0,2.34,2.01,19.6,0.23
2019-10-14,600519,1006.32,1000.32,1007.98,990.32,27188,3209362992.0,1.78,0.54,5.4,0.22
2019-10-15,600519,1000.32,1031.32,1036.0,997.35,40035,4806856448.0,3.86,3.1,31.0,0.32
2019-10-16,600519,988.32,990.32,1007.82,980.32,59151,6935972608.0,2.67,-3.98,-41.0,0.47
2019-10-17,600519,996.32,1003.65,1006.98,982.82,30509,3578144112.0,2.44,1.35,13.33,0.24
2019-10-18,600519,999.32,996.11,1010.31,992.01,28292,3335011088.0,1.82,-0.75,-7.54,0.23
2019-10-21,600519,992.18,988.82,999.22,983.62,25275,2955023936.0,1.57,-0.73,-7.29,0.2
2019-10-22,600519,998.32,991.12,1001.82,984.21,19309,2262188256.0,1.78,0.23,2.3,0.15
2019-10-23,600519,988.32,979.23,998.32,976.43,23080,2684922176.0,2.21,-1.2,-11.89,0.18
2019-10-24,600519,985.27,970.59,986.32,967.48,26178,3025245584.0,1.92,-0.88,-8.64,0.21
2019-10-25,600519,973.62,991.67,992.82,963.35,25998,3015928992.0,3.04,2.17,21.08,0.21
2019-10-28,600519,986.33,998.61,1001.33,985.32,22486,2644563040.0,1.61,0.7,6.94,0.18
2019-10-29,600519,1001.43,1013.32,1020.28,998.09,27804,3314271728.0,2.22,1.47,14.71,0.22
2019-10-30,600519,1010.32,1004.12,1013.02,996.32,21255,2516524160.0,1.65,-0.91,-9.2,0.17
2019-10-31,600519,1016.32,1000.33,1018.32,996.47,25909,3068884880.0,2.18,-0.38,-3.79,0.21
2019-11-01,600519,1001.32,1005.32,1012.27,992.82,22812,2697638368.0,1.94,0.5,4.99,0.18
2019-11-04,600519,1010.32,1019.91,1030.31,1009.32,26738,3209264032.0,2.09,1.45,14.59,0.21
2019-11-05,600519,1019.82,1019.32,1025.32,1012.32,22255,2667596016.0,1.27,-0.06,-0.59,0.18
2019-11-06,600519,1017.32,1013.32,1024.32,1009.2,19738,2362005424.0,1.48,-0.59,-6.0,0.16
2019-11-07,600519,1016.83,1021.69,1022.2,1009.32,16168,1933203872.0,1.27,0.83,8.37,0.13
2019-11-08,600519,1025.32,1025.32,1035.97,1021.83,24512,2964133776.0,1.38,0.36,3.63,0.2
2019-11-11,600519,1021.82,1019.32,1026.52,1013.83,17342,2082060832.0,1.24,-0.59,-6.0,0.14
2019-11-12,600519,1024.32,1021.92,1029.92,1018.53,19151,2303205536.0,1.12,0.26,2.6,0.15
2019-11-13,600519,1027.32,1044.32,1048.12,1020.32,31977,3890666576.0,2.72,2.19,22.4,0.25
2019-11-14,600519,1047.32,1050.32,1060.32,1042.32,23521,2898399696.0,1.72,0.57,6.0,0.19
2019-11-15,600519,1050.32,1045.22,1053.23,1041.82,16341,2003665312.0,1.09,-0.49,-5.1,0.13
2019-11-18,600519,1045.44,1047.6,1049.77,1038.32,18038,2204546128.0,1.1,0.23,2.38,0.14
2019-11-19,600519,1048.32,1052.64,1061.93,1045.34,20624,2542105920.0,1.58,0.48,5.04,0.16
2019-11-20,600519,1050.32,1054.07,1059.83,1048.38,15281,1884957280.0,1.09,0.14,1.43,0.12
2019-11-21,600519,1051.32,1051.62,1055.83,1041.38,19187,2356277760.0,1.37,-0.23,-2.45,0.15
2019-11-22,600519,1043.32,1014.32,1049.32,1005.32,47054,5677646592.0,4.18,-3.55,-37.3,0.37
2019-11-25,600519,1008.37,1002.38,1014.32,992.38,38282,4518778880.0,2.16,-1.18,-11.94,0.3
2019-11-26,600519,1007.0,1005.32,1018.92,1003.32,40240,4794179840.0,1.56,0.29,2.94,0.32
2019-11-27,600519,1013.12,1010.27,1016.94,1004.83,19849,2363839728.0,1.2,0.49,4.95,0.16
2019-11-28,600519,1015.29,996.12,1017.83,989.34,28845,3405325552.0,2.82,-1.4,-14.15,0.23
2019-11-29,600519,985.82,949.32,985.82,933.21,82397,9338326528.0,5.28,-4.7,-46.8,0.66
2019-12-02,600519,938.52,953.32,960.34,938.52,30784,3479717424.0,2.3,0.42,4.0,0.25
2019-12-03,600519,953.32,938.32,953.32,938.06,27341,3066695648.0,1.6,-1.57,-15.0,0.22
2019-12-04,600519,960.32,942.65,964.98,938.32,35283,3980511008.0,2.84,0.46,4.33,0.28
2019-12-05,600519,945.32,950.12,952.33,938.32,21339,2402503472.0,1.49,0.79,7.47,0.17
2019-12-06,600519,956.29,990.32,990.32,950.42,39506,4565643776.0,4.2,4.23,40.2,0.31
2019-12-09,600519,995.32,979.02,996.32,976.42,21824,2543532528.0,2.01,-1.14,-11.3,0.17
2019-12-10,600519,979.92,984.72,985.32,971.32,15087,1749356288.0,1.43,0.58,5.7,0.12
2019-12-11,600519,988.32,979.3,991.07,975.87,14568,1689987680.0,1.54,-0.55,-5.42,0.12
2019-12-12,600519,976.32,957.32,980.26,950.4,29409,3362699680.0,3.05,-2.24,-21.98,0.23
2019-12-13,600519,966.32,983.32,985.32,966.32,30001,3473927968.0,1.98,2.72,26.0,0.24
2019-12-16,600519,983.32,968.24,983.32,958.26,30936,3554133648.0,2.55,-1.53,-15.08,0.25
2019-12-17,600519,970.02,990.3,993.92,963.35,42617,4937041920.0,3.16,2.28,22.06,0.34
2019-12-18,600519,994.32,988.32,995.52,984.32,19640,2295963808.0,1.13,-0.2,-1.98,0.16
2019-12-19,600519,983.32,977.72,983.32,972.32,19552,2262598592.0,1.11,-1.07,-10.6,0.16
2019-12-20,600519,982.5,966.62,982.5,961.82,23564,2703612352.0,2.12,-1.14,-11.1,0.19
2019-12-23,600519,959.32,969.62,982.82,956.32,25919,2981937536.0,2.74,0.31,3.0,0.21
2019-12-24,600519,973.32,968.32,975.32,965.32,11823,1358536192.0,1.03,-0.13,-1.3,0.09
2019-12-25,600519,963.32,954.02,963.32,950.33,24306,2755735168.0,1.34,-1.48,-14.3,0.19
2019-12-26,600519,952.32,955.42,962.3,940.31,22877,2585996496.0,2.3,0.15,1.4,0.18
2019-12-27,600519,970.32,983.32,992.32,970.32,47066,5486452992.0,2.3,2.92,27.9,0.37
2019-12-30,600519,990.52,1006.12,1015.82,990.52,40761,4827682048.0,2.57,2.32,22.8,0.32
2019-12-31,600519,1003.32,1003.32,1008.32,996.83,22589,2666705104.0,1.14,-0.28,-2.8,0.18
2020-01-02,600519,948.32,950.32,965.38,936.32,148099,16696837120.0,2.9,-5.28,-53.0,1.18
2020-01-03,600519,937.32,898.88,937.32,897.22,130319,14266380544.0,4.22,-5.41,-51.44,1.04
2020-01-06,600519,891.18,898.31,913.22,887.62,63415,6853917696.0,2.85,-0.06,-0.57,0.5
2020-01-07,600519,897.82,914.85,919.32,896.72,47854,5220697088.0,2.52,1.84,16.54,0.38
2020-01-08,600519,905.37,908.46,915.82,902.9,25008,2720371920.0,1.41,-0.7,-6.39,0.2
2020-01-09,600519,914.32,923.02,925.71,910.32,37406,4110949808.0,1.69,1.6,14.56,0.3
2020-01-10,600519,929.32,932.82,936.31,922.82,35976,3993457120.0,1.46,1.06,9.8,0.29
2020-01-13,600519,932.82,944.59,949.52,932.32,38516,4325688064.0,1.84,1.26,11.77,0.31
2020-01-14,600519,944.52,927.72,945.21,923.32,35145,3916300784.0,2.32,-1.79,-16.87,0.28
2020-01-15,600519,929.33,932.45,941.92,925.32,26029,2895603680.0,1.79,0.51,4.73,0.21
2020-01-16,600519,939.19,927.32,939.19,922.9,23192,2571593136.0,1.75,-0.55,-5.13,0.18
2020-01-17,600519,930.32,927.82,933.1,921.33,23473,2599645152.0,1.27,0.05,0.5,0.19
2020-01-20,600519,932.18,911.32,932.18,902.32,35391,3858246848.0,3.22,-1.78,-16.5,0.28
2020-01-21,600519,901.32,895.62,907.32,892.62,32874,3542441312.0,1.61,-1.72,-15.7,0.26
2020-01-22,600519,890.32,895.83,904.32,875.7,36200,3875275072.0,3.2,0.02,0.21,0.29
2020-01-23,600519,896.32,873.12,896.32,857.32,53468,5638945792.0,4.35,-2.54,-22.71,0.43
2020-02-03,600519,805.32,824.24,831.0,800.32,123443,12314991872.0,3.51,-5.6,-48.88,0.98
2020-02-04,600519,835.32,858.33,877.32,831.33,62624,6490469120.0,5.58,4.14,34.09,0.5
2020-02-05,600519,870.32,870.31,874.32,853.35,47418,4956355328.0,2.44,1.4,11.98,0.38
2020-02-06,600519,879.75,891.32,895.32,872.34,47171,5011246336.0,2.64,2.41,21.01,0.38
2020-02-07,600519,890.33,896.32,897.32,881.34,31279,3348894576.0,1.79,0.56,5.0,0.25
2020-02-10,600519,882.32,886.81,894.92,877.52,30533,3251908512.0,1.94,-1.06,-9.51,0.24
2020-02-11,600519,883.32,918.32,920.0,883.12,47918,5222918912.0,4.16,3.55,31.51,0.38
2020-02-12,600519,909.32,917.59,919.11,906.2,28125,3072293968.0,1.41,-0.08,-0.73,0.22
2020-02-13,600519,918.32,911.32,934.21,908.33,30357,3335277424.0,2.82,-0.68,-6.27,0.24
2020-02-14,600519,910.77,908.32,913.83,903.43,23288,2534568400.0,1.14,-0.33,-3.0,0.19
2020-02-17,600519,902.82,914.14,916.51,902.72,27028,2946182656.0,1.52,0.64,5.82,0.22
2020-02-18,600519,910.33,904.32,917.2,903.32,26665,2897729696.0,1.52,-1.07,-9.82,0.21
2020-02-19,600519,905.32,916.82,921.82,898.32,37051,4052365600.0,2.6,1.38,12.5,0.29
2020-02-20,600519,917.02,938.32,944.32,915.73,46803,5220660992.0,3.12,2.35,21.5,0.37
2020-02-21,600519,931.78,933.2,943.86,930.33,28940,3225337168.0,1.44,-0.55,-5.12,0.23
2020-02-24,600519,925.82,907.5,930.32,905.82,38650,4221857472.0,2.63,-2.75,-25.7,0.31
2020-02-25,600519,898.32,895.13,902.41,888.2,38386,4127432128.0,1.57,-1.36,-12.37,0.31
2020-02-26,600519,882.32,894.02,904.32,875.32,43561,4663278336.0,3.24,-0.12,-1.11,0.35
2020-02-27,600519,896.32,907.71,915.31,896.32,34498,3758783808.0,2.12,1.53,13.69,0.27
2020-02-28,600519,890.62,877.32,902.32,870.29,49947,5307929344.0,3.53,-3.35,-30.39,0.4
2020-03-02,600519,870.43,906.33,916.87,870.33,47663,5154329088.0,5.3,3.31,29.01,0.38
2020-03-03,600519,918.32,933.32,939.2,918.32,50250,5585227776.0,2.3,2.98,26.99,0.4
2020-03-04,600519,945.32,949.24,959.32,936.56,53793,6080149248.0,2.44,1.71,15.92,0.43
2020-03-05,600519,956.63,991.32,995.31,950.88,62426,7210484992.0,4.68,4.43,42.08,0.5
2020-03-06,600519,983.32,975.82,996.32,972.3,30641,3553622352.0,2.42,-1.56,-15.5,0.24
2020-03-09,600519,955.32,934.33,955.32,931.63,43404,4865288448.0,2.43,-4.25,-41.49,0.35
2020-03-10,600519,933.32,976.32,988.32,933.32,58063,6635936256.0,5.89,4.49,41.99,0.46
2020-03-11,600519,975.82,978.84,989.9,961.32,35548,4124607952.0,2.93,0.26,2.52,0.28
2020-03-12,600519,961.54,958.82,973.32,945.42,36631,4172606112.0,2.85,-2.05,-20.02,0.29
2020-03-13,600519,910.32,932.35,949.3,900.32,75885,8348496384.0,5.11,-2.76,-26.47,0.6
2020-03-16,600519,924.3,887.32,928.27,882.32,51233,5548946688.0,4.93,-4.83,-45.03,0.41
2020-03-17,600519,875.32,865.42,898.32,831.44,79359,8277472768.0,7.54,-2.47,-21.9,0.63
2020-03-18,600519,860.32,828.31,880.32,828.31,73460,7582762496.0,6.01,-4.29,-37.11,0.58
2020-03-19,600519,814.31,816.32,835.32,780.42,102265,10075880448.0,6.63,-1.45,-11.99,0.81
2020-03-20,600519,831.32,855.6,863.32,831.32,60139,6169094400.0,3.92,4.81,39.28,0.48
2020-03-23,600519,820.32,839.32,855.6,811.84,48472,4918121984.0,5.11,-1.9,-16.28,0.39
2020-03-24,600519,863.32,876.32,879.2,855.32,46651,4900364032.0,2.85,4.41,37.0,0.37
2020-03-25,600519,908.3,900.42,911.68,894.52,37049,4015061216.0,1.96,2.75,24.1,0.29
2020-03-26,600519,893.65,885.24,911.52,882.32,30049,3231754304.0,3.24,-1.69,-15.18,0.24
2020-03-27,600519,905.32,895.82,912.32,895.33,36261,3931759360.0,1.92,1.2,10.58,0.29
2020-03-30,600519,880.57,892.32,897.32,877.32,30687,3279823024.0,2.23,-0.39,-3.5,0.24
2020-03-31,600519,902.32,931.32,935.32,902.12,47984,5293170688.0,3.72,4.37,39.0,0.38
2020-04-01,600519,937.32,923.32,949.32,923.32,33205,3700184240.0,2.79,-0.86,-8.0,0.26
2020-04-02,600519,924.32,965.32,965.32,924.2,45206,5095167488.0,4.45,4.55,42.0,0.36
2020-04-03,600519,959.35,960.11,968.28,952.3,27618,3148421872.0,1.66,-0.54,-5.21,0.22
2020-04-07,600519,982.27,980.27,986.82,969.21,43488,5041525504.0,1.83,2.1,20.16,0.35
2020-04-08,600519,972.32,980.08,986.63,972.32,24224,2809422096.0,1.46,-0.02,-0.19,0.19
2020-04-09,600519,986.32,978.82,989.32,968.28,22817,2640230496.0,2.15,-0.13,-1.26,0.18
2020-04-10,600519,978.2,985.32,1001.82,973.82,27804,3252600672.0,2.86,0.66,6.5,0.22
2020-04-13,600519,985.32,982.62,990.3,968.82,15981,1854563728.0,2.18,-0.27,-2.7,0.13
2020-04-14,600519,996.32,1005.42,1011.87,986.32,36800,4340858624.0,2.6,2.32,22.8,0.29
2020-04-15,600519,1012.32,1009.92,1024.31,1007.42,29332,3501318256.0,1.68,0.45,4.5,0.23
2020-04-16,600519,1013.29,1017.42,1017.42,1004.42,21728,2588431840.0,1.29,0.74,7.5,0.17
2020-04-17,600519,1030.32,1046.32,1054.88,1025.33,38246,4676618240.0,2.9,2.84,28.9,0.3
2020-04-20,600519,1041.32,1047.62,1051.82,1037.12,24239,2963483328.0,1.4,0.12,1.3,0.19
2020-04-21,600519,1041.34,1020.32,1044.31,1013.32,29224,3517018480.0,2.96,-2.61,-27.3,0.23
2020-04-22,600519,1026.32,1064.82,1069.82,1022.54,44035,5430377728.0,4.63,4.36,44.5,0.35
2020-04-23,600519,1070.32,1072.58,1086.0,1068.09,26899,3377042464.0,1.68,0.73,7.76,0.21
2020-04-24,600519,1068.32,1070.88,1080.21,1055.5,19122,2390444032.0,2.3,-0.16,-1.7,0.15
2020-04-27,600519,1077.32,1096.32,1098.49,1071.28,25904,3284513344.0,2.54,2.38,25.44,0.21
2020-04-28,600519,1105.63,1099.45,1120.26,1092.2,34662,4458549504.0,2.56,0.29,3.13,0.28
2020-04-29,600519,1098.12,1095.22,1108.42,1078.32,23444,2976724960.0,2.74,-0.38,-4.23,0.19
2020-04-30,600519,1091.32,1086.02,1105.33,1079.2,24661,3134408880.0,2.39,-0.84,-9.2,0.2
2020-05-06,600519,1071.32,1120.32,1120.32,1070.32,35835,4598589696.0,4.6,3.16,34.3,0.29
2020-05-07,600519,1119.72,1132.32,1135.31,1113.32,27935,3647628304.0,1.96,1.07,12.0,0.22
2020-05-08,600519,1137.32,1134.93,1158.32,1128.83,29079,3839218032.0,2.6,0.23,2.61,0.23
2020-05-11,600519,1140.32,1143.33,1155.32,1133.99,23671,3135990960.0,1.88,0.74,8.4,0.19
2020-05-12,600519,1138.32,1153.32,1155.31,1136.32,19722,2621824688.0,1.66,0.87,9.99,0.16
2020-05-13,600519,1153.32,1156.27,1158.31,1143.2,22014,2931464944.0,1.31,0.26,2.95,0.18
2020-05-14,600519,1150.32,1146.91,1155.2,1145.43,18575,2467976352.0,0.84,-0.81,-9.36,0.15
2020-05-15,600519,1149.32,1133.32,1153.82,1122.2,26398,3469736816.0,2.76,-1.18,-13.59,0.21
2020-05-18,600519,1126.32,1166.53,1171.82,1125.45,34362,4587989760.0,4.09,2.93,33.21,0.27
2020-05-19,600519,1184.32,1166.43,1184.32,1158.32,24787,3342210480.0,2.23,-0.01,-0.1,0.2
2020-05-20,600519,1166.43,1171.32,1179.5,1157.13,21183,2859455104.0,1.92,0.42,4.89,0.17
2020-05-21,600519,1175.32,1186.42,1192.28,1173.18,23052,3147105456.0,1.63,1.29,15.1,0.18
2020-05-22,600519,1186.32,1148.52,1186.42,1143.2,34427,4608696064.0,3.64,-3.19,-37.9,0.27
2020-05-25,600519,1150.32,1183.22,1186.9,1141.32,31561,4260387680.0,3.97,3.02,34.7,0.25
2020-05-26,600519,1190.2,1178.32,1190.27,1175.32,22470,3056188320.0,1.26,-0.41,-4.9,0.18
2020-05-27,600519,1179.32,1158.32,1180.32,1153.32,26777,3596654304.0,2.29,-1.7,-20.0,0.21
2020-05-28,600519,1158.29,1164.32,1167.26,1141.45,26486,3536546896.0,2.23,0.52,6.0,0.21
2020-05-29,600519,1152.42,1186.92,1190.3,1152.42,30444,4144247216.0,3.25,1.94,22.6,0.24
2020-06-01,600519,1201.32,1239.82,1240.42,1201.32,35480,4986178816.0,3.29,4.46,52.9,0.28
2020-06-02,600519,1236.33,1231.03,1248.22,1226.98,25960,3679210592.0,1.71,-0.71,-8.79,0.21
2020-06-03,600519,1235.32,1219.62,1237.82,1216.09,23557,3308382800.0,1.77,-0.93,-11.41,0.19
2020-06-04,600519,1216.32,1228.31,1231.32,1216.32,18037,2534459744.0,1.23,0.71,8.69,0.14
2020-06-05,600519,1225.57,1245.32,1249.2,1221.4,18347,2597524608.0,2.26,1.38,17.01,0.15
2020-06-08,600519,1245.32,1226.42,1255.32,1222.33,29300,4145298448.0,2.65,-1.52,-18.9,0.23
2020-06-09,600519,1228.32,1236.87,1245.32,1221.0,22612,3199849664.0,1.98,0.85,10.45,0.18
2020-06-10,600519,1245.32,1243.98,1253.65,1237.32,22701,3234843856.0,1.32,0.57,7.11,0.18
2020-06-11,600519,1231.33,1220.78,1238.31,1217.31,30712,4314846208.0,1.69,-1.86,-23.2,0.24
2020-06-12,600519,1207.49,1236.69,1236.69,1203.63,28427,3992323392.0,2.71,1.3,15.91,0.23
2020-06-15,600519,1222.32,1203.32,1231.92,1201.32,34615,4819512320.0,2.47,-2.7,-33.37,0.28
2020-06-16,600519,1218.82,1224.2,1234.32,1213.45,29207,4099718928.0,1.73,1.74,20.88,0.23
2020-06-17,600519,1232.18,1225.32,1232.22,1215.34,19453,2730097120.0,1.38,0.09,1.12,0.15
2020-06-18,600519,1225.22,1233.32,1233.52,1220.42,21010,2956800080.0,1.07,0.65,8.0,0.17
2020-06-19,600519,1240.32,1260.16,1265.52,1235.42,38958,5603232768.0,2.44,2.18,26.84,0.31
2020-06-22,600519,1255.42,1259.32,1264.21,1253.52,23247,3343536640.0,0.85,-0.07,-0.84,0.19
2020-06-23,600519,1255.32,1294.82,1302.32,1253.84,33934,4963194624.0,3.85,2.82,35.5,0.27
2020-06-24,600519,1300.95,1297.36,1303.06,1282.35,25139,3663537120.0,1.6,0.2,2.54,0.2
2020-06-29,600519,1285.35,1300.52,1303.35,1274.36,28081,4064048240.0,2.23,0.24,3.16,0.22
2020-06-30,600519,1300.47,1300.23,1306.33,1292.47,22446,3281641200.0,1.07,-0.02,-0.29,0.18
2020-07-01,600519,1305.35,1331.62,1343.45,1301.37,38682,5759640320.0,3.24,2.41,31.39,0.31
2020-07-02,600519,1336.35,1381.35,1388.25,1332.35,45884,7014289664.0,4.2,3.73,49.73,0.37
2020-07-03,600519,1387.35,1379.14,1389.85,1354.23,35126,5395636992.0,2.58,-0.16,-2.21,0.28
2020-07-06,600519,1375.35,1437.35,1453.35,1369.16,51822,8228069120.0,6.1,4.22,58.21,0.41
2020-07-07,600519,1440.44,1525.35,1582.17,1438.35,66664,11219852032.0,10.01,6.12,88.0,0.53
2020-07-08,600519,1517.35,1518.69,1556.35,1497.35,53170,8963188992.0,3.87,-0.44,-6.66,0.42
2020-07-09,600519,1528.35,1543.35,1549.35,1519.35,35033,5951732736.0,1.98,1.62,24.66,0.28
2020-07-10,600519,1526.35,1551.2,1573.95,1526.29,37100,6352507392.0,3.09,0.51,7.85,0.3
2020-07-13,600519,1552.03,1619.34,1624.35,1552.03,60727,10679460352.0,4.66,4.39,68.14,0.48
2020-07-14,600519,1619.34,1599.35,1619.38,1585.75,46094,8135834880.0,2.08,-1.23,-19.99,0.37
2020-07-15,600519,1582.23,1589.88,1619.95,1582.06,40713,7176560640.0,2.37,-0.59,-9.47,0.32
2020-07-16,600519,1567.26,1451.35,1567.26,1437.35,102242,16901373184.0,8.17,-8.71,-138.53,0.81
2020-07-17,600519,1457.35,1485.4,1509.94,1457.35,65902,10863420160.0,3.62,2.35,34.05,0.52
2020-07-20,600519,1489.85,1474.31,1501.34,1426.23,45280,7363823104.0,5.06,-0.75,-11.09,0.36
2020-07-21,600519,1483.99,1505.35,1540.15,1468.34,41970,7026353152.0,4.87,2.11,31.04,0.33
2020-07-22,600519,1495.35,1515.43,1547.35,1495.35,39201,6637265408.0,3.45,0.67,10.08,0.31
2020-07-23,600519,1509.35,1513.35,1528.35,1487.35,34321,5739050240.0,2.71,-0.14,-2.08,0.27
2020-07-24,600519,1492.2,1432.65,1503.35,1422.35,78752,12705942016.0,5.35,-5.33,-80.7,0.63
2020-07-27,600519,1453.36,1459.9,1467.15,1437.35,38788,6279664384.0,2.08,1.9,27.25,0.31
2020-07-28,600519,1467.35,1507.35,1517.35,1467.35,54912,9133721856.0,3.42,3.25,47.45,0.44
2020-07-29,600519,1527.35,1509.35,1527.35,1470.35,50748,8411790080.0,3.78,0.13,2.0,0.4
2020-07-30,600519,1508.55,1517.35,1537.94,1507.85,38373,6486855424.0,1.99,0.53,8.0,0.31
2020-07-31,600519,1522.35,1515.53,1542.35,1483.35,40685,6846747392.0,3.89,-0.12,-1.82,0.32
2020-08-03,600519,1524.23,1505.35,1533.93,1497.35,34661,5790041344.0,2.41,-0.67,-10.18,0.28
2020-08-04,600519,1512.35,1507.34,1520.34,1497.35,31941,5337185792.0,1.53,0.13,1.99,0.25
2020-08-05,600519,1499.44,1505.35,1510.44,1480.66,25522,4236612464.0,1.98,-0.13,-1.99,0.2
2020-08-06,600519,1507.35,1475.31,1511.38,1467.35,32649,5372942592.0,2.92,-2.0,-30.04,0.26
2020-08-07,600519,1482.12,1468.35,1487.02,1435.85,34242,5560065792.0,3.47,-0.47,-6.96,0.27
2020-08-10,600519,1465.32,1471.34,1482.31,1445.46,23624,3857721120.0,2.51,0.2,2.99,0.19
2020-08-11,600519,1477.35,1479.86,1503.78,1477.35,35818,5936904960.0,1.8,0.58,8.52,0.29
2020-08-12,600519,1470.35,1464.3,1478.35,1442.6,27934,4529267456.0,2.42,-1.05,-15.56,0.22
2020-08-13,600519,1467.35,1472.35,1476.23,1446.35,20541,3341652192.0,2.04,0.55,8.05,0.16
2020-08-14,600519,1477.25,1498.35,1503.05,1468.35,37653,6230475520.0,2.36,1.77,26.0,0.3
2020-08-17,600519,1511.35,1527.35,1541.7,1507.35,43572,7363610880.0,2.29,1.94,29.0,0.35
2020-08-18,600519,1534.73,1542.35,1557.35,1528.35,30423,5192751872.0,1.9,0.98,15.0,0.24
2020-08-19,600519,1537.35,1524.35,1554.35,1520.34,26915,4578143744.0,2.21,-1.17,-18.0,0.21
2020-08-20,600519,1511.35,1501.35,1516.35,1493.35,22382,3727183936.0,1.51,-1.51,-23.0,0.18
2020-08-21,600519,1510.35,1513.35,1535.35,1508.35,25082,4217048416.0,1.8,0.8,12.0,0.2
2020-08-24,600519,1537.35,1533.7,1545.35,1528.36,30933,5260286464.0,1.12,1.34,20.35,0.25
2020-08-25,600519,1542.15,1564.35,1584.13,1535.98,41872,7227309824.0,3.14,2.0,30.65,0.33
2020-08-26,600519,1571.35,1564.35,1582.35,1552.37,26216,4530374144.0,1.92,0.0,0.0,0.21
2020-08-27,600519,1569.34,1568.35,1571.33,1542.35,22636,3896759440.0,1.85,0.26,4.0,0.18
2020-08-28,600519,1568.35,1594.35,1601.35,1558.85,42300,7389242368.0,2.71,1.66,26.0,0.34
2020-08-31,600519,1607.93,1623.85,1653.35,1607.93,47810,8608932608.0,2.85,1.85,29.5,0.38
2020-09-01,600519,1629.35,1639.33,1639.35,1612.36,31640,5661594368.0,1.66,0.95,15.48,0.25
2020-09-02,600519,1662.35,1632.35,1665.35,1607.35,32009,5746351872.0,3.54,-0.43,-6.98,0.25
2020-09-03,600519,1632.35,1630.35,1649.35,1617.05,30437,5471333888.0,1.98,-0.12,-2.0,0.24
2020-09-04,600519,1603.35,1607.35,1614.34,1583.35,30858,5433479424.0,1.9,-1.41,-23.0,0.25
2020-09-07,600519,1597.35,1560.85,1615.34,1541.32,31112,5446354688.0,4.61,-2.89,-46.5,0.25
2020-09-08,600519,1569.35,1548.75,1575.15,1514.42,34472,5865962752.0,3.89,-0.78,-12.1,0.27
2020-09-09,600519,1537.02,1525.35,1548.35,1517.39,25964,4401806080.0,2.0,-1.51,-23.4,0.21
2020-09-10,600519,1541.09,1543.15,1557.35,1537.35,24778,4236694400.0,1.31,1.17,17.8,0.2
2020-09-11,600519,1525.35,1570.35,1573.35,1525.35,31088,5339883520.0,3.11,1.76,27.2,0.25
2020-09-14,600519,1582.35,1603.35,1606.35,1567.93,31056,5448188928.0,2.45,2.1,33.0,0.25
2020-09-15,600519,1607.34,1597.35,1607.34,1585.1,20821,3654872016.0,1.39,-0.37,-6.0,0.17
2020-09-16,600519,1597.35,1562.45,1602.16,1556.35,22516,3916457760.0,2.87,-2.18,-34.9,0.18
2020-09-17,600519,1537.35,1507.87,1537.35,1495.35,63680,10683350272.0,2.69,-3.49,-54.58,0.51
2020-09-18,600519,1502.35,1532.35,1532.35,1472.36,47201,7853673216.0,3.98,1.62,24.48,0.38
2020-09-21,600519,1530.11,1504.15,1530.11,1504.01,22444,3756765104.0,1.7,-1.84,-28.2,0.18
2020-09-22,600519,1487.35,1503.04,1524.33,1487.35,23265,3890070208.0,2.46,-0.07,-1.11,0.19
2020-09-23,600519,1472.35,1487.33,1503.36,1458.37,35726,5878691072.0,2.99,-1.05,-15.71,0.28
2020-09-24,600519,1473.32,1466.67,1496.23,1464.15,30051,4915392256.0,2.16,-1.39,-20.66,0.24
2020-09-25,600519,1467.35,1472.46,1487.35,1462.35,22583,3700843488.0,1.7,0.39,5.79,0.18
2020-09-28,600519,1472.54,1498.35,1505.85,1472.54,24232,4019640144.0,2.26,1.76,25.89,0.19
2020-09-29,600519,1506.68,1489.65,1506.75,1489.65,17431,2895081360.0,1.14,-0.58,-8.7,0.14
2020-09-30,600519,1497.35,1505.85,1529.25,1497.35,27088,4536012544.0,2.14,1.09,16.2,0.22
2020-10-09,600519,1529.35,1533.35,1543.77,1525.35,34240,5817280512.0,1.22,1.83,27.5,0.27
2020-10-12,600519,1537.35,1587.96,1587.96,1537.35,43729,7597987840.0,3.3,3.56,54.61,0.35
2020-10-13,600519,1587.97,1576.35,1587.97,1572.35,22944,3995560512.0,0.98,-0.73,-11.61,0.18
2020-10-14,600519,1577.35,1566.35,1584.33,1563.35,20481,3554316592.0,1.33,-0.63,-10.0,0.16
2020-10-15,600519,1558.48,1562.35,1572.35,1558.35,16204,2801250560.0,0.89,-0.26,-4.0,0.13
2020-10-16,600519,1562.35,1549.35,1571.93,1540.35,17377,2991246896.0,2.02,-0.83,-13.0,0.14
2020-10-19,600519,1562.35,1536.35,1571.33,1529.25,19226,3284383408.0,2.72,-0.84,-13.0,0.15
2020-10-20,600519,1537.34,1571.35,1572.32,1532.35,27735,4787807488.0,2.6,2.28,35.0,0.22
2020-10-21,600519,1571.45,1570.68,1579.5,1560.35,18901,3275357440.0,1.22,-0.04,-0.67,0.15
2020-10-22,600519,1567.35,1579.85,1582.35,1552.86,22481,3897729792.0,1.88,0.58,9.17,0.18
2020-10-23,600519,1578.13,1552.68,1584.94,1551.35,19292,3339987456.0,2.13,-1.72,-27.17,0.15
2020-10-26,600519,1456.35,1480.35,1500.27,1437.35,66015,10821908224.0,4.05,-4.66,-72.33,0.53
2020-10-27,600519,1480.35,1462.35,1481.35,1453.47,43944,7156688384.0,1.88,-1.22,-18.0,0.35
2020-10-28,600519,1463.35,1502.16,1514.35,1462.43,34637,5739452160.0,3.55,2.72,39.81,0.28
2020-10-29,600519,1492.19,1513.35,1545.35,1484.35,39374,6633168640.0,4.06,0.74,11.19,0.31
2020-10-30,600519,1515.35,1507.37,1533.35,1502.35,26055,4379602176.0,2.05,-0.4,-5.98,0.21
2020-11-02,600519,1512.35,1511.36,1532.35,1509.35,21066,3544422240.0,1.53,0.26,3.99,0.17
2020-11-03,600519,1522.34,1532.35,1543.25,1512.85,23497,3976621216.0,2.01,1.39,20.99,0.19
2020-11-04,600519,1537.35,1536.93,1541.35,1522.35,16444,2788396256.0,1.24,0.3,4.58,0.13
2020-11-05,600519,1554.35,1559.25,1569.83,1549.45,23524,4053043264.0,1.33,1.45,22.32,0.19
2020-11-06,600519,1567.9,1537.97,1568.94,1527.35,23052,3932702368.0,2.67,-1.36,-21.28,0.18
2020-11-09,600519,1538.73,1579.92,1588.03,1537.97,41470,7198679808.0,3.25,2.73,41.95,0.33
2020-11-10,600519,1590.27,1582.35,1601.83,1573.35,30189,5287968256.0,1.8,0.15,2.43,0.24
2020-11-11,600519,1582.35,1568.7,1614.85,1568.35,34851,6122365440.0,2.94,-0.86,-13.65,0.28
2020-11-12,600519,1567.36,1572.14,1587.35,1559.62,23473,4071729792.0,1.77,0.22,3.44,0.19
2020-11-13,600519,1561.35,1542.35,1566.23,1528.35,28155,4791276544.0,2.41,-1.89,-29.79,0.22
2020-11-16,600519,1548.35,1567.4,1567.4,1534.61,30613,5247897088.0,2.13,1.62,25.05,0.24
2020-11-17,600519,1577.35,1553.15,1579.7,1538.42,25224,4355288064.0,2.63,-0.91,-14.25,0.2
2020-11-18,600519,1552.35,1531.0,1557.88,1520.51,35179,5973146880.0,2.41,-1.43,-22.15,0.28
2020-11-19,600519,1521.85,1557.54,1562.35,1517.95,27816,4767508736.0,2.9,1.73,26.54,0.22
2020-11-20,600519,1557.35,1557.31,1573.35,1550.0,21875,3771894864.0,1.5,-0.01,-0.23,0.17
2020-11-23,600519,1608.36,1627.56,1647.25,1608.36,66637,11926870528.0,2.5,4.51,70.25,0.53
2020-11-24,600519,1607.34,1600.85,1619.85,1588.82,32465,5736960256.0,1.91,-1.64,-26.71,0.26
2020-11-25,600519,1598.85,1564.23,1606.23,1561.35,28226,4910540800.0,2.8,-2.29,-36.62,0.22
2020-11-26,600519,1563.35,1571.74,1577.34,1562.53,23228,4027749312.0,0.95,0.48,7.51,0.18
2020-11-27,600519,1570.01,1575.25,1577.38,1555.35,21569,3737697984.0,1.4,0.22,3.51,0.17
2020-11-30,600519,1572.35,1551.26,1576.25,1551.26,31940,5520322304.0,1.59,-1.52,-23.99,0.25
2020-12-01,600519,1563.35,1574.35,1576.34,1557.36,28196,4891829248.0,1.22,1.49,23.09,0.22
2020-12-02,600519,1583.35,1575.36,1586.35,1568.35,23572,4101369312.0,1.14,0.06,1.01,0.19
2020-12-03,600519,1575.36,1586.35,1593.01,1569.45,29506,5147357696.0,1.5,0.7,10.99,0.23
2020-12-04,600519,1589.35,1630.46,1637.45,1589.35,62491,11176048896.0,3.03,2.78,44.11,0.5
2020-12-07,600519,1640.05,1649.75,1677.74,1637.9,58331,10617305088.0,2.44,1.18,19.29,0.46
2020-12-08,600519,1652.35,1687.35,1712.35,1650.35,61454,11333352192.0,3.76,2.28,37.6,0.49
2020-12-09,600519,1703.3,1677.35,1703.35,1676.35,31152,5766037504.0,1.6,-0.59,-10.0,0.25
2020-12-10,600519,1677.35,1670.25,1687.12,1665.35,32654,6009239808.0,1.3,-0.42,-7.1,0.26
2020-12-11,600519,1672.13,1657.35,1674.67,1642.16,30776,5595359744.0,1.95,-0.77,-12.9,0.24
2020-12-14,600519,1665.12,1666.35,1667.33,1652.35,33052,6026813440.0,0.9,0.54,9.0,0.26
2020-12-15,600519,1670.85,1653.36,1674.57,1642.35,29605,5383582208.0,1.93,-0.78,-12.99,0.24
2020-12-16,600519,1667.85,1677.35,1683.02,1657.56,32150,5901298176.0,1.54,1.45,23.99,0.26
2020-12-17,600519,1682.85,1702.86,1705.35,1677.35,36031,6683421952.0,1.67,1.52,25.51,0.29
2020-12-18,600519,1689.16,1682.35,1706.36,1678.43,27077,5020968960.0,1.64,-1.2,-20.51,0.22
2020-12-21,600519,1677.35,1679.85,1688.58,1674.95,30697,5663526912.0,0.81,-0.15,-2.5,0.24
2020-12-22,600519,1687.32,1718.35,1736.34,1679.86,40651,7618583552.0,3.36,2.29,38.5,0.32
2020-12-23,600519,1735.34,1679.0,1743.55,1658.37,47706,8901002240.0,4.96,-2.29,-39.35,0.38
2020-12-24,600519,1655.35,1667.69,1696.23,1632.37,37857,6921989376.0,3.8,-0.67,-11.31,0.3
2020-12-25,600519,1640.34,1667.35,1684.35,1637.35,23088,4218997632.0,2.82,-0.02,-0.34,0.18
2020-12-28,600519,1663.95,1710.35,1726.15,1663.4,30080,5616528640.0,3.76,2.58,43.0,0.24
2020-12-29,600519,1710.35,1704.35,1724.15,1692.35,22868,4275994832.0,1.86,-0.35,-6.0,0.18
2020-12-30,600519,1707.35,1770.35,1770.35,1707.34,34452,6604461312.0,3.7,3.87,66.0,0.27
2020-12-31,600519,1778.35,1835.35,1836.33,1776.35,38860,7682300672.0,3.39,3.67,65.0,0.31
2021-01-04,600519,1837.33,1834.35,1842.34,1821.16,43514,8686920192.0,1.15,-0.05,-1.0,0.35
2021-01-05,600519,1827.35,1896.8,1896.8,1819.81,52116,10592557312.0,4.2,3.4,62.45,0.41
2021-01-06,600519,1902.15,1937.35,1962.35,1873.38,47410,9882593792.0,4.69,2.14,40.55,0.38
2021-01-07,600519,1934.35,1977.35,1977.35,1912.35,37931,7991178752.0,3.36,2.06,40.0,0.3
2021-01-08,600519,1979.35,1927.35,1988.23,1900.37,53862,11345202944.0,4.44,-2.53,-50.0,0.43
2021-01-11,600519,1927.35,1937.08,1987.85,1895.95,51080,10768565504.0,4.77,0.5,9.73,0.41
2021-01-12,600519,1925.35,1998.25,1998.25,1922.35,41059,8800558336.0,3.92,3.16,61.17,0.33
2021-01-13,600519,2001.35,2001.35,2010.68,1972.35,34390,7418330880.0,1.92,0.16,3.1,0.27
2021-01-14,600519,1993.35,1971.35,2000.35,1953.46,36152,7722089728.0,2.34,-1.5,-30.0,0.29
2021-01-15,600519,1952.35,1919.35,1971.7,1866.35,59509,12372103168.0,5.34,-2.64,-52.0,0.47
2021-01-18,600519,1898.41,1900.35,1928.83,1877.62,39144,8076715776.0,2.67,-0.99,-19.0,0.31
2021-01-19,600519,1910.46,1846.76,1933.65,1844.2,46345,9479278592.0,4.71,-2.82,-53.59,0.37
2021-01-20,600519,1845.35,1877.98,1892.84,1819.85,45082,9126453248.0,3.95,1.69,31.22,0.36
2021-01-21,600519,1885.35,1907.35,1927.37,1878.35,38310,7953455872.0,2.61,1.56,29.37,0.3
2021-01-22,600519,1906.35,1917.3,1937.35,1897.45,29248,6090260480.0,2.09,0.52,9.95,0.23
2021-01-25,600519,1920.35,2012.35,2016.85,1920.35,55957,12029474560.0,5.03,4.96,95.05,0.45
2021-01-26,600519,2022.35,1979.24,2024.35,1962.46,31747,6820173312.0,3.08,-1.65,-33.11,0.25
2021-01-27,600519,1979.24,1926.35,1979.24,1922.35,37120,7809446400.0,2.87,-2.67,-52.89,0.3
2021-01-28,600519,1917.35,1925.35,1947.01,1897.37,35129,7337084416.0,2.58,-0.05,-1.0,0.28
2021-01-29,600519,1938.54,1953.53,1986.83,1927.57,33701,7166179328.0,3.08,1.46,28.18,0.27
2021-02-01,600519,1967.35,1946.67,1997.35,1932.35,29341,6219639040.0,3.33,-0.35,-6.86,0.23
2021-02-02,600519,1949.57,1982.35,1987.34,1939.45,34582,7372233472.0,2.46,1.83,35.68,0.28
2021-02-03,600519,1987.35,2027.26,2035.62,1977.35,38714,8384049408.0,2.94,2.27,44.91,0.31
2021-02-04,600519,2028.35,2158.2,2167.35,2028.35,63851,14596930304.0,6.86,6.46,130.94,0.51
2021-02-05,600519,2162.35,2150.35,2201.95,2128.35,39729,9253566208.0,3.41,-0.36,-7.85,0.32
2021-02-08,600519,2174.35,2206.15,2216.23,2150.35,35786,8420758528.0,3.06,2.59,55.8,0.28
2021-02-09,600519,2206.15,2293.78,2293.78,2187.35,33297,7972930048.0,4.82,3.97,87.63,0.27
2021-02-10,600519,2322.35,2438.35,2438.55,2322.35,61371,15675929600.0,5.07,6.3,144.57,0.49
2021-02-18,600519,2425.33,2308.35,2465.23,2302.35,65912,16704135168.0,6.68,-5.33,-130.0,0.52
2021-02-19,600519,2288.51,2297.35,2334.01,2218.95,59385,14525164544.0,4.98,-0.48,-11.0,0.47
2021-02-22,600519,2292.35,2125.37,2292.35,2115.57,78935,18498777344.0,7.69,-7.49,-171.98,0.63
2021-02-23,600519,2102.49,2144.35,2182.24,2102.35,57455,13316110848.0,3.76,0.89,18.98,0.46
2021-02-24,600519,2145.34,2026.35,2155.35,1997.85,82116,18195034368.0,7.34,-5.5,-118.0,0.65
2021-02-25,600519,2046.35,1987.35,2061.85,1958.56,59726,12982145792.0,5.1,-1.92,-39.0,0.48
2021-02-26,600519,1937.35,1960.13,2017.3,1904.65,66525,14097015552.0,5.67,-1.37,-27.22,0.53
2021-03-01,600519,2016.35,1995.35,2016.35,1957.35,44916,9686945536.0,3.01,1.8,35.22,0.36
2021-03-02,600519,2017.35,1895.35,2017.35,1870.35,70765,14796698624.0,7.37,-5.01,-100.0,0.56
2021-03-03,600519,1877.35,1977.35,1987.12,1870.35,54215,11366685440.0,6.16,4.33,82.0,0.43
2021-03-04,600519,1932.35,1870.35,1933.35,1847.45,65088,13297304320.0,4.34,-5.41,-107.0,0.52
2021-03-05,600519,1837.35,1897.46,1932.35,1825.35,63779,13100315904.0,5.72,1.45,27.11,0.51
2021-03-08,600519,1912.31,1797.35,1922.35,1797.35,63100,12724246016.0,6.59,-5.28,-100.11,0.5
2021-03-09,600519,1792.35,1774.34,1837.35,1737.53,82266,16100769536.0,5.55,-1.28,-23.01,0.65
2021-03-10,600519,1814.35,1807.36,1837.22,1804.35,51172,10136910336.0,1.85,1.86,33.02,0.41
2021-03-11,600519,1812.35,1885.35,1917.34,1798.83,56769,11521736448.0,6.56,4.32,77.99,0.45
2021-03-12,600519,1907.35,1863.35,1914.35,1839.36,40323,8181594624.0,3.98,-1.17,-22.0,0.32
2021-03-15,600519,1887.35,1812.8,1907.15,1788.5,62485,12459955712.0,6.37,-2.71,-50.55,0.5
2021-03-16,600519,1812.28,1847.85,1857.34,1802.35,34649,6918600704.0,3.03,1.93,35.05,0.28
2021-03-17,600519,1837.35,1867.71,1887.35,1813.36,31375,6352656640.0,4.0,1.07,19.86,0.25
2021-03-18,600519,1872.35,1907.05,1923.71,1872.35,33865,6997030400.0,2.75,2.11,39.34,0.27
2021-03-19,600519,1872.35,1847.35,1880.35,1829.58,35781,7211521792.0,2.66,-3.13,-59.7,0.28
2021-03-22,600519,1837.45,1827.34,1863.44,1792.9,36914,7323391232.0,3.82,-1.08,-20.01,0.29
2021-03-23,600519,1836.23,1833.35,1846.15,1807.35,27446,5459520768.0,2.12,0.33,6.01,0.22
2021-03-24,600519,1818.35,1826.35,1850.35,1818.35,29357,5857848064.0,1.75,-0.38,-7.0,0.23
2021-03-25,600519,1807.36,1808.35,1826.23,1784.15,31575,6216733184.0,2.3,-0.99,-18.0,0.25
2021-03-26,600519,1822.35,1850.35,1859.35,1795.35,50016,9987629568.0,3.54,2.32,42.0,0.4
2021-03-29,600519,1880.55,1871.45,1933.7,1863.5,56992,11740129536.0,3.79,1.14,21.1,0.45
2021-03-30,600519,1877.35,1893.4,1923.35,1872.43,32627,6717493248.0,2.72,1.17,21.95,0.26
2021-03-31,600519,1882.45,1846.35,1883.37,1837.35,37154,7489086208.0,2.43,-2.48,-47.05,0.3
2021-04-01,600519,1858.35,1881.85,1884.15,1838.57,26588,5379776000.0,2.47,1.92,35.5,0.21
2021-04-02,600519,1893.35,1999.35,2002.35,1893.35,52028,10981752576.0,5.79,6.24,117.5,0.41
2021-04-06,600519,1998.35,1963.38,1999.33,1939.65,32742,6967525120.0,2.98,-1.8,-35.97,0.26
2021-04-07,600519,1941.41,1898.35,1954.65,1887.35,40201,8317799936.0,3.43,-3.31,-65.03,0.32
2021-04-08,600519,1884.38,1907.35,1916.35,1881.35,28548,5893307648.0,1.84,0.47,9.0,0.23
2021-04-09,600519,1879.35,1857.35,1891.35,1842.36,28809,5832453888.0,2.57,-2.62,-50.0,0.23
2021-04-12,600519,1848.35,1846.24,1867.35,1829.05,31943,6409917440.0,2.06,-0.6,-11.11,0.25
2021-04-13,600519,1857.35,1858.35,1887.15,1846.35,28992,5883787264.0,2.21,0.66,12.11,0.23
2021-04-14,600519,1872.35,1884.35,1885.35,1853.35,24115,4908790016.0,1.72,1.4,26.0,0.19
2021-04-15,600519,1868.25,1852.95,1884.25,1827.35,34366,6903769600.0,3.02,-1.67,-31.4,0.27
2021-04-16,600519,1862.43,1892.33,1905.35,1849.35,30294,6183895040.0,3.02,2.13,39.38,0.24
2021-04-19,600519,1892.35,1925.35,1935.71,1870.35,31754,6610577920.0,3.45,1.74,33.02,0.25
2021-04-20,600519,1908.45,1932.15,1966.35,1907.35,28290,5949669888.0,3.06,0.35,6.8,0.23
2021-04-21,600519,1913.35,1917.35,1935.15,1902.45,26150,5446146048.0,1.69,-0.77,-14.8,0.21
2021-04-22,600519,1927.25,1892.85,1936.35,1888.85,26850,5539295744.0,2.48,-1.28,-24.5,0.21
2021-04-23,600519,1893.32,1946.29,1957.23,1889.85,33463,7002695424.0,3.56,2.82,53.44,0.27
2021-04-26,600519,1969.35,1915.17,1972.35,1910.95,34045,7160836864.0,3.15,-1.6,-31.12,0.27
2021-04-27,600519,1924.43,1931.79,1932.6,1902.44,22108,4607779072.0,1.57,0.87,16.62,0.18
2021-04-28,600519,1847.35,1879.35,1884.85,1840.35,81343,16463574528.0,2.3,-2.71,-52.44,0.65
2021-04-29,600519,1884.39,1863.71,1887.29,1851.35,41284,8370431232.0,1.91,-0.83,-15.64,0.33
2021-04-30,600519,1863.35,1844.13,1873.35,1841.06,38401,7723747072.0,1.73,-1.05,-19.58,0.31
2021-05-06,600519,1837.35,1796.35,1844.19,1790.35,53546,10584968960.0,2.92,-2.59,-47.78,0.43
2021-05-07,600519,1802.35,1740.35,1805.33,1738.35,52493,10101703424.0,3.73,-3.12,-56.0,0.42
2021-05-10,600519,1737.35,1716.38,1746.35,1703.36,46003,8677753600.0,2.47,-1.38,-23.97,0.37
2021-05-11,600519,1713.35,1796.35,1803.35,1710.65,42494,8209251840.0,5.4,4.66,79.97,0.34
2021-05-12,600519,1786.43,1821.35,1836.35,1786.35,32699,6473203200.0,2.78,1.39,25.0,0.26
2021-05-13,600519,1803.1,1808.85,1822.4,1790.35,25078,4934955008.0,1.76,-0.69,-12.5,0.2
2021-05-14,600519,1819.35,1847.2,1867.85,1813.35,35611,7150301952.0,3.01,2.12,38.35,0.28
2021-05-17,600519,1862.45,1895.31,1922.55,1862.45,44524,9178510080.0,3.25,2.6,48.11,0.35
2021-05-18,600519,1902.35,1896.66,1914.35,1882.41,17504,3595891744.0,1.69,0.07,1.35,0.14
2021-05-19,600519,1896.35,1886.35,1912.16,1877.35,22410,4606452480.0,1.84,-0.54,-10.31,0.18
2021-05-20,600519,1911.35,1896.23,1911.45,1882.71,21857,4500663296.0,1.52,0.52,9.88,0.17
2021-05-21,600519,1892.43,1879.45,1917.23,1874.37,24248,4976601344.0,2.26,-0.88,-16.78,0.19
2021-05-24,600519,1888.35,1908.64,1917.41,1868.35,32548,6705879296.0,2.61,1.55,29.19,0.26
2021-05-25,600519,1922.35,2031.85,2037.45,1922.35,67757,14636718848.0,6.03,6.46,123.21,0.54
2021-05-26,600519,2045.33,2057.35,2079.15,2030.43,38604,8558038272.0,2.4,1.26,25.5,0.31
2021-05-27,600519,2048.37,2082.35,2157.35,2038.45,45373,10240368896.0,5.78,1.22,25.0,0.36
2021-05-28,600519,2078.32,2067.35,2087.35,2042.86,25807,5741331968.0,2.14,-0.72,-15.0,0.21
2021-05-31,600519,2052.85,2055.35,2055.7,2009.35,31739,6960864256.0,2.24,-0.58,-12.0,0.25
2021-06-01,600519,2059.35,2078.3,2086.3,2043.35,30616,6832594432.0,2.09,1.12,22.95,0.24
2021-06-02,600519,2087.35,2059.35,2101.35,2045.53,22863,5088908288.0,2.69,-0.91,-18.95,0.18
2021-06-03,600519,2057.35,2059.57,2097.69,2047.43,23450,5242452992.0,2.44,0.01,0.22,0.19
2021-06-04,600519,2052.35,2088.85,2125.35,2051.39,31422,7058715136.0,3.59,1.42,29.28,0.25
2021-06-07,600519,2102.35,2108.35,2116.35,2077.36,25466,5756592640.0,1.87,0.93,19.5,0.2
2021-06-08,600519,2097.35,2028.35,2117.34,1998.5,47314,10479943168.0,5.64,-3.79,-80.0,0.38
2021-06-09,600519,2029.35,2036.85,2051.35,1997.46,25502,5591378944.0,2.66,0.42,8.5,0.2
2021-06-10,600519,2032.35,2075.83,2088.72,2027.43,25567,5707338496.0,3.01,1.91,38.98,0.2
2021-06-11,600519,2076.35,2016.16,2081.35,2016.16,33971,7513797120.0,3.14,-2.87,-59.67,0.27
2021-06-15,600519,2032.45,2030.35,2046.23,1985.35,29361,6412821504.0,3.02,0.7,14.19,0.23
2021-06-16,600519,2029.35,1995.35,2032.35,1985.35,27593,5978924544.0,2.31,-1.72,-35.0,0.22
2021-06-17,600519,1993.0,1994.26,2025.35,1981.71,21068,4558702592.0,2.19,-0.05,-1.09,0.17
2021-06-18,600519,1984.35,1928.29,1993.85,1902.35,54028,11329180928.0,4.59,-3.31,-65.97,0.43
2021-06-21,600519,1922.35,1918.99,1937.04,1887.35,35488,7367986432.0,2.58,-0.48,-9.3,0.28
2021-06-22,600519,1929.35,1912.32,1935.35,1891.24,33228,6900830720.0,2.3,-0.35,-6.67,0.26
2021-06-23,600519,1917.35,1875.35,1920.35,1871.5,37079,7596735744.0,2.55,-1.93,-36.97,0.3
2021-06-24,600519,1877.36,1905.4,1917.35,1858.35,31474,6452557056.0,3.15,1.6,30.05,0.25
2021-06-25,600519,1906.6,1948.64,1965.64,1899.24,35875,7459680512.0,3.48,2.27,43.24,0.29
2021-06-28,600519,1956.64,1959.65,1974.64,1929.64,27452,5750241280.0,2.31,0.57,11.01,0.22
2021-06-29,600519,1964.64,1918.64,1971.64,1907.64,33031,6835635200.0,3.27,-2.09,-41.01,0.26
2021-06-30,600519,1921.64,1913.34,1930.64,1902.94,21916,4511484160.0,1.44,-0.28,-5.3,0.17
2021-07-01,600519,1916.61,1961.64,1966.64,1888.24,33701,6970731008.0,4.1,2.52,48.3,0.27
2021-07-02,600519,1931.64,1869.64,1931.64,1868.14,46275,9388640256.0,3.24,-4.69,-92.0,0.37
2021-07-05,600519,1856.64,1850.64,1876.52,1841.64,34421,6872797696.0,1.87,-1.02,-19.0,0.27
2021-07-06,600519,1851.64,1869.54,1870.64,1816.65,35283,7015883008.0,2.92,1.02,18.9,0.28
2021-07-07,600519,1866.64,1860.64,1885.52,1855.65,28122,5658210816.0,1.6,-0.48,-8.9,0.22
2021-07-08,600519,1856.74,1841.64,1860.64,1824.64,35517,7027713792.0,1.93,-1.02,-19.0,0.28
2021-07-09,600519,1821.16,1828.75,1842.55,1801.64,30908,6072340992.0,2.22,-0.7,-12.89,0.25
2021-07-12,600519,1832.19,1817.64,1855.42,1797.14,39010,7658786304.0,3.19,-0.61,-11.11,0.31
2021-07-13,600519,1824.64,1839.54,1862.14,1821.64,29925,5946287360.0,2.23,1.2,21.9,0.24
2021-07-14,600519,1830.64,1818.64,1831.14,1801.64,30771,6011814912.0,1.6,-1.14,-20.9,0.24
2021-07-15,600519,1811.66,1854.63,1869.64,1807.24,42190,8391506176.0,3.43,1.98,35.99,0.34
2021-07-16,600519,1836.64,1812.54,1853.24,1806.64,35408,6958296832.0,2.51,-2.27,-42.09,0.28
2021-07-19,600519,1812.53,1831.64,1842.64,1797.64,30052,5900348160.0,2.48,1.05,19.1,0.24
2021-07-20,600519,1831.64,1836.64,1845.57,1818.05,23475,4639300864.0,1.5,0.27,5.0,0.19
2021-07-21,600519,1845.64,1825.64,1862.64,1818.65,29780,5902656256.0,2.4,-0.6,-11.0,0.24
2021-07-22,600519,1816.64,1796.65,1830.54,1795.6,39090,7619076864.0,1.91,-1.59,-28.99,0.31
2021-07-23,600519,1794.46,1756.64,1794.46,1751.73,47585,9057761792.0,2.38,-2.23,-40.01,0.38
2021-07-26,600519,1735.64,1660.75,1735.64,1636.64,98619,17894360832.0,5.64,-5.46,-95.89,0.79
2021-07-27,600519,1659.64,1569.53,1666.64,1559.64,86577,15230805760.0,6.44,-5.49,-91.22,0.69
2021-07-28,600519,1559.64,1625.54,1644.84,1538.76,85369,14792471040.0,6.76,3.57,56.01,0.68
2021-07-29,600519,1666.65,1606.43,1679.64,1590.98,63864,11299569920.0,5.45,-1.18,-19.11,0.51
2021-07-30,600519,1581.64,1535.63,1581.64,1514.4,77736,13109724928.0,4.19,-4.41,-70.8,0.62
2021-08-02,600519,1520.64,1611.64,1612.62,1477.36,97401,16515259136.0,8.81,4.95,76.01,0.78
2021-08-03,600519,1586.64,1605.94,1625.63,1545.44,54375,9447823360.0,4.98,-0.35,-5.7,0.43
2021-08-04,600519,1590.7,1580.64,1616.64,1574.64,38175,6614683392.0,2.62,-1.58,-25.3,0.3
2021-08-05,600519,1549.52,1555.64,1601.64,1533.0,48060,8177369856.0,4.34,-1.58,-25.0,0.38
2021-08-06,600519,1545.64,1527.64,1550.65,1503.24,45686,7616109568.0,3.05,-1.8,-28.0,0.36
2021-08-09,600519,1507.64,1550.44,1565.64,1506.64,47698,8028155392.0,3.86,1.49,22.8,0.38
2021-08-10,600519,1556.64,1655.64,1659.52,1531.64,83285,14549496576.0,8.25,6.79,105.2,0.66
2021-08-11,600519,1636.65,1607.14,1641.65,1606.65,38663,6821292800.0,2.11,-2.93,-48.5,0.31
2021-08-12,600519,1588.64,1546.64,1605.64,1542.83,47551,8130692608.0,3.91,-3.76,-60.5,0.38
2021-08-13,600519,1546.64,1556.68,1569.64,1535.64,37905,6418412544.0,2.2,0.65,10.04,0.3
2021-08-16,600519,1552.64,1555.84,1570.24,1541.72,28057,4773049856.0,1.83,-0.05,-0.84,0.22
2021-08-17,600519,1556.64,1491.64,1556.64,1485.52,61201,10140292096.0,4.57,-4.13,-64.2,0.49
2021-08-18,600519,1481.3,1476.64,1499.63,1456.64,59970,9701556224.0,2.88,-1.01,-15.0,0.48
2021-08-19,600519,1478.86,1476.61,1499.84,1456.64,41292,6682355712.0,2.93,0.0,-0.03,0.33
2021-08-20,600519,1411.81,1404.64,1454.19,1382.14,114545,17825198336.0,4.88,-4.87,-71.97,0.91
2021-08-23,600519,1394.52,1426.83,1455.64,1393.41,71597,11218832896.0,4.43,1.58,22.19,0.57
2021-08-24,600519,1431.64,1481.82,1499.19,1422.41,72594,11703813888.0,5.38,3.85,54.99,0.58
2021-08-25,600519,1504.28,1521.66,1537.51,1499.64,54239,9037626368.0,2.56,2.69,39.84,0.43
2021-08-26,600519,1521.63,1451.64,1521.63,1451.36,54020,8722233088.0,4.62,-4.6,-70.02,0.43
2021-08-27,600519,1445.64,1452.67,1481.64,1440.74,36095,5791426304.0,2.82,0.07,1.03,0.29
2021-08-30,600519,1461.64,1442.64,1469.64,1402.59,51588,8098190336.0,4.62,-0.69,-10.03,0.41
2021-08-31,600519,1446.44,1414.64,1472.99,1411.74,43677,6888080896.0,4.25,-1.94,-28.0,0.35
2021-09-01,600519,1415.64,1478.65,1491.63,1387.74,77316,12370243328.0,7.34,4.52,64.01,0.62
2021-09-02,600519,1489.63,1475.44,1499.64,1457.53,42837,6939707392.0,2.85,-0.22,-3.21,0.34
2021-09-03,600519,1466.66,1514.86,1516.43,1438.64,52835,8631165696.0,5.27,2.67,39.42,0.42
2021-09-06,600519,1505.64,1527.31,1564.8,1482.79,55338,9306030592.0,5.41,0.82,12.45,0.44
2021-09-07,600519,1517.67,1525.64,1541.12,1507.64,31211,5204051712.0,2.19,-0.11,-1.67,0.25
2021-09-08,600519,1516.64,1489.74,1527.82,1484.72,33064,5428265728.0,2.83,-2.35,-35.9,0.26
2021-09-09,600519,1482.64,1490.72,1501.64,1480.65,19950,3257785760.0,1.41,0.07,0.98,0.16
2021-09-10,600519,1490.72,1519.22,1525.44,1489.64,33388,5528034048.0,2.4,1.91,28.5,0.27
2021-09-13,600519,1521.64,1510.64,1540.64,1496.74,27720,4605031680.0,2.89,-0.56,-8.58,0.22
2021-09-14,600519,1515.64,1513.64,1539.64,1509.64,33761,5638962688.0,1.99,0.2,3.0,0.27
2021-09-15,600519,1506.64,1472.38,1516.64,1466.64,41570,6781755392.0,3.3,-2.73,-41.26,0.33
2021-09-16,600519,1459.64,1494.71,1500.64,1441.64,45968,7458455040.0,4.01,1.52,22.33,0.37
2021-09-17,600519,1476.64,1542.64,1562.24,1476.64,55130,9242101504.0,5.73,3.21,47.93,0.44
2021-09-22,600519,1515.47,1494.33,1544.64,1491.64,31743,5227723008.0,3.44,-3.13,-48.31,0.25
2021-09-23,600519,1494.64,1491.64,1512.52,1481.72,30342,4964210176.0,2.06,-0.18,-2.69,0.24
2021-09-24,600519,1484.64,1550.64,1576.62,1484.64,69537,11756596224.0,6.17,3.96,59.0,0.55
2021-09-27,600519,1606.64,1711.64,1720.04,1606.64,126869,23270689792.0,7.31,10.38,161.0,1.01
2021-09-28,600519,1704.64,1678.7,1716.64,1651.64,49221,8973408768.0,3.8,-1.92,-32.94,0.39
2021-09-29,600519,1665.64,1676.64,1701.65,1642.54,43291,7870151680.0,3.52,-0.12,-2.06,0.34
2021-09-30,600519,1674.82,1686.64,1706.86,1660.04,40539,7411735808.0,2.79,0.6,10.0,0.32
2021-10-08,600519,1679.06,1696.24,1734.64,1663.87,47452,8780381184.0,4.2,0.57,9.6,0.38
2021-10-11,600519,1696.15,1723.76,1746.54,1687.65,37676,7040475392.0,3.47,1.62,27.52,0.3
2021-10-12,600519,1722.64,1727.63,1733.64,1699.06,30606,5688160768.0,2.01,0.22,3.87,0.24
2021-10-13,600519,1726.64,1786.54,1806.59,1718.64,50143,9625769216.0,5.09,3.41,58.91,0.4
2021-10-14,600519,1785.57,1767.64,1798.44,1752.64,26623,5097602304.0,2.56,-1.06,-18.9,0.21
2021-10-15,600519,1746.74,1773.61,1786.63,1746.74,28561,5452953856.0,2.26,0.34,5.97,0.23
2021-10-18,600519,1744.64,1656.64,1744.64,1643.64,69652,12651498496.0,5.69,-6.6,-116.97,0.55
2021-10-19,600519,1656.64,1668.82,1695.44,1656.52,40315,7330114048.0,2.35,0.74,12.18,0.32
2021-10-20,600519,1689.64,1697.64,1706.44,1662.65,28663,5246404608.0,2.62,1.73,28.82,0.23
2021-10-21,600519,1697.74,1700.64,1716.64,1685.64,23019,4238584288.0,1.83,0.18,3.0,0.18
2021-10-22,600519,1711.64,1757.64,1777.65,1710.64,35963,6794850048.0,3.94,3.35,57.0,0.29
2021-10-25,600519,1736.64,1729.67,1741.65,1714.64,32461,6076219904.0,1.54,-1.59,-27.97,0.26
2021-10-26,600519,1720.67,1717.69,1735.63,1700.64,21130,3934223712.0,2.02,-0.69,-11.98,0.17
2021-10-27,600519,1708.94,1675.64,1714.94,1656.74,34647,6302270976.0,3.39,-2.45,-42.05,0.28
2021-10-28,600519,1681.84,1682.13,1700.42,1658.64,29491,5383196160.0,2.49,0.39,6.49,0.23
2021-10-29,600519,1681.64,1682.72,1704.64,1669.64,28776,5266898944.0,2.08,0.04,0.59,0.23
2021-11-01,600519,1636.64,1659.64,1682.94,1616.64,41690,7486936320.0,3.94,-1.37,-23.08,0.33
2021-11-02,600519,1653.34,1661.28,1700.86,1644.64,32500,5875341312.0,3.39,0.1,1.64,0.26
2021-11-03,600519,1656.64,1621.64,1666.62,1617.83,27829,4958314496.0,2.94,-2.39,-39.64,0.22
2021-11-04,600519,1634.58,1660.84,1672.64,1626.06,31130,5592211712.0,2.87,2.42,39.2,0.25
2021-11-05,600519,1660.85,1676.58,1701.63,1660.85,27077,4956331264.0,2.46,0.95,15.74,0.22
2021-11-08,600519,1676.64,1676.74,1687.44,1658.69,17706,3220439328.0,1.71,0.01,0.16,0.14
2021-11-09,600519,1676.62,1646.65,1684.51,1638.64,27352,4915170048.0,2.74,-1.79,-30.09,0.22
2021-11-10,600519,1646.65,1610.63,1651.64,1591.64,35349,6204803328.0,3.64,-2.19,-36.02,0.28
2021-11-11,600519,1609.57,1626.24,1626.24,1598.14,22652,3987243280.0,1.74,0.97,15.61,0.18
2021-11-12,600519,1634.64,1630.42,1641.69,1623.3,17607,3124400976.0,1.13,0.26,4.18,0.14
2021-11-15,600519,1630.32,1617.78,1640.64,1606.64,24947,4410975488.0,2.09,-0.78,-12.64,0.2
2021-11-16,600519,1624.64,1664.64,1674.64,1621.64,33526,6033536256.0,3.28,2.9,46.86,0.27
2021-11-17,600519,1661.64,1651.64,1677.14,1646.65,24505,4411450880.0,1.83,-0.78,-13.0,0.2
2021-11-18,600519,1637.86,1648.64,1663.64,1626.64,19521,3485674960.0,2.24,-0.18,-3.0,0.16
2021-11-19,600519,1650.83,1685.05,1705.64,1644.84,31156,5699883776.0,3.69,2.21,36.41,0.25
2021-11-22,600519,1705.64,1710.91,1765.64,1704.64,42573,7994018304.0,3.62,1.53,25.86,0.34
2021-11-23,600519,1708.64,1753.07,1773.64,1708.64,45782,8676297728.0,3.8,2.46,42.16,0.36
2021-11-24,600519,1756.64,1797.64,1822.64,1753.64,54512,10555736832.0,3.94,2.54,44.57,0.43
2021-11-25,600519,1809.64,1812.67,1842.84,1802.89,39753,7803035392.0,2.22,0.84,15.03,0.32
2021-11-26,600519,1821.47,1797.65,1823.64,1781.64,32656,6337346304.0,2.32,-0.83,-15.02,0.26
2021-11-29,600519,1816.64,1841.64,1846.64,1807.72,42399,8372476160.0,2.17,2.45,43.99,0.34
2021-11-30,600519,1842.04,1787.41,1846.54,1784.14,36925,7192172544.0,3.39,-2.94,-54.23,0.29
2021-12-01,600519,1806.64,1789.63,1816.59,1775.66,26254,5071457024.0,2.29,0.12,2.22,0.21
2021-12-02,600519,1796.64,1790.64,1798.79,1776.24,20422,3939731536.0,1.26,0.06,1.01,0.16
2021-12-03,600519,1788.64,1828.52,1845.26,1787.69,35818,7045848064.0,3.22,2.12,37.88,0.29
2021-12-06,600519,1839.64,1823.94,1846.64,1806.64,31064,6122543872.0,2.19,-0.25,-4.58,0.25
2021-12-07,600519,1837.38,1812.51,1844.51,1803.37,36980,7286659584.0,2.26,-0.63,-11.43,0.29
2021-12-08,600519,1821.52,1899.64,1901.64,1806.64,61048,12285102080.0,5.24,4.81,87.13,0.49
2021-12-09,600519,1911.58,1943.19,1973.56,1901.64,64239,13404724480.0,3.79,2.29,43.55,0.51
2021-12-10,600519,1916.64,1946.64,1952.42,1912.64,43148,8944582400.0,2.05,0.18,3.45,0.34
2021-12-13,600519,2010.64,1974.84,2036.64,1974.64,65807,14139012352.0,3.18,1.45,28.2,0.52
2021-12-14,600519,1974.84,2006.64,2024.54,1956.64,40449,8673733632.0,3.44,1.61,31.8,0.32
2021-12-15,600519,1998.79,1991.64,2021.59,1981.66,30078,6444715008.0,1.99,-0.75,-15.0,0.24
2021-12-16,600519,1971.64,1975.63,2000.69,1942.87,37211,7865499392.0,2.9,-0.8,-16.01,0.3
2021-12-17,600519,1957.14,1907.34,1964.64,1892.64,48403,9988869888.0,3.64,-3.46,-68.29,0.39
2021-12-20,600519,1907.34,1915.6,1942.3,1897.64,32258,6654596608.0,2.34,0.43,8.26,0.26
2021-12-21,600519,1901.64,1894.84,1925.77,1869.47,26286,5354186496.0,2.94,-1.08,-20.76,0.21
2021-12-22,600519,1896.64,1904.64,1919.64,1896.64,17431,3570928368.0,1.21,0.52,9.8,0.14
2021-12-23,600519,1909.64,1976.64,1976.64,1881.64,39099,8126298112.0,4.99,3.78,72.0,0.31
2021-12-24,600519,2005.52,2050.73,2073.6,2005.52,56130,12295953408.0,3.44,3.75,74.09,0.45
2021-12-27,600519,2024.64,1988.46,2024.64,1968.64,37556,8020677632.0,2.73,-3.04,-62.27,0.3
2021-12-28,600519,1989.64,1994.82,2012.14,1973.24,27651,5901940736.0,1.96,0.32,6.36,0.22
2021-12-29,600519,2006.64,1897.64,2010.89,1897.64,54049,11195625216.0,5.68,-4.87,-97.18,0.43
2021-12-30,600519,1897.64,1931.64,1945.62,1884.64,35261,7272866560.0,3.21,1.79,34.0,0.28
2021-12-31,600519,1926.64,1906.64,1929.62,1884.64,29665,6061415424.0,2.33,-1.29,-25.0,0.24
2022-01-04,600519,1911.64,1907.87,1925.59,1870.64,33843,6913653248.0,2.88,0.06,1.23,0.27
2022-01-05,600519,1901.64,1880.64,1921.64,1874.64,28396,5774992128.0,2.46,-1.43,-27.23,0.23
2022-01-06,600519,1878.65,1838.86,1892.64,1795.15,51795,10226933760.0,5.18,-2.22,-41.78,0.41
2022-01-07,600519,1831.64,1798.64,1845.52,1795.96,29817,5831695360.0,2.7,-2.19,-40.22,0.24
2022-01-10,600519,1784.65,1822.64,1833.64,1774.19,29627,5792738048.0,3.31,1.33,24.0,0.24
2022-01-11,600519,1804.64,1797.19,1821.64,1787.81,22277,4332180736.0,1.86,-1.4,-25.45,0.18
2022-01-12,600519,1804.64,1823.64,1835.44,1804.64,27474,5384359680.0,1.71,1.47,26.45,0.22
2022-01-13,600519,1821.46,1734.03,1824.63,1722.2,56747,10781720576.0,5.62,-4.91,-89.61,0.45
2022-01-14,600519,1734.03,1723.64,1749.64,1719.64,29322,5506185984.0,1.73,-0.6,-10.39,0.23
2022-01-17,600519,1724.64,1718.25,1734.94,1691.98,27354,5074077696.0,2.49,-0.31,-5.39,0.22
2022-01-18,600519,1718.32,1748.91,1765.49,1708.64,31216,5906705920.0,3.31,1.78,30.66,0.25
2022-01-19,600519,1775.64,1768.64,1775.64,1745.52,26371,5026993408.0,1.72,1.13,19.73,0.21
2022-01-20,600519,1772.64,1826.16,1836.63,1772.64,34014,6665294848.0,3.62,3.25,57.52,0.27
2022-01-21,600519,1816.64,1841.63,1850.13,1807.65,30813,6091427584.0,2.33,0.85,15.47,0.25
2022-01-24,600519,1811.64,1806.84,1840.64,1788.08,23986,4685441792.0,2.85,-1.89,-34.79,0.19
2022-01-25,600519,1799.64,1799.64,1822.64,1787.64,25510,4971078400.0,1.94,-0.4,-7.2,0.2
2022-01-26,600519,1798.68,1811.64,1825.64,1775.64,23905,4655706624.0,2.78,0.67,12.0,0.19
2022-01-27,600519,1857.65,1821.64,1867.46,1808.64,42665,8450329088.0,3.25,0.55,10.0,0.34
2022-01-28,600519,1811.64,1743.64,1824.64,1736.65,41020,7889492992.0,4.83,-4.28,-78.0,0.33
2022-02-07,600519,1757.63,1724.6,1770.2,1706.64,35150,6601799680.0,3.65,-1.09,-19.04,0.28
2022-02-08,600519,1725.52,1695.64,1729.51,1646.64,41713,7585130496.0,4.81,-1.68,-28.96,0.33
2022-02-09,600519,1695.73,1752.62,1764.64,1683.61,33885,6346699776.0,4.78,3.36,56.98,0.27
2022-02-10,600519,1756.64,1729.64,1762.54,1714.03,23032,4315456768.0,2.77,-1.31,-22.98,0.18
2022-02-11,600519,1713.64,1706.61,1757.43,1697.64,33746,6296909568.0,3.46,-1.33,-23.03,0.27
2022-02-14,600519,1696.64,1725.31,1733.64,1693.95,20196,3762313344.0,2.33,1.1,18.7,0.16
2022-02-15,600519,1725.44,1747.26,1767.64,1715.64,27106,5131842048.0,3.01,1.27,21.95,0.22
2022-02-16,600519,1756.64,1749.19,1763.64,1744.64,14587,2769034320.0,1.09,0.11,1.93,0.12
2022-02-17,600519,1757.25,1743.63,1768.12,1737.64,18214,3450265040.0,1.74,-0.32,-5.56,0.14
2022-02-18,600519,1734.27,1763.64,1764.62,1722.3,19385,3670339744.0,2.43,1.15,20.01,0.15
2022-02-21,600519,1756.64,1733.63,1763.54,1725.59,20816,3920377360.0,2.15,-1.7,-30.01,0.17
2022-02-22,600519,1716.65,1664.51,1717.64,1656.66,52299,9473992704.0,3.52,-3.99,-69.12,0.42
2022-02-23,600519,1668.05,1683.65,1690.64,1656.72,28112,5118197760.0,2.04,1.15,19.14,0.22
2022-02-24,600519,1664.64,1620.75,1670.63,1604.74,65359,11578557184.0,3.91,-3.74,-62.9,0.52
2022-02-25,600519,1631.64,1655.7,1664.92,1631.64,38979,6999524096.0,2.05,2.16,34.95,0.31
2022-02-28,600519,1643.7,1647.04,1653.64,1623.64,28923,5158148352.0,1.81,-0.52,-8.66,0.23
2022-03-01,600519,1658.64,1715.12,1720.21,1658.64,47379,8721229312.0,3.74,4.13,68.08,0.38
2022-03-02,600519,1696.64,1701.52,1707.63,1681.64,20074,3690612336.0,1.52,-0.79,-13.6,0.16
2022-03-03,600519,1702.44,1656.64,1706.89,1650.64,31547,5703580672.0,3.31,-2.64,-44.88,0.25
2022-03-04,600519,1628.64,1637.14,1649.53,1611.74,31047,5509157632.0,2.28,-1.18,-19.5,0.25
2022-03-07,600519,1616.84,1563.64,1624.64,1560.44,49156,8487507456.0,3.92,-4.49,-73.5,0.39
2022-03-08,600519,1616.62,1609.84,1643.3,1588.64,57215,10087484416.0,3.5,2.95,46.2,0.46
2022-03-09,600519,1620.74,1635.82,1661.64,1577.75,56434,10018589952.0,5.21,1.61,25.98,0.45
2022-03-10,600519,1664.64,1651.07,1677.64,1647.64,36462,6587438848.0,1.83,0.93,15.25,0.29
2022-03-11,600519,1622.64,1625.65,1633.64,1574.72,47727,8335618304.0,3.57,-1.54,-25.42,0.38
2022-03-14,600519,1586.64,1556.64,1606.64,1556.64,49007,8416841984.0,3.08,-4.25,-69.01,0.39
2022-03-15,600519,1506.64,1459.64,1541.64,1459.64,89056,14567142656.0,5.27,-6.23,-97.0,0.71
2022-03-16,600519,1490.64,1531.59,1540.54,1449.64,77593,12753010176.0,6.23,4.93,71.95,0.62
2022-03-17,600519,1576.64,1576.79,1611.64,1568.3,68352,11843531776.0,2.83,2.95,45.2,0.54
2022-03-18,600519,1574.64,1564.43,1601.64,1548.92,38349,6564085504.0,3.34,-0.78,-12.36,0.31
2022-03-21,600519,1580.64,1560.94,1582.29,1551.65,27877,4763083264.0,1.96,-0.22,-3.49,0.22
2022-03-22,600519,1580.52,1551.64,1580.52,1542.97,21054,3578291200.0,2.41,-0.6,-9.3,0.17
2022-03-23,600519,1561.64,1608.83,1626.64,1553.64,58067,10096341504.0,4.7,3.69,57.19,0.46
2022-03-24,600519,1594.64,1577.57,1596.64,1573.99,25815,4457504512.0,1.41,-1.94,-31.26,0.21
2022-03-25,600519,1568.64,1546.64,1590.64,1541.64,29709,5054831360.0,3.11,-1.96,-30.93,0.24
2022-03-28,600519,1481.64,1517.44,1521.44,1460.64,57542,9392007936.0,3.93,-1.89,-29.2,0.46
2022-03-29,600519,1518.14,1523.64,1548.14,1518.14,25935,4343365376.0,1.98,0.41,6.2,0.21
2022-03-30,600519,1554.64,1586.74,1586.74,1551.64,42433,7276379136.0,2.3,4.14,63.1,0.34
2022-03-31,600519,1576.64,1575.64,1595.24,1565.44,25174,4338022912.0,1.88,-0.7,-11.1,0.2
2022-04-01,600519,1586.58,1636.65,1649.64,1578.33,44862,7936957184.0,4.53,3.87,61.01,0.36
2022-04-06,600519,1609.64,1621.64,1645.37,1609.64,27820,4910792448.0,2.18,-0.92,-15.01,0.22
2022-04-07,600519,1614.64,1621.64,1641.64,1606.74,20196,3568182336.0,2.15,0.0,0.0,0.16
2022-04-08,600519,1624.64,1640.64,1645.34,1623.18,22941,4081618544.0,1.37,1.17,19.0,0.18
2022-04-11,600519,1626.64,1576.64,1626.64,1562.67,43864,7568782592.0,3.9,-3.9,-64.0,0.35
2022-04-12,600519,1585.64,1638.64,1644.61,1564.64,41630,7284546304.0,5.07,3.93,62.0,0.33
2022-04-13,600519,1623.64,1625.64,1651.64,1607.72,31148,5534915840.0,2.68,-0.79,-13.0,0.25
2022-04-14,600519,1644.64,1665.64,1692.54,1636.84,37650,6834657280.0,3.43,2.46,40.0,0.3
2022-04-15,600519,1658.84,1662.63,1674.64,1652.53,21041,3800797632.0,1.33,-0.18,-3.01,0.17
2022-04-18,600519,1637.77,1647.46,1654.64,1624.64,19793,3525102976.0,1.8,-0.91,-15.17,0.16
2022-04-19,600519,1656.64,1646.94,1689.63,1632.14,24205,4359852032.0,3.49,-0.03,-0.52,0.19
2022-04-20,600519,1658.33,1653.64,1676.64,1625.32,24156,4342043392.0,3.12,0.41,6.7,0.19
2022-04-21,600519,1646.84,1636.62,1662.64,1626.64,28953,5160787968.0,2.18,-1.03,-17.02,0.23
2022-04-22,600519,1619.64,1629.64,1644.52,1616.82,27900,4955360768.0,1.69,-0.43,-6.98,0.22
2022-04-25,600519,1606.64,1564.64,1633.14,1558.64,53658,9352986880.0,4.57,-3.99,-65.0,0.43
2022-04-26,600519,1559.97,1589.12,1605.62,1556.64,44564,7692845312.0,3.13,1.56,24.48,0.35
2022-04-27,600519,1623.76,1651.56,1666.64,1623.76,57402,10289893120.0,2.7,3.93,62.44,0.46
2022-04-28,600519,1649.64,1691.64,1701.64,1643.14,44010,8038681856.0,3.54,2.43,40.08,0.35
2022-04-29,600519,1692.64,1685.02,1705.64,1667.62,34885,6384066560.0,2.25,-0.39,-6.62,0.28
2022-05-05,600519,1686.64,1693.64,1726.64,1685.62,33661,6235017472.0,2.43,0.51,8.62,0.27
2022-05-06,600519,1671.63,1649.64,1675.64,1637.64,28596,5138176768.0,2.24,-2.6,-44.0,0.23
2022-05-09,600519,1636.64,1608.64,1636.64,1594.64,30352,5324616192.0,2.55,-2.49,-41.0,0.24
2022-05-10,600519,1576.64,1622.83,1641.6,1561.65,40119,7018451200.0,4.97,0.88,14.19,0.32
2022-05-11,600519,1611.64,1624.64,1645.12,1608.64,30313,5372950016.0,2.25,0.11,1.81,0.24
2022-05-12,600519,1609.64,1619.31,1634.64,1606.64,22038,3888480080.0,1.72,-0.33,-5.33,0.18
2022-05-13,600519,1636.64,1634.88,1654.58,1622.64,20731,3690141232.0,1.97,0.96,15.57,0.17
2022-05-16,600519,1653.64,1614.64,1653.64,1599.31,27765,4881208576.0,3.32,-1.24,-20.24,0.22
2022-05-17,600519,1626.52,1624.64,1631.64,1611.64,20145,3557048800.0,1.24,0.62,10.0,0.16
2022-05-18,600519,1630.3,1617.64,1630.56,1599.66,24850,4362487040.0,1.9,-0.43,-7.0,0.2
2022-05-19,600519,1601.64,1612.64,1613.64,1595.64,19776,3459059184.0,1.11,-0.31,-5.0,0.16
2022-05-20,600519,1616.63,1656.65,1657.79,1608.64,41950,7493460224.0,3.05,2.73,44.01,0.33
2022-05-23,600519,1656.64,1637.64,1660.53,1628.64,22157,3950856592.0,1.92,-1.15,-19.01,0.18
2022-05-24,600519,1642.64,1616.64,1643.64,1612.14,27342,4824599808.0,1.92,-1.28,-21.0,0.22
2022-05-25,600519,1621.91,1612.15,1628.64,1603.64,22389,3929477104.0,1.55,-0.28,-4.49,0.18
2022-05-26,600519,1617.64,1599.44,1617.64,1586.64,28053,4888109312.0,1.92,-0.79,-12.71,0.22
2022-05-27,600519,1616.63,1611.8,1636.64,1609.65,25120,4436904960.0,1.69,0.77,12.36,0.2
2022-05-30,600519,1622.64,1635.05,1647.19,1622.64,34466,6135631360.0,1.52,1.44,23.25,0.27
2022-05-31,600519,1631.41,1660.67,1671.54,1623.62,40751,7329201152.0,2.93,1.57,25.62,0.32
2022-06-01,600519,1658.64,1644.89,1671.42,1635.64,21760,3897858992.0,2.15,-0.95,-15.78,0.17
2022-06-02,600519,1644.61,1642.64,1652.44,1636.64,16915,3019718032.0,0.96,-0.14,-2.25,0.13
2022-06-06,600519,1646.64,1644.64,1651.64,1614.64,36741,6535329280.0,2.25,0.12,2.0,0.29
2022-06-07,600519,1640.78,1674.54,1681.64,1626.95,35049,6356030976.0,3.33,1.82,29.9,0.28
2022-06-08,600519,1681.64,1722.24,1738.64,1681.64,44354,8236953856.0,3.4,2.85,47.7,0.35
2022-06-09,600519,1728.64,1709.64,1744.99,1705.64,26329,4897066752.0,2.28,-0.73,-12.6,0.21
2022-06-10,600519,1701.65,1757.24,1763.64,1691.64,47345,8882462720.0,4.21,2.78,47.6,0.38
2022-06-13,600519,1746.64,1712.64,1748.64,1704.72,36755,6847248896.0,2.5,-2.54,-44.6,0.29
2022-06-14,600519,1690.64,1727.64,1732.06,1688.64,29416,5467949312.0,2.54,0.88,15.0,0.23
2022-06-15,600519,1726.64,1731.74,1761.64,1719.63,33664,6354868992.0,2.43,0.24,4.1,0.27
2022-06-16,600519,1751.23,1733.64,1764.27,1731.97,26887,5087605504.0,1.87,0.11,1.9,0.21
2022-06-17,600519,1734.73,1807.64,1808.64,1734.73,50542,9749530880.0,4.26,4.27,74.0,0.4
2022-06-20,600519,1806.64,1798.66,1826.64,1786.64,34975,6802792448.0,2.21,-0.5,-8.98,0.28
2022-06-21,600519,1805.64,1802.38,1823.63,1784.64,23717,4617805056.0,2.17,0.21,3.72,0.19
2022-06-22,600519,1811.64,1792.64,1814.64,1788.64,19647,3813775296.0,1.44,-0.54,-9.74,0.16
2022-06-23,600519,1799.34,1813.74,1821.68,1796.64,26844,5239860480.0,1.4,1.18,21.1,0.21
2022-06-24,600519,1826.64,1865.65,1876.64,1821.64,39635,7921199872.0,3.03,2.86,51.91,0.32
2022-06-27,600519,1876.58,1867.19,1906.58,1856.94,40115,8124449024.0,2.66,0.08,1.54,0.32
2022-06-28,600519,1876.38,1892.64,1897.64,1857.64,25246,5112298752.0,2.14,1.36,25.45,0.2
2022-06-29,600519,1884.64,1886.64,1898.64,1867.65,30360,6142508544.0,1.64,-0.32,-6.0,0.24
2022-06-30,600519,1878.32,1923.32,1955.32,1878.31,38982,7984019456.0,4.08,1.94,36.68,0.31
2022-07-01,600519,1933.32,1907.37,1946.09,1893.53,21596,4385555200.0,2.73,-0.83,-15.95,0.17
2022-07-04,600519,1898.33,1896.32,1902.61,1879.33,25076,5042804224.0,1.22,-0.58,-11.05,0.2
2022-07-05,600519,1903.6,1911.33,1932.77,1888.32,26329,5345189888.0,2.34,0.79,15.01,0.21
2022-07-06,600519,1910.32,1880.32,1917.32,1864.32,32752,6566374912.0,2.77,-1.62,-31.01,0.26
2022-07-07,600519,1883.32,1868.32,1887.67,1863.33,20932,4179088240.0,1.29,-0.64,-12.0,0.17
2022-07-08,600519,1883.32,1877.32,1893.21,1874.48,15644,3134903456.0,1.0,0.48,9.0,0.12
2022-07-11,600519,1868.52,1841.92,1873.09,1828.82,23949,4709248256.0,2.36,-1.89,-35.4,0.19
2022-07-12,600519,1843.32,1826.73,1851.12,1808.38,23447,4562731381.0,2.32,-0.82,-15.19,0.19
2022-07-13,600519,1823.32,1837.21,1850.32,1818.99,19854,3893406034.0,1.72,0.57,10.48,0.16
2022-07-14,600519,1838.32,1831.32,1855.12,1819.32,20527,4014985518.0,1.95,-0.32,-5.89,0.16
2022-07-15,600519,1823.43,1827.82,1878.0,1822.83,33416,6588730699.0,3.01,-0.19,-3.5,0.27
2022-07-18,600519,1830.68,1829.98,1837.32,1800.32,24221,4701936868.0,2.02,0.12,2.16,0.19
2022-07-19,600519,1823.32,1821.42,1829.97,1804.32,21956,4250852886.0,1.4,-0.47,-8.56,0.17
2022-07-20,600519,1837.07,1828.42,1848.32,1823.32,18705,3659970961.0,1.37,0.38,7.0,0.15
2022-07-21,600519,1821.42,1817.32,1834.22,1812.83,14061,2735503093.0,1.17,-0.61,-11.1,0.11
2022-07-22,600519,1827.54,1825.32,1840.32,1813.32,25114,4894378605.0,1.49,0.44,8.0,0.2
2022-07-25,600519,1827.83,1822.97,1830.62,1809.32,16912,3285451347.0,1.17,-0.13,-2.35,0.13
2022-07-26,600519,1831.31,1828.53,1843.29,1825.34,20685,4041100077.0,0.98,0.3,5.56,0.16
2022-07-27,600519,1820.32,1797.92,1826.32,1795.32,21490,4149807166.0,1.7,-1.67,-30.61,0.17
2022-07-28,600519,1799.42,1776.32,1816.32,1770.98,34870,6669448409.0,2.52,-1.2,-21.6,0.28
2022-07-29,600519,1773.42,1776.76,1797.31,1756.42,37032,7028415881.0,2.3,0.02,0.44,0.29
2022-08-01,600519,1768.33,1768.62,1786.32,1759.5,21037,3988198590.0,1.51,-0.46,-8.14,0.17
2022-08-02,600519,1758.32,1758.3,1766.3,1736.33,28221,5284516568.0,1.69,-0.58,-10.32,0.22
2022-08-03,600519,1768.31,1763.32,1782.32,1755.32,24598,4642442196.0,1.54,0.29,5.02,0.2
2022-08-04,600519,1768.32,1794.33,1801.42,1758.45,30357,5797110733.0,2.44,1.76,31.01,0.24
2022-08-05,600519,1806.12,1802.28,1813.32,1783.22,20086,3857406327.0,1.68,0.44,7.95,0.16
2022-08-08,600519,1793.47,1789.85,1811.2,1785.83,16799,3220702892.0,1.41,-0.69,-12.43,0.13
2022-08-09,600519,1789.85,1788.32,1797.31,1783.32,13875,2651800008.0,0.78,-0.09,-1.53,0.11
2022-08-10,600519,1788.3,1754.32,1796.32,1742.9,27927,5259452686.0,2.99,-1.9,-34.0,0.22
2022-08-11,600519,1764.32,1785.22,1785.32,1756.33,26061,4940834195.0,1.65,1.76,30.9,0.21
2022-08-12,600519,1785.22,1806.32,1808.32,1778.32,20260,3882570566.0,1.68,1.18,21.1,0.16
2022-08-15,600519,1798.78,1798.21,1817.82,1793.87,19323,3717178491.0,1.33,-0.45,-8.11,0.15
2022-08-16,600519,1802.26,1796.16,1812.11,1794.32,14836,2854189586.0,0.99,-0.11,-2.05,0.12
2022-08-17,600519,1808.32,1796.32,1808.32,1773.32,18361,3508295541.0,1.95,0.01,0.16,0.15
2022-08-18,600519,1786.32,1773.82,1791.4,1759.39,23168,4384060205.0,1.78,-1.25,-22.5,0.18
2022-08-19,600519,1776.32,1773.33,1786.67,1766.32,13544,2572000762.0,1.15,-0.03,-0.49,0.11
2022-08-22,600519,1763.33,1772.3,1785.32,1759.7,15427,2925285473.0,1.44,-0.06,-1.03,0.12
2022-08-23,600519,1776.92,1748.33,1776.92,1745.32,23756,4452538978.0,1.78,-1.35,-23.97,0.19
2022-08-24,600519,1748.31,1732.52,1753.55,1729.32,18728,3486382969.0,1.39,-0.9,-15.81,0.15
2022-08-25,600519,1737.32,1763.32,1766.32,1732.52,21925,4107597895.0,1.95,1.78,30.8,0.17
2022-08-26,600519,1778.32,1776.32,1790.32,1764.32,23142,4397161135.0,1.47,0.74,13.0,0.18
2022-08-29,600519,1761.32,1757.14,1778.29,1752.32,13570,2555981192.0,1.46,-1.08,-19.18,0.11
2022-08-30,600519,1760.67,1748.32,1763.32,1732.52,18235,3400091358.0,1.75,-0.5,-8.82,0.15
2022-08-31,600519,1738.42,1802.32,1803.88,1738.33,44692,8518225337.0,3.75,3.09,54.0,0.36
2022-09-01,600519,1790.47,1759.21,1794.32,1759.21,26845,5088658955.0,1.95,-2.39,-43.11,0.21
2022-09-02,600519,1768.26,1753.32,1771.28,1744.49,19391,3635162804.0,1.52,-0.33,-5.89,0.15
2022-09-05,600519,1740.96,1713.32,1747.32,1698.32,36822,6764549173.0,2.79,-2.28,-40.0,0.29
2022-09-06,600519,1713.68,1723.32,1726.52,1703.32,20830,3832086313.0,1.35,0.58,10.0,0.17
2022-09-07,600519,1713.35,1696.33,1715.98,1689.33,28306,5151537330.0,1.55,-1.57,-26.99,0.23
2022-09-08,600519,1698.32,1693.32,1710.32,1693.32,16591,3026766448.0,1.0,-0.18,-3.01,0.13
2022-09-09,600519,1703.32,1723.11,1730.32,1694.32,27090,4991679523.0,2.13,1.76,29.79,0.22
2022-09-13,600519,1758.32,1757.32,1766.7,1736.55,28693,5387987148.0,1.75,1.99,34.21,0.23
2022-09-14,600519,1742.33,1747.32,1758.32,1741.32,16042,3002693247.0,0.97,-0.57,-10.0,0.13
2022-09-15,600519,1748.32,1758.32,1771.44,1748.28,20810,3917954256.0,1.33,0.63,11.0,0.17
2022-09-16,600519,1750.12,1737.32,1763.92,1733.43,24121,4501527357.0,1.73,-1.19,-21.0,0.19
2022-09-19,600519,1733.32,1749.96,1766.91,1731.2,18584,3479680771.0,2.06,0.73,12.64,0.15
2022-09-20,600519,1748.3,1756.32,1762.92,1736.87,14116,2645281859.0,1.49,0.36,6.36,0.11
2022-09-21,600519,1754.99,1726.32,1761.32,1726.32,20995,3904096421.0,1.99,-1.71,-30.0,0.17
2022-09-22,600519,1718.32,1699.13,1719.34,1695.17,22704,4147900996.0,1.4,-1.58,-27.19,0.18
2022-09-23,600519,1699.13,1712.75,1733.32,1699.13,28288,5191904760.0,2.01,0.8,13.62,0.23
2022-09-26,600519,1698.32,1741.32,1766.32,1698.3,35135,6566771227.0,3.97,1.67,28.57,0.28
2022-09-27,600519,1747.18,1766.32,1775.32,1729.43,28820,5422668135.0,2.64,1.44,25.0,0.23
2022-09-28,600519,1758.82,1761.32,1777.72,1752.33,21446,4042506330.0,1.44,-0.28,-5.0,0.17
2022-09-29,600519,1776.3,1758.67,1780.5,1749.45,21590,4075515187.0,1.76,-0.15,-2.65,0.17
2022-09-30,600519,1776.94,1750.82,1780.31,1744.32,21289,4000917951.0,2.05,-0.45,-7.85,0.17
2022-10-10,600519,1768.32,1664.32,1769.32,1658.52,48584,8865386496.0,6.33,-4.94,-86.5,0.39
2022-10-11,600519,1667.32,1658.31,1684.32,1638.32,32047,5712249507.0,2.76,-0.36,-6.01,0.26
2022-10-12,600519,1651.98,1638.32,1657.32,1586.32,48195,8372252823.0,4.28,-1.21,-19.99,0.38
2022-10-13,600519,1598.78,1578.31,1613.32,1575.32,63969,10919727537.0,2.32,-3.66,-60.01,0.51
2022-10-14,600519,1588.32,1615.93,1633.32,1580.26,46520,8045032623.0,3.36,2.38,37.62,0.37
2022-10-17,600519,1604.32,1596.82,1606.31,1576.12,33550,5740146639.0,1.87,-1.18,-19.11,0.27
2022-10-18,600519,1603.32,1584.15,1608.32,1579.32,28083,4800689502.0,1.82,-0.79,-12.67,0.22
2022-10-19,600519,1580.3,1526.32,1580.3,1526.32,60121,9997656284.0,3.41,-3.65,-57.83,0.48
2022-10-20,600519,1499.32,1521.82,1546.75,1489.32,42778,7020555512.0,3.76,-0.29,-4.5,0.34
2022-10-21,600519,1518.32,1502.32,1526.12,1488.32,38907,6317945876.0,2.48,-1.28,-19.5,0.31
2022-10-24,600519,1448.32,1379.6,1467.32,1366.33,132098,20217576174.0,6.72,-8.17,-122.72,1.05
2022-10-25,600519,1357.74,1358.07,1393.32,1350.32,81362,12136909034.0,3.12,-1.56,-21.53,0.65
2022-10-26,600519,1367.12,1342.4,1393.31,1338.32,81781,12120993864.0,4.05,-1.15,-15.67,0.65
2022-10-27,600519,1358.32,1279.32,1366.3,1262.17,107106,15258551283.0,7.76,-4.7,-63.08,0.85
2022-10-28,600519,1269.09,1238.32,1284.32,1237.03,93143,12823821843.0,3.7,-3.2,-41.0,0.74
2022-10-31,600519,1228.32,1228.32,1260.33,1211.32,71847,9758303071.0,3.96,-0.81,-10.0,0.57
2022-11-01,600519,1237.32,1340.33,1347.72,1237.32,118766,16859775304.0,8.99,9.12,112.01,0.95
2022-11-02,600519,1338.32,1350.28,1384.32,1314.32,79777,11717204099.0,5.22,0.74,9.95,0.64
2022-11-03,600519,1321.89,1317.82,1340.82,1306.42,45160,6509550787.0,2.55,-2.4,-32.46,0.36
2022-11-04,600519,1316.28,1394.89,1406.09,1316.28,80008,11996968945.0,6.82,5.85,77.07,0.64
2022-11-07,600519,1372.37,1385.43,1396.8,1364.91,42698,6414049133.0,2.29,-0.68,-9.46,0.34
2022-11-08,600519,1386.32,1363.2,1396.31,1347.28,39325,5842320995.0,3.54,-1.6,-22.23,0.31
2022-11-09,600519,1362.27,1338.22,1367.2,1328.32,36090,5276777530.0,2.85,-1.83,-24.98,0.29
2022-11-10,600519,1322.32,1353.32,1363.32,1313.47,37720,5518325849.0,3.73,1.13,15.1,0.3
2022-11-11,600519,1406.32,1406.47,1422.77,1373.3,73947,11252112275.0,3.66,3.93,53.15,0.59
2022-11-14,600519,1421.82,1411.32,1441.85,1406.32,57370,8858049581.0,2.53,0.34,4.85,0.46
2022-11-15,600519,1410.32,1466.32,1477.29,1399.32,56318,8858377894.0,5.52,3.9,55.0,0.45
2022-11-16,600519,1459.32,1463.57,1476.32,1446.32,26848,4250886805.0,2.05,-0.19,-2.75,0.21
2022-11-17,600519,1468.82,1445.32,1474.62,1431.2,30580,4793001162.0,2.97,-1.25,-18.25,0.24
2022-11-18,600519,1454.32,1445.45,1462.32,1434.32,23609,3703793426.0,1.94,0.01,0.13,0.19
2022-11-21,600519,1419.67,1398.3,1419.67,1376.85,39096,5917086070.0,2.96,-3.26,-47.15,0.31
2022-11-22,600519,1395.76,1418.27,1438.06,1394.43,29901,4582790131.0,3.12,1.43,19.97,0.24
2022-11-23,600519,1406.32,1427.32,1435.32,1399.36,22177,3428793052.0,2.54,0.64,9.05,0.18
2022-11-24,600519,1437.32,1398.31,1447.2,1392.3,27687,4241974248.0,3.85,-2.03,-29.01,0.22
2022-11-25,600519,1398.83,1400.33,1410.32,1388.32,18621,2833988373.0,1.57,0.14,2.02,0.15
2022-11-28,600519,1363.1,1388.2,1393.32,1329.32,47723,7040991068.0,4.57,-0.87,-12.13,0.38
2022-11-29,600519,1447.88,1477.32,1478.32,1429.32,73420,11587859176.0,3.53,6.42,89.12,0.58
2022-11-30,600519,1465.44,1477.32,1482.32,1463.32,31497,5019450678.0,1.29,0.0,0.0,0.25
2022-12-01,600519,1538.32,1509.12,1558.32,1509.11,51358,8480772923.0,3.33,2.15,31.8,0.41
2022-12-02,600519,1513.32,1512.2,1531.31,1499.52,23884,3910860618.0,2.11,0.2,3.08,0.19
2022-12-05,600519,1546.32,1543.22,1557.32,1527.32,36127,6018521304.0,1.98,2.05,31.02,0.29
2022-12-06,600519,1533.32,1566.32,1605.22,1530.32,44147,7477917194.0,4.85,1.5,23.1,0.35
2022-12-07,600519,1556.13,1562.32,1598.32,1548.35,35526,6012253045.0,3.19,-0.26,-4.0,0.28
2022-12-08,600519,1560.32,1565.34,1573.32,1543.32,19730,3323420877.0,1.92,0.19,3.02,0.16
2022-12-09,600519,1570.32,1608.32,1608.32,1560.32,39215,6716944493.0,3.07,2.75,42.98,0.31
2022-12-12,600519,1594.18,1617.34,1644.32,1593.32,34755,6063957619.0,3.17,0.56,9.02,0.28
2022-12-13,600519,1615.32,1628.32,1639.01,1608.32,21385,3735089152.0,1.9,0.68,10.98,0.17
2022-12-14,600519,1621.32,1649.19,1659.12,1621.32,29098,5141262368.0,2.32,1.28,20.87,0.23
2022-12-15,600519,1683.32,1665.31,1694.32,1658.32,30634,5497063390.0,2.18,0.98,16.12,0.24
2022-12-16,600519,1651.57,1665.19,1669.32,1621.32,33303,5901587128.0,2.88,-0.01,-0.12,0.27
2022-12-19,600519,1677.12,1651.32,1677.12,1638.49,24987,4447236356.0,2.32,-0.83,-13.87,0.2
2022-12-20,600519,1643.65,1593.32,1643.65,1560.77,46198,7944120661.0,5.02,-3.51,-58.0,0.37
2022-12-21,600519,1602.32,1617.32,1617.32,1595.97,22816,3948926227.0,1.34,1.51,24.0,0.18
2022-12-22,600519,1635.02,1646.32,1661.32,1623.32,23175,4093861570.0,2.35,1.79,29.0,0.18
2022-12-23,600519,1630.72,1649.32,1660.32,1623.32,17319,3063608409.0,2.25,0.18,3.0,0.14
2022-12-26,600519,1649.32,1620.38,1649.32,1613.34,21384,3749121030.0,2.18,-1.75,-28.94,0.17
2022-12-27,600519,1638.23,1633.23,1647.38,1625.73,17905,3109270166.0,1.34,0.79,12.85,0.14
2022-12-28,600519,1646.11,1633.23,1647.23,1608.24,21438,3699948995.0,2.39,0.0,0.0,0.17
2022-12-29,600519,1617.23,1619.23,1627.22,1601.28,22418,3844499655.0,1.59,-0.86,-14.0,0.18
2022-12-30,600519,1636.23,1627.23,1653.22,1627.23,25333,4409544297.0,1.61,0.49,8.0,0.2
2023-01-03,600519,1631.43,1630.24,1638.66,1606.24,26034,4487760231.0,1.99,0.18,3.01,0.21
2023-01-04,600519,1630.23,1625.24,1638.93,1616.23,20416,3523582306.0,1.39,-0.31,-5.0,0.16
2023-01-05,600519,1637.23,1701.23,1701.23,1633.23,47943,8541587089.0,4.18,4.68,75.99,0.38
2023-01-06,600519,1706.35,1704.0,1712.13,1687.23,24904,4480838898.0,1.46,0.16,2.77,0.2
2023-01-09,600519,1735.23,1741.43,1750.21,1708.05,30977,5684181147.0,2.47,2.2,37.43,0.25
2023-01-10,600519,1739.29,1754.68,1764.73,1730.73,22732,4204783734.0,1.95,0.76,13.25,0.18
2023-01-11,600519,1756.23,1745.18,1760.23,1737.07,22720,4201487773.0,1.32,-0.54,-9.5,0.18
2023-01-12,600519,1748.23,1734.23,1756.23,1733.23,17193,3162637136.0,1.32,-0.63,-10.95,0.14
2023-01-13,600519,1744.41,1787.23,1788.23,1740.23,31940,5969876222.0,2.77,3.06,53.0,0.25
2023-01-16,600519,1786.23,1813.13,1835.23,1781.23,36848,7059982640.0,3.02,1.45,25.9,0.29
2023-01-17,600519,1813.39,1808.23,1823.23,1795.23,21299,4068321409.0,1.54,-0.27,-4.9,0.17
2023-01-18,600519,1814.23,1793.23,1825.53,1790.23,21063,4008665438.0,1.95,-0.83,-15.0,0.17
2023-01-19,600519,1792.73,1780.44,1792.75,1766.23,23439,4401994437.0,1.48,-0.71,-12.79,0.19
2023-01-20,600519,1789.42,1760.24,1798.48,1758.23,25609,4807356071.0,2.26,-1.13,-20.2,0.2
2023-01-30,600519,1809.23,1788.23,1809.23,1780.23,35923,6799756571.0,1.65,1.59,27.99,0.29
2023-01-31,600519,1796.73,1745.99,1800.18,1733.3,32991,6128311548.0,3.74,-2.36,-42.24,0.26
2023-02-01,600519,1755.21,1745.2,1759.23,1711.63,33974,6244678925.0,2.73,-0.05,-0.79,0.27
2023-02-02,600519,1748.61,1736.34,1759.23,1726.23,29759,5465509510.0,1.89,-0.51,-8.86,0.24
2023-02-03,600519,1720.23,1718.23,1726.23,1695.91,34945,6324635031.0,1.75,-1.04,-18.11,0.28
2023-02-06,600519,1680.23,1695.23,1695.23,1660.23,42661,7595739044.0,2.04,-1.34,-23.0,0.34
2023-02-07,600519,1708.31,1697.23,1709.03,1687.96,24322,4373671735.0,1.24,0.12,2.0,0.19
2023-02-08,600519,1700.24,1684.23,1706.2,1675.23,16676,2980574806.0,1.82,-0.77,-13.0,0.13
2023-02-09,600519,1678.23,1718.23,1729.98,1675.24,29754,5401399088.0,3.25,2.02,34.0,0.24
2023-02-10,600519,1710.33,1710.23,1718.72,1701.28,17985,3253859317.0,1.01,-0.47,-8.0,0.14
2023-02-13,600519,1710.23,1756.58,1774.73,1710.23,38147,7058382498.0,3.77,2.71,46.35,0.3
2023-02-14,600519,1756.69,1744.02,1757.63,1735.23,19566,3601769574.0,1.28,-0.72,-12.56,0.16
2023-02-15,600519,1744.01,1741.23,1755.53,1736.04,18177,3351422211.0,1.12,-0.16,-2.79,0.14
2023-02-16,600519,1741.57,1762.05,1787.23,1728.23,33246,6196915130.0,3.39,1.2,20.82,0.26
2023-02-17,600519,1750.39,1721.01,1773.23,1720.28,26443,4880328952.0,3.01,-2.33,-41.04,0.21
2023-02-20,600519,1721.23,1775.23,1779.03,1717.43,29669,5488800056.0,3.58,3.15,54.22,0.24
2023-02-21,600519,1774.23,1767.23,1774.23,1751.23,18751,3491633510.0,1.3,-0.45,-8.0,0.15
2023-02-22,600519,1755.24,1736.23,1764.13,1732.03,21869,4031016045.0,1.82,-1.75,-31.0,0.17
2023-02-23,600519,1740.23,1718.23,1749.03,1705.48,21881,3983991208.0,2.51,-1.04,-18.0,0.17
2023-02-24,600519,1710.34,1688.23,1710.42,1682.41,24635,4415621498.0,1.63,-1.75,-30.0,0.2
2023-02-27,600519,1678.73,1710.64,1715.23,1675.25,22065,3978128676.0,2.37,1.33,22.41,0.18
2023-02-28,600519,1719.23,1713.97,1722.24,1683.53,23952,4314877096.0,2.26,0.19,3.33,0.19
2023-03-01,600519,1713.23,1738.76,1748.23,1703.46,24458,4475592195.0,2.61,1.45,24.79,0.19
2023-03-02,600519,1729.23,1728.23,1739.22,1721.33,13144,2405292304.0,1.03,-0.61,-10.53,0.1
2023-03-03,600519,1740.0,1718.27,1741.84,1702.71,16198,2946842659.0,2.26,-0.58,-9.96,0.13
2023-03-06,600519,1718.41,1707.37,1718.73,1697.0,20646,3730079522.0,1.26,-0.63,-10.9,0.16
2023-03-07,600519,1706.21,1688.53,1716.83,1688.23,22785,4101302456.0,1.68,-1.1,-18.84,0.18
2023-03-08,600519,1680.25,1670.65,1686.17,1661.35,22764,4035787172.0,1.47,-1.06,-17.88,0.18
2023-03-09,600519,1668.23,1670.25,1685.23,1640.23,27612,4881442710.0,2.69,-0.02,-0.4,0.22
2023-03-10,600519,1651.8,1650.23,1681.23,1650.23,21161,3725139075.0,1.86,-1.2,-20.02,0.17
2023-03-13,600519,1651.23,1662.23,1675.23,1649.23,20560,3626476291.0,1.58,0.73,12.0,0.16
2023-03-14,600519,1664.01,1666.23,1680.11,1638.73,23705,4177289027.0,2.49,0.24,4.0,0.19
2023-03-15,600519,1678.6,1651.15,1685.11,1650.35,19213,3392698490.0,2.09,-0.91,-15.08,0.15
2023-03-16,600519,1640.23,1652.22,1670.23,1639.24,17646,3096791142.0,1.88,0.06,1.07,0.14
2023-03-17,600519,1670.23,1642.23,1676.12,1636.23,27023,4744249369.0,2.41,-0.6,-9.99,0.22
2023-03-20,600519,1651.23,1629.83,1655.23,1628.23,20491,3557872017.0,1.64,-0.76,-12.4,0.16
2023-03-21,600519,1635.23,1675.23,1686.08,1624.2,31142,5491052284.0,3.8,2.79,45.4,0.25
2023-03-22,600519,1680.23,1673.58,1693.23,1665.78,15330,2727648674.0,1.64,-0.1,-1.65,0.12
2023-03-23,600519,1666.23,1675.09,1691.34,1665.24,17356,3082821551.0,1.56,0.09,1.51,0.14
2023-03-24,600519,1669.31,1678.85,1683.83,1666.23,12770,2269649179.0,1.05,0.22,3.76,0.1
2023-03-27,600519,1678.83,1668.02,1678.83,1656.23,15296,2700755933.0,1.35,-0.65,-10.83,0.12
2023-03-28,600519,1670.23,1682.03,1690.23,1665.25,17261,3073113077.0,1.5,0.84,14.01,0.14
2023-03-29,600519,1699.23,1690.23,1700.23,1685.3,15393,2761909333.0,0.89,0.49,8.2,0.12
2023-03-30,600519,1693.23,1700.23,1705.23,1679.23,19257,3453573052.0,1.54,0.59,10.0,0.15
2023-03-31,600519,1725.23,1720.23,1748.23,1719.23,27446,5024790356.0,1.71,1.18,20.0,0.22
2023-04-03,600519,1725.23,1702.3,1728.0,1700.31,21417,3875811673.0,1.61,-1.04,-17.93,0.17
2023-04-04,600519,1712.23,1714.82,1715.4,1687.23,20066,3614275263.0,1.65,0.74,12.52,0.16
2023-04-06,600519,1705.23,1697.19,1716.13,1688.45,14874,2676251956.0,1.61,-1.03,-17.63,0.12
2023-04-07,600519,1695.23,1691.22,1706.24,1688.57,13525,2428160574.0,1.04,-0.35,-5.97,0.11
2023-04-10,600519,1691.11,1671.93,1691.11,1644.23,29418,5171150567.0,2.77,-1.14,-19.29,0.23
2023-04-11,600519,1693.23,1645.73,1693.23,1644.23,29209,5138854627.0,2.93,-1.57,-26.2,0.23
2023-04-12,600519,1647.49,1594.33,1650.23,1593.05,51105,8732657376.0,3.47,-3.12,-51.4,0.41
2023-04-13,600519,1590.23,1623.23,1623.82,1584.24,29543,5049310126.0,2.48,1.81,28.9,0.24
2023-04-14,600519,1626.23,1613.65,1633.23,1605.03,21232,3646526766.0,1.74,-0.59,-9.58,0.17
2023-04-17,600519,1640.23,1653.23,1653.23,1628.23,30467,5303401395.0,1.55,2.45,39.58,0.24
2023-04-18,600519,1653.23,1658.23,1669.23,1646.25,18314,3220107647.0,1.39,0.3,5.0,0.15
2023-04-19,600519,1662.23,1659.23,1665.73,1650.23,14601,2568632845.0,0.93,0.06,1.0,0.12
2023-04-20,600519,1660.34,1642.11,1665.23,1629.23,19885,3468366835.0,2.17,-1.03,-17.12,0.16
2023-04-21,600519,1646.23,1625.7,1648.31,1621.51,18518,3210937222.0,1.63,-1.0,-16.41,0.15
2023-04-24,600519,1621.23,1605.23,1622.23,1601.23,20231,3456728718.0,1.29,-1.26,-20.47,0.16
2023-04-25,600519,1606.23,1630.61,1636.21,1602.23,20583,3534989917.0,2.12,1.58,25.38,0.16
2023-04-26,600519,1644.23,1644.14,1661.23,1620.23,27892,4861477657.0,2.51,0.83,13.53,0.22
2023-04-27,600519,1648.23,1658.15,1670.23,1630.23,25605,4489906864.0,2.43,0.85,14.01,0.2
2023-04-28,600519,1663.24,1660.75,1683.0,1654.2,26225,4636084177.0,1.74,0.16,2.6,0.21
2023-05-04,600519,1669.23,1650.13,1677.9,1636.23,27466,4818999650.0,2.51,-0.64,-10.62,0.22
2023-05-05,600519,1666.23,1650.23,1666.23,1636.62,20714,3621305973.0,1.79,0.01,0.1,0.16
2023-05-08,600519,1668.55,1620.75,1669.23,1617.4,33171,5742915994.0,3.14,-1.79,-29.48,0.26
2023-05-09,600519,1615.23,1622.23,1640.21,1607.3,29378,5057346564.0,2.03,0.09,1.48,0.23
2023-05-10,600519,1615.42,1625.23,1636.23,1615.23,20773,3588550877.0,1.29,0.18,3.0,0.17
2023-05-11,600519,1631.23,1617.3,1635.23,1615.23,15246,2623835905.0,1.23,-0.49,-7.93,0.12
2023-05-12,600519,1615.23,1606.63,1630.11,1605.24,19460,3335038590.0,1.54,-0.66,-10.67,0.15
2023-05-15,600519,1602.23,1616.53,1617.23,1591.43,25740,4384647977.0,1.61,0.62,9.9,0.2
2023-05-16,600519,1614.22,1603.52,1620.22,1597.23,22224,3785811907.0,1.42,-0.8,-13.01,0.18
2023-05-17,600519,1608.23,1601.23,1613.23,1599.24,16777,2858697942.0,0.87,-0.14,-2.29,0.13
2023-05-18,600519,1605.22,1591.23,1605.63,1590.23,19219,3260170684.0,0.96,-0.62,-10.0,0.15
2023-05-19,600519,1571.23,1599.73,1604.56,1555.78,26741,4504022549.0,3.07,0.53,8.5,0.21
2023-05-22,600519,1590.24,1646.23,1652.23,1590.23,41284,7165754129.0,3.88,2.91,46.5,0.33
2023-05-23,600519,1654.22,1624.78,1654.23,1624.78,16894,2934118394.0,1.79,-1.3,-21.45,0.13
2023-05-24,600519,1632.56,1611.13,1633.78,1610.34,18479,3182416491.0,1.44,-0.84,-13.65,0.15
2023-05-25,600519,1606.22,1601.23,1610.23,1590.23,22466,3814504093.0,1.24,-0.61,-9.9,0.18
2023-05-26,600519,1602.23,1590.79,1605.23,1575.24,18291,3090691546.0,1.87,-0.65,-10.44,0.15
2023-05-29,600519,1597.23,1589.23,1598.58,1578.23,17771,2998147159.0,1.28,-0.1,-1.56,0.14
2023-05-30,600519,1589.23,1568.52,1599.12,1558.79,26453,4424706688.0,2.54,-1.3,-20.71,0.21
2023-05-31,600519,1561.24,1529.13,1565.95,1526.9,36957,6053737281.0,2.49,-2.51,-39.39,0.29
2023-06-01,600519,1518.23,1536.15,1575.22,1518.23,28645,4708722933.0,3.73,0.46,7.02,0.23
2023-06-02,600519,1545.23,1570.83,1573.38,1536.34,25058,4163116244.0,2.41,2.26,34.68,0.2
2023-06-05,600519,1566.39,1565.23,1583.11,1563.23,16201,2704294313.0,1.27,-0.36,-5.6,0.13
2023-06-06,600519,1570.23,1567.22,1584.23,1551.78,19914,3326778183.0,2.07,0.13,1.99,0.16
2023-06-07,600519,1573.22,1551.13,1579.03,1550.23,17890,2971782064.0,1.84,-1.03,-16.09,0.14
2023-06-08,600519,1556.06,1568.23,1575.23,1550.24,14703,2441569677.0,1.61,1.1,17.1,0.12
2023-06-09,600519,1572.22,1566.23,1578.2,1566.23,17580,2938014322.0,0.76,-0.13,-2.0,0.14
2023-06-12,600519,1566.25,1596.23,1608.23,1561.75,27029,4562308599.0,2.97,1.92,30.0,0.22
2023-06-13,600519,1594.11,1599.23,1604.84,1585.23,14663,2485398902.0,1.23,0.19,3.0,0.12
2023-06-14,600519,1619.23,1627.11,1634.47,1606.44,31506,5438040356.0,1.75,1.74,27.88,0.25
2023-06-15,600519,1630.57,1655.23,1655.88,1623.23,25223,4395900802.0,2.01,1.73,28.12,0.2
2023-06-16,600519,1657.23,1697.92,1700.23,1650.33,37918,6742301361.0,3.01,2.58,42.69,0.3
2023-06-19,600519,1690.23,1644.23,1698.18,1638.23,31700,5584248725.0,3.53,-3.16,-53.69,0.25
2023-06-20,600519,1640.23,1643.69,1665.23,1635.23,20947,3659824529.0,1.82,-0.03,-0.54,0.17
2023-06-21,600519,1640.23,1636.06,1656.83,1635.23,17721,3088635934.0,1.31,-0.46,-7.63,0.14
2023-06-26,600519,1620.34,1609.23,1630.23,1595.23,23993,4098619510.0,2.14,-1.64,-26.83,0.19
2023-06-27,600519,1610.22,1611.28,1619.93,1600.32,15174,2598138744.0,1.22,0.13,2.05,0.12
2023-06-28,600519,1613.41,1628.61,1634.23,1611.23,18574,3199294221.0,1.43,1.08,17.33,0.15
2023-06-29,600519,1631.23,1613.94,1635.22,1613.24,14231,2446524134.0,1.35,-0.9,-14.67,0.11
2023-06-30,600519,1626.14,1617.14,1635.13,1612.62,20459,3472586730.0,1.39,0.2,3.2,0.16
2023-07-03,600519,1625.14,1650.24,1651.42,1618.14,19139,3286737792.0,2.06,2.05,33.1,0.15
2023-07-04,600519,1650.34,1656.74,1660.58,1644.22,12472,2155553635.0,0.99,0.39,6.5,0.1
2023-07-05,600519,1656.14,1641.52,1658.11,1626.14,14745,2523960725.0,1.93,-0.92,-15.22,0.12
2023-07-06,600519,1635.3,1629.12,1659.14,1626.14,15141,2589459002.0,2.01,-0.76,-12.4,0.12
2023-07-07,600519,1627.14,1616.17,1635.13,1616.14,15167,2571458553.0,1.17,-0.79,-12.95,0.12
2023-07-10,600519,1631.14,1627.04,1641.1,1626.14,13477,2298241728.0,0.93,0.67,10.87,0.11
2023-07-11,600519,1636.14,1636.14,1641.31,1628.24,12583,2151079270.0,0.8,0.56,9.1,0.1
2023-07-12,600519,1639.18,1639.94,1649.14,1637.47,13285,2280785351.0,0.71,0.23,3.8,0.11
2023-07-13,600519,1648.13,1664.54,1671.55,1645.15,25807,4479772500.0,1.61,1.5,24.6,0.21
2023-07-14,600519,1682.14,1679.14,1684.64,1667.34,18550,3245530255.0,1.04,0.88,14.6,0.15
2023-07-17,600519,1677.14,1656.11,1677.14,1652.74,14336,2482069846.0,1.45,-1.37,-23.03,0.11
2023-07-18,600519,1659.72,1648.94,1660.65,1647.14,14738,2544005063.0,0.82,-0.43,-7.17,0.12
2023-07-19,600519,1641.15,1649.14,1654.14,1639.94,12483,2147704435.0,0.86,0.01,0.2,0.1
2023-07-20,600519,1654.13,1650.14,1675.12,1648.14,16693,2897176490.0,1.64,0.06,1.0,0.13
2023-07-21,600519,1658.02,1697.44,1698.64,1652.14,39377,6931535726.0,2.82,2.87,47.3,0.31
2023-07-24,600519,1676.66,1697.29,1697.29,1676.66,19713,3476648177.0,1.22,-0.01,-0.15,0.16
2023-07-25,600519,1726.14,1754.69,1755.02,1726.13,43086,7837450019.0,1.7,3.38,57.4,0.34
2023-07-26,600519,1754.69,1754.69,1762.13,1741.22,19611,3580171484.0,1.19,0.0,0.0,0.16
2023-07-27,600519,1762.14,1764.17,1780.93,1754.84,20340,3749635290.0,1.49,0.54,9.48,0.16
2023-07-28,600519,1758.14,1823.14,1826.14,1754.15,39018,7330314112.0,4.08,3.34,58.97,0.31
2023-07-31,600519,1834.14,1806.72,1861.14,1800.14,45379,8615279839.0,3.35,-0.9,-16.42,0.36
2023-08-01,600519,1804.15,1815.14,1833.09,1804.03,19231,3635857283.0,1.61,0.47,8.42,0.15
2023-08-02,600519,1809.54,1806.14,1816.14,1792.94,18509,3478674239.0,1.28,-0.5,-9.0,0.15
2023-08-03,600519,1796.14,1804.61,1816.14,1776.64,21543,4031087705.0,2.19,-0.08,-1.53,0.17
2023-08-04,600519,1813.96,1819.61,1832.66,1808.14,24574,4655813751.0,1.36,0.83,15.0,0.2
2023-08-07,600519,1807.09,1814.07,1824.14,1797.17,23892,4491893140.0,1.48,-0.3,-5.54,0.19
2023-08-08,600519,1806.17,1816.14,1819.85,1790.22,17736,3333559505.0,1.63,0.11,2.07,0.14
2023-08-09,600519,1816.14,1816.42,1831.14,1809.1,18523,3506306394.0,1.21,0.02,0.28,0.15
2023-08-10,600519,1808.14,1801.14,1815.14,1788.44,18436,3454219140.0,1.47,-0.84,-15.28,0.15
2023-08-11,600519,1811.14,1760.14,1811.54,1760.02,26786,4959166751.0,2.86,-2.28,-41.0,0.21
2023-08-14,600519,1736.14,1729.14,1751.12,1722.14,23731,4285362053.0,1.65,-1.76,-31.0,0.19
2023-08-15,600519,1735.14,1739.12,1744.14,1727.15,14818,2682125119.0,0.98,0.58,9.98,0.12
2023-08-16,600519,1733.72,1746.14,1749.49,1732.14,13184,2396261791.0,1.0,0.4,7.02,0.1
2023-08-17,600519,1732.22,1754.19,1760.14,1727.69,17290,3141408018.0,1.86,0.46,8.05,0.14
2023-08-18,600519,1758.13,1728.73,1761.13,1728.73,17023,3084761577.0,1.85,-1.45,-25.46,0.14
2023-08-21,600519,1719.14,1717.14,1740.13,1716.21,18912,3405415645.0,1.38,-0.67,-11.59,0.15
2023-08-22,600519,1727.13,1714.14,1728.7,1697.16,26650,4763131152.0,1.84,-0.17,-3.0,0.21
2023-08-23,600519,1723.14,1700.14,1726.14,1696.22,19912,3556178584.0,1.75,-0.82,-14.0,0.16
2023-08-24,600519,1705.76,1742.44,1754.14,1701.14,26055,4703417600.0,3.12,2.49,42.3,0.21
2023-08-25,600519,1734.93,1751.12,1763.91,1732.15,18831,3433296756.0,1.82,0.5,8.68,0.15
2023-08-28,600519,1824.72,1761.11,1824.72,1758.02,41052,7633221012.0,3.81,0.57,9.99,0.33
2023-08-29,600519,1754.14,1777.47,1795.22,1754.14,28950,5371260173.0,2.33,0.93,16.36,0.23
2023-08-30,600519,1794.04,1782.14,1794.14,1769.8,19812,3672570260.0,1.37,0.26,4.67,0.16
2023-08-31,600519,1786.14,1773.14,1786.14,1767.15,14820,2738445519.0,1.07,-0.51,-9.0,0.12
2023-09-01,600519,1778.97,1777.19,1791.61,1772.17,13145,2438622738.0,1.1,0.23,4.05,0.1
2023-09-04,600519,1788.74,1792.14,1806.08,1779.67,23871,4453823216.0,1.49,0.84,14.95,0.19
2023-09-05,600519,1794.14,1784.84,1794.14,1782.94,15659,2915625961.0,0.62,-0.41,-7.3,0.12
2023-09-06,600519,1784.14,1787.14,1792.8,1775.15,11121,2067605990.0,0.99,0.13,2.3,0.09
2023-09-07,600519,1778.74,1764.14,1783.03,1757.33,16982,3128587116.0,1.44,-1.29,-23.0,0.14
2023-09-08,600519,1761.08,1744.64,1761.08,1741.09,12212,2224338144.0,1.13,-1.11,-19.5,0.1
2023-09-11,600519,1734.14,1748.31,1766.14,1734.14,15926,2902617736.0,1.83,0.21,3.67,0.13
2023-09-12,600519,1752.74,1746.1,1753.12,1742.16,12168,2214514112.0,0.63,-0.13,-2.21,0.1
2023-09-13,600519,1756.06,1746.05,1756.06,1726.19,19501,3540583633.0,1.71,0.0,-0.05,0.16
2023-09-14,600519,1748.67,1744.83,1753.12,1732.14,17505,3180447848.0,1.2,-0.07,-1.22,0.14
2023-09-15,600519,1745.14,1708.13,1745.92,1707.44,28431,5105749077.0,2.21,-2.1,-36.7,0.23
2023-09-18,600519,1702.45,1755.34,1755.64,1699.14,32559,5905121000.0,3.31,2.76,47.21,0.26
2023-09-19,600519,1748.34,1753.08,1755.14,1734.14,14990,2727858953.0,1.2,-0.13,-2.26,0.12
2023-09-20,600519,1748.14,1750.14,1756.14,1744.19,12502,2281583949.0,0.68,-0.17,-2.94,0.1
2023-09-21,600519,1744.15,1724.53,1748.14,1724.53,19489,3521486755.0,1.35,-1.46,-25.61,0.16
2023-09-22,600519,1731.77,1775.14,1776.1,1718.55,34390,6287832575.0,3.34,2.93,50.61,0.27
2023-09-25,600519,1773.64,1758.52,1774.14,1752.73,13979,2565773541.0,1.21,-0.94,-16.62,0.11
2023-09-26,600519,1754.14,1742.14,1761.02,1739.24,15762,2870852363.0,1.24,-0.93,-16.38,0.13
2023-09-27,600519,1741.14,1740.14,1759.64,1728.94,20880,3791876119.0,1.76,-0.11,-2.0,0.17
2023-09-28,600519,1751.12,1724.69,1751.12,1723.94,20538,3704812960.0,1.56,-0.89,-15.45,0.16
2023-10-09,600519,1723.08,1703.14,1723.08,1691.04,29763,5279950406.0,1.86,-1.25,-21.55,0.24
2023-10-10,600519,1709.03,1696.14,1725.12,1694.14,20284,3615557182.0,1.82,-0.41,-7.0,0.16
2023-10-11,600519,1710.79,1704.64,1710.79,1694.14,21945,3896568648.0,0.98,0.5,8.5,0.17
2023-10-12,600519,1724.04,1712.14,1724.37,1703.34,14865,2657095942.0,1.23,0.44,7.5,0.12
2023-10-13,600519,1697.02,1677.14,1704.15,1664.33,25028,4387687934.0,2.33,-2.04,-35.0,0.2
2023-10-16,600519,1677.12,1656.04,1682.14,1648.59,20790,3603604610.0,2.0,-1.26,-21.1,0.17
2023-10-17,600519,1665.14,1652.14,1665.58,1642.14,14945,2577312288.0,1.42,-0.24,-3.9,0.12
2023-10-18,600519,1644.94,1654.14,1668.14,1643.32,20318,3511987514.0,1.5,0.12,2.0,0.16
2023-10-19,600519,1626.14,1556.14,1626.17,1552.17,73492,12146921769.0,4.47,-5.92,-98.0,0.59
2023-10-20,600519,1556.14,1571.14,1581.14,1542.39,45376,7421390806.0,2.49,0.96,15.0,0.36
2023-10-23,600519,1556.11,1570.12,1586.14,1547.74,25234,4138279588.0,2.44,-0.06,-1.02,0.2
2023-10-24,600519,1574.14,1569.09,1579.5,1547.35,29861,4894807617.0,2.05,-0.07,-1.03,0.24
2023-10-25,600519,1596.25,1603.64,1624.14,1593.16,36179,6075417064.0,1.97,2.2,34.55,0.29
2023-10-26,600519,1593.14,1598.37,1614.14,1588.15,22386,3741418874.0,1.62,-0.33,-5.27,0.18
2023-10-27,600519,1590.14,1602.85,1618.02,1586.74,34262,5754795486.0,1.96,0.28,4.48,0.27
2023-10-30,600519,1595.14,1607.14,1615.02,1595.14,24086,4050573178.0,1.24,0.27,4.29,0.19
2023-10-31,600519,1606.14,1610.72,1616.14,1593.99,19859,3335804699.0,1.38,0.22,3.58,0.16
2023-11-01,600519,1776.14,1707.13,1776.14,1699.93,93143,16747292689.0,4.73,5.99,96.41,0.74
2023-11-02,600519,1721.14,1705.64,1721.14,1702.2,27908,4982090753.0,1.11,-0.09,-1.49,0.22
2023-11-03,600519,1706.14,1737.38,1741.03,1700.14,30176,5433116881.0,2.4,1.86,31.74,0.24
2023-11-06,600519,1746.14,1738.14,1749.93,1727.26,25524,4624102375.0,1.3,0.04,0.76,0.2
2023-11-07,600519,1731.14,1717.31,1736.14,1710.22,19582,3511590028.0,1.49,-1.2,-20.83,0.16
2023-11-08,600519,1710.19,1724.48,1729.94,1709.01,14546,2610041959.0,1.22,0.42,7.17,0.12
2023-11-09,600519,1716.25,1720.25,1725.14,1709.14,12800,2291996819.0,0.93,-0.25,-4.23,0.1
2023-11-10,600519,1706.69,1701.98,1714.14,1699.24,16466,2928380668.0,0.87,-1.06,-18.27,0.13
2023-11-13,600519,1698.42,1690.14,1711.02,1683.12,18370,3244573621.0,1.64,-0.7,-11.84,0.15
2023-11-14,600519,1690.14,1691.41,1701.13,1686.15,12817,2263963957.0,0.89,0.08,1.27,0.1
2023-11-15,600519,1705.14,1699.07,1709.03,1693.14,18435,3271230275.0,0.94,0.45,7.66,0.15
2023-11-16,600519,1700.14,1686.19,1702.14,1686.19,12558,2215937273.0,0.94,-0.76,-12.88,0.1
2023-11-17,600519,1678.14,1679.56,1685.14,1664.04,21714,3793781119.0,1.25,-0.39,-6.63,0.17
2023-11-20,600519,1681.14,1688.64,1695.64,1662.8,18608,3265514010.0,1.96,0.54,9.08,0.15
2023-11-21,600519,1709.56,1716.14,1724.14,1696.24,30098,5383107810.0,1.65,1.63,27.5,0.24
2023-11-22,600519,1709.44,1707.65,1720.49,1706.68,12665,2263460167.0,0.8,-0.49,-8.49,0.1
2023-11-23,600519,1704.44,1712.14,1714.14,1697.14,11550,2055272193.0,1.0,0.26,4.49,0.09
2023-11-24,600519,1715.14,1703.14,1715.14,1701.14,13085,2329345658.0,0.82,-0.53,-9.0,0.1
2023-11-27,600519,1699.44,1689.14,1699.44,1681.14,16261,2865075217.0,1.07,-0.82,-14.0,0.13
2023-11-28,600519,1687.14,1695.18,1700.02,1684.14,14520,2562905659.0,0.94,0.36,6.04,0.12
2023-11-29,600519,1694.14,1700.85,1702.14,1684.14,17149,3034175614.0,1.06,0.33,5.67,0.14
2023-11-30,600519,1702.86,1717.64,1720.9,1697.22,21353,3817513545.0,1.39,0.99,16.79,0.17
2023-12-01,600519,1715.45,1686.42,1715.84,1674.14,33051,5830850111.0,2.43,-1.82,-31.22,0.26
2023-12-04,600519,1686.42,1676.85,1687.97,1671.42,18440,3233102118.0,0.98,-0.57,-9.57,0.15
2023-12-05,600519,1674.92,1635.14,1675.02,1634.16,29903,5168983317.0,2.44,-2.49,-41.71,0.24
2023-12-06,600519,1628.77,1629.14,1645.61,1627.27,23851,4078003022.0,1.12,-0.37,-6.0,0.19
2023-12-07,600519,1630.14,1626.14,1635.22,1613.44,25042,4249170906.0,1.34,-0.18,-3.0,0.2
2023-12-08,600519,1626.14,1631.06,1634.98,1618.36,26288,4474160126.0,1.02,0.3,4.92,0.21
2023-12-11,600519,1616.14,1624.14,1630.14,1583.14,36831,6172810248.0,2.88,-0.42,-6.92,0.29
2023-12-12,600519,1613.74,1636.13,1636.13,1610.14,21011,3564305866.0,1.6,0.74,11.99,0.17
2023-12-13,600519,1631.36,1586.14,1631.86,1583.22,38789,6480807500.0,2.97,-3.06,-49.99,0.31
2023-12-14,600519,1592.1,1562.04,1596.01,1561.16,40672,6703240107.0,2.2,-1.52,-24.1,0.32
2023-12-15,600519,1574.37,1571.14,1603.91,1570.15,37093,6140791726.0,2.16,0.58,9.1,0.3
2023-12-18,600519,1566.14,1588.14,1589.47,1561.14,19897,3292194757.0,1.8,1.08,17.0,0.16
2023-12-19,600519,1591.14,1601.14,1606.01,1571.23,22207,3706057587.0,2.19,0.82,13.0,0.18
2023-12-20,600519,1603.24,1595.03,1605.24,1588.24,23092,3816133219.0,1.06,-0.38,-6.11,0.18
2023-12-21,600519,1585.25,1615.24,1617.56,1585.25,29012,4827827888.0,2.03,1.27,20.21,0.23
2023-12-22,600519,1614.94,1615.89,1624.34,1603.25,21667,3613238325.0,1.31,0.04,0.65,0.17
2023-12-25,600519,1616.24,1617.24,1623.84,1613.24,12471,2086014390.0,0.66,0.08,1.35,0.1
2023-12-26,600519,1617.74,1615.24,1620.14,1602.74,14771,2457177339.0,1.08,-0.12,-2.0,0.12
2023-12-27,600519,1613.24,1612.3,1622.39,1606.24,16056,2679221365.0,1.0,-0.18,-2.94,0.13
2023-12-28,600519,1616.23,1670.23,1673.23,1612.3,38338,6537401380.0,3.78,3.59,57.93,0.31
2023-12-29,600519,1665.24,1671.24,1694.82,1665.24,27539,4768857531.0,1.77,0.06,1.01,0.22
2024-01-02,600519,1660.24,1630.25,1663.43,1623.34,32156,5440082548.0,2.4,-2.45,-40.99,0.26
2024-01-03,600519,1626.35,1639.24,1640.46,1621.57,20229,3411400667.0,1.16,0.55,8.99,0.16
2024-01-04,600519,1638.24,1614.24,1638.24,1608.17,21551,3603970147.0,1.83,-1.53,-25.0,0.17
2024-01-05,600519,1606.57,1608.6,1623.9,1597.35,20243,3373155627.0,1.64,-0.35,-5.64,0.16
2024-01-08,600519,1606.24,1589.23,1607.24,1585.25,25586,4211918629.0,1.37,-1.2,-19.37,0.2
2024-01-09,600519,1586.25,1586.24,1597.56,1580.31,24412,4009826496.0,1.09,-0.19,-2.99,0.19
2024-01-10,600519,1586.34,1586.74,1604.7,1583.24,17351,2856120718.0,1.35,0.03,0.5,0.14
2024-01-11,600519,1585.34,1591.81,1603.18,1583.3,16441,2708764500.0,1.25,0.32,5.07,0.13
2024-01-12,600519,1585.21,1588.3,1596.5,1584.64,11603,1908084612.0,0.75,-0.22,-3.51,0.09
2024-01-15,600519,1580.24,1585.24,1600.21,1579.69,17854,2931202343.0,1.29,-0.19,-3.06,0.14
2024-01-16,600519,1583.74,1584.67,1592.24,1570.18,25903,4236042960.0,1.39,-0.04,-0.57,0.21
2024-01-17,600519,1575.24,1522.24,1580.72,1522.24,51633,8251735591.0,3.69,-3.94,-62.43,0.41
2024-01-18,600519,1519.24,1556.11,1558.04,1500.79,60440,9566349514.0,3.76,2.23,33.87,0.48
2024-01-19,600519,1554.11,1580.24,1583.25,1546.12,46378,7550144389.0,2.39,1.55,24.13,0.37
2024-01-22,600519,1574.24,1587.24,1588.24,1564.12,46946,7678297836.0,1.53,0.44,7.0,0.37
2024-01-23,600519,1577.25,1564.24,1585.19,1554.24,34835,5659457115.0,1.95,-1.45,-23.0,0.28
2024-01-24,600519,1574.24,1571.24,1579.08,1548.8,33216,5373603703.0,1.94,0.45,7.0,0.26
2024-01-25,600519,1572.06,1583.24,1586.24,1567.24,31206,5094508165.0,1.21,0.76,12.0,0.25
2024-01-26,600519,1575.6,1582.56,1589.34,1568.24,26955,4402111882.0,1.33,-0.04,-0.68,0.21
2024-01-29,600519,1585.54,1595.24,1605.82,1585.53,31421,5189014946.0,1.28,0.8,12.68,0.25
2024-01-30,600519,1595.22,1558.24,1595.22,1555.24,30866,5010784454.0,2.51,-2.32,-37.0,0.25
2024-01-31,600519,1558.24,1550.15,1565.21,1543.37,29649,4770104891.0,1.4,-0.52,-8.09,0.24
2024-02-01,600519,1550.74,1555.27,1569.13,1546.24,26485,4272298576.0,1.48,0.33,5.12,0.21
2024-02-02,600519,1560.24,1541.24,1573.02,1526.24,39382,6336691194.0,3.01,-0.9,-14.03,0.31
2024-02-05,600519,1541.24,1575.25,1582.68,1540.49,53130,8590683071.0,2.74,2.21,34.01,0.42
2024-02-06,600519,1575.25,1621.24,1630.72,1571.34,52472,8740646588.0,3.77,2.92,45.99,0.42
2024-02-07,600519,1626.27,1656.23,1659.83,1606.85,52601,8899606867.0,3.27,2.16,34.99,0.42
2024-02-08,600519,1665.25,1651.24,1670.24,1630.24,46757,7953438044.0,2.42,-0.3,-4.99,0.37
2024-02-19,600519,1683.11,1640.67,1683.17,1633.24,36977,6288277980.0,3.02,-0.64,-10.57,0.29
2024-02-20,600519,1642.6,1615.24,1642.6,1601.8,34470,5755266893.0,2.49,-1.55,-25.43,0.27
2024-02-21,600519,1611.26,1662.9,1676.24,1607.24,46154,7868784082.0,4.27,2.95,47.66,0.37
2024-02-22,600519,1652.74,1663.62,1668.25,1645.77,22794,3905984695.0,1.35,0.04,0.72,0.18
2024-02-23,600519,1656.35,1659.33,1669.62,1645.26,27306,4670706950.0,1.46,-0.26,-4.29,0.22
2024-02-26,600519,1653.24,1640.22,1653.98,1630.26,27318,4625594409.0,1.43,-1.15,-19.11,0.22
2024-02-27,600519,1628.24,1634.74,1638.16,1623.24,22080,3718478358.0,0.91,-0.33,-5.48,0.18
2024-02-28,600519,1634.16,1626.79,1641.81,1619.25,31867,5371312847.0,1.38,-0.49,-7.95,0.25
2024-02-29,600519,1626.79,1640.24,1641.74,1624.44,24758,4184917973.0,1.06,0.83,13.45,0.2
2024-03-01,600519,1635.24,1630.3,1640.21,1621.92,26868,4526845398.0,1.12,-0.61,-9.94,0.21
2024-03-04,600519,1624.24,1621.54,1626.23,1615.29,26485,4434401015.0,0.67,-0.54,-8.76,0.21
2024-03-05,600519,1616.05,1640.34,1642.24,1611.92,36238,6102136582.0,1.87,1.16,18.8,0.29
2024-03-06,600519,1636.24,1625.79,1640.24,1623.26,22142,3725582802.0,1.04,-0.89,-14.55,0.18
2024-03-07,600519,1625.24,1628.87,1635.04,1623.24,21599,3633934774.0,0.73,0.19,3.08,0.17
2024-03-08,600519,1625.8,1616.67,1631.92,1615.29,22156,3710678522.0,1.02,-0.75,-12.2,0.18
2024-03-11,600519,1620.24,1639.73,1644.12,1618.42,29895,5048394347.0,1.59,1.43,23.06,0.24
2024-03-12,600519,1639.18,1690.24,1694.34,1635.74,54227,9393309052.0,3.57,3.08,50.51,0.43
2024-03-13,600519,1685.21,1672.69,1693.24,1665.34,26500,4588879420.0,1.65,-1.04,-17.55,0.21
2024-03-14,600519,1664.24,1661.87,1680.08,1656.74,19405,3338768308.0,1.4,-0.65,-10.82,0.15
2024-03-15,600519,1657.74,1662.73,1677.64,1657.24,17834,3066692399.0,1.23,0.05,0.86,0.14
2024-03-18,600519,1660.24,1653.5,1665.09,1644.24,26055,4446059130.0,1.25,-0.56,-9.23,0.21
2024-03-19,600519,1648.24,1653.26,1665.18,1638.35,23948,4093701261.0,1.62,-0.01,-0.24,0.19
2024-03-20,600519,1648.6,1654.84,1658.92,1645.47,15249,2604543856.0,0.81,0.1,1.58,0.12
2024-03-21,600519,1653.34,1654.24,1664.24,1649.74,16596,2839332631.0,0.88,-0.04,-0.6,0.13
2024-03-22,600519,1650.27,1646.59,1654.23,1633.24,25456,4318592818.0,1.27,-0.46,-7.65,0.2
2024-03-25,600519,1643.78,1634.25,1644.01,1625.82,24473,4131446237.0,1.1,-0.75,-12.34,0.19
2024-03-26,600519,1632.7,1654.53,1658.04,1632.7,28069,4782899074.0,1.55,1.24,20.28,0.22
2024-03-27,600519,1650.24,1646.24,1657.24,1644.24,18113,3087792980.0,0.79,-0.5,-8.29,0.14
2024-03-28,600519,1640.24,1646.88,1663.24,1638.44,24642,4201857059.0,1.51,0.04,0.64,0.2
2024-03-29,600519,1646.88,1648.14,1656.23,1643.34,13457,2290584417.0,0.78,0.08,1.26,0.11
2024-04-01,600519,1655.23,1666.57,1679.24,1653.94,27131,4679371035.0,1.54,1.12,18.43,0.22
2024-04-02,600519,1667.24,1659.23,1670.23,1650.29,25449,4360973684.0,1.2,-0.44,-7.34,0.2
2024-04-03,600519,1679.24,1660.35,1684.68,1655.26,29046,5002390042.0,1.77,0.07,1.12,0.23
2024-04-08,600519,1640.24,1611.9,1641.24,1607.84,59167,9907355766.0,2.01,-2.92,-48.45,0.47
2024-04-09,600519,1605.91,1607.46,1618.24,1603.69,25590,4256226333.0,0.9,-0.28,-4.44,0.2
2024-04-10,600519,1607.51,1593.22,1610.23,1590.24,27631,4562853880.0,1.24,-0.89,-14.24,0.22
2024-04-11,600519,1585.35,1593.24,1595.24,1579.93,22766,3736417595.0,0.96,0.0,0.02,0.18
2024-04-12,600519,1596.24,1579.27,1609.24,1579.27,26744,4403968129.0,1.88,-0.88,-13.97,0.21
2024-04-15,600519,1580.25,1618.22,1620.85,1580.22,35818,5960815532.0,2.57,2.47,38.95,0.29
2024-04-16,600519,1610.73,1615.24,1624.8,1604.24,26266,4382796962.0,1.27,-0.18,-2.98,0.21
2024-04-17,600519,1613.24,1612.24,1620.44,1603.24,24819,4130322018.0,1.06,-0.19,-3.0,0.2
2024-04-18,600519,1604.25,1616.02,1628.22,1603.42,26568,4445487745.0,1.54,0.23,3.78,0.21
2024-04-19,600519,1606.02,1591.88,1613.74,1586.52,23500,3879233242.0,1.68,-1.49,-24.14,0.19
2024-04-22,600519,1599.24,1620.3,1624.12,1590.24,29951,5001684635.0,2.13,1.79,28.42,0.24
2024-04-23,600519,1620.24,1637.52,1640.24,1620.24,24980,4217855279.0,1.23,1.06,17.22,0.2
2024-04-24,600519,1642.22,1638.84,1645.15,1628.57,17086,2893555635.0,1.01,0.08,1.32,0.14
2024-04-25,600519,1635.57,1638.28,1640.84,1627.49,14476,2447183879.0,0.81,-0.03,-0.56,0.12
2024-04-26,600519,1639.24,1654.67,1659.24,1639.22,30996,5290248521.0,1.22,1.0,16.39,0.25
2024-04-29,600519,1642.19,1649.24,1673.24,1639.06,41332,7072096590.0,2.07,-0.33,-5.43,0.33
2024-04-30,600519,1650.25,1650.24,1675.12,1650.24,30760,5273902374.0,1.51,0.06,1.0,0.24
2024-05-06,600519,1679.21,1705.44,1710.24,1672.24,59909,10504351712.0,2.3,3.34,55.2,0.48
2024-05-07,600519,1711.03,1715.24,1723.04,1701.92,24925,4413196426.0,1.24,0.57,9.8,0.2
2024-05-08,600519,1714.93,1709.21,1715.21,1700.91,14769,2603293863.0,0.83,-0.35,-6.03,0.12
2024-05-09,600519,1703.24,1701.24,1710.22,1695.24,22387,3929804849.0,0.88,-0.47,-7.97,0.18
2024-05-10,600519,1706.34,1684.22,1713.12,1679.23,26207,4571398242.0,1.99,-1.0,-17.02,0.21
2024-05-13,600519,1677.26,1651.24,1677.9,1646.46,37662,6435415674.0,1.87,-1.96,-32.98,0.3
2024-05-14,600519,1651.23,1647.22,1658.51,1645.25,21274,3623282672.0,0.8,-0.24,-4.02,0.17
2024-05-15,600519,1647.82,1645.24,1653.24,1643.83,15739,2677203002.0,0.57,-0.12,-1.98,0.13
2024-05-16,600519,1650.24,1649.74,1655.12,1635.24,29680,5048754769.0,1.21,0.27,4.5,0.24
2024-05-17,600519,1645.25,1660.24,1661.82,1645.24,28924,4936920634.0,1.01,0.64,10.5,0.23
2024-05-20,600519,1663.23,1654.24,1678.23,1653.35,31426,5401389335.0,1.5,-0.36,-6.0,0.25
2024-05-21,600519,1653.24,1650.24,1654.97,1643.4,16293,2776847499.0,0.7,-0.24,-4.0,0.13
2024-05-22,600519,1648.24,1642.95,1655.2,1636.24,20286,3443977767.0,1.15,-0.44,-7.29,0.16
2024-05-23,600519,1645.24,1637.25,1651.62,1635.32,18885,3199923320.0,0.99,-0.35,-5.7,0.15
2024-05-24,600519,1638.24,1622.32,1640.24,1622.24,20217,3401323915.0,1.1,-0.91,-14.93,0.16
2024-05-27,600519,1623.24,1615.36,1632.69,1613.25,25098,4199001866.0,1.2,-0.43,-6.96,0.2
2024-05-28,600519,1615.64,1609.88,1620.41,1608.24,23521,3923020375.0,0.75,-0.34,-5.48,0.19
2024-05-29,600519,1611.24,1619.24,1625.24,1610.24,19651,3289173345.0,0.93,0.58,9.36,0.16
2024-05-30,600519,1620.24,1594.24,1620.62,1594.24,32208,5333306808.0,1.63,-1.54,-25.0,0.26
2024-05-31,600519,1595.74,1593.69,1608.74,1593.69,21857,3617654788.0,0.94,-0.03,-0.55,0.17
2024-06-03,600519,1595.24,1584.63,1596.16,1580.35,30261,4966041477.0,0.99,-0.57,-9.06,0.24
2024-06-04,600519,1585.74,1598.44,1601.24,1581.79,20841,3432497303.0,1.23,0.87,13.81,0.17
2024-06-05,600519,1597.24,1589.24,1603.92,1588.27,19056,3140824328.0,0.98,-0.58,-9.2,0.15
2024-06-06,600519,1588.9,1585.05,1597.23,1581.15,25610,4205700983.0,1.01,-0.26,-4.19,0.2
2024-06-07,600519,1591.37,1564.42,1591.42,1564.25,33525,5453120695.0,1.71,-1.3,-20.63,0.27
2024-06-11,600519,1548.23,1514.24,1550.24,1512.24,70247,11090577610.0,2.43,-3.21,-50.18,0.56
2024-06-12,600519,1515.24,1516.92,1535.24,1515.24,33171,5230086503.0,1.32,0.18,2.68,0.26
2024-06-13,600519,1522.01,1500.25,1522.13,1498.39,36186,5654938942.0,1.57,-1.1,-16.67,0.29
2024-06-14,600519,1500.24,1500.24,1509.2,1465.7,59514,9177637168.0,2.9,0.0,-0.01,0.47
2024-06-17,600519,1477.53,1486.74,1494.01,1456.25,48318,7400883243.0,2.52,-0.9,-13.5,0.38
2024-06-18,600519,1476.13,1466.74,1499.78,1461.92,41258,6317590943.0,2.55,-1.35,-20.0,0.33
2024-06-19,600519,1474.11,1477.12,1480.12,1458.22,41262,6167728416.0,1.49,0.71,10.38,0.33
2024-06-20,600519,1476.12,1476.22,1492.13,1474.12,24711,3715924984.0,1.22,-0.06,-0.9,0.2
2024-06-21,600519,1476.62,1447.12,1481.1,1446.34,43320,6418543742.0,2.35,-1.97,-29.1,0.34
2024-06-24,600519,1399.12,1452.67,1465.11,1390.13,63840,9319362390.0,5.18,0.38,5.55,0.51
2024-06-25,600519,1453.12,1462.77,1479.11,1453.12,42098,6273919386.0,1.79,0.7,10.1,0.34
2024-06-26,600519,1456.12,1465.34,1477.19,1453.92,29570,4414601922.0,1.59,0.18,2.57,0.24
2024-06-27,600519,1468.12,1466.61,1470.09,1444.12,32822,4857959457.0,1.77,0.09,1.27,0.26
2024-06-28,600519,1456.12,1443.51,1470.61,1440.12,38582,5699649047.0,2.08,-1.58,-23.1,0.31
2024-07-01,600519,1445.0,1416.5,1449.11,1404.12,32161,4636689118.0,3.12,-1.87,-27.01,0.26
2024-07-02,600519,1409.12,1466.82,1474.12,1409.12,51853,7659166816.0,4.59,3.55,50.32,0.41
2024-07-03,600519,1475.12,1476.12,1489.13,1464.14,31573,4740808130.0,1.7,0.63,9.3,0.25
2024-07-04,600519,1481.12,1461.86,1488.12,1457.25,24380,3637968895.0,2.09,-0.97,-14.26,0.19
2024-07-05,600519,1455.12,1429.12,1469.3,1426.12,38829,5664477336.0,2.95,-2.24,-32.74,0.31
2024-07-08,600519,1419.12,1396.12,1433.89,1395.26,39527,5657951348.0,2.7,-2.31,-33.0,0.31
2024-07-09,600519,1396.12,1414.15,1431.01,1386.22,33621,4807957927.0,3.21,1.29,18.03,0.27
2024-07-10,600519,1415.37,1413.71,1442.0,1411.12,23763,3436693365.0,2.18,-0.03,-0.44,0.19
2024-07-11,600519,1426.09,1438.21,1445.12,1416.33,29020,4236960596.0,2.04,1.73,24.5,0.23
2024-07-12,600519,1449.13,1454.94,1462.52,1441.57,23386,3451132648.0,1.46,1.16,16.73,0.19
2024-07-15,600519,1446.12,1451.02,1464.12,1446.12,19176,2835374730.0,1.24,-0.27,-3.92,0.15
2024-07-16,600519,1452.12,1452.12,1458.12,1441.17,20316,2998367128.0,1.17,0.08,1.1,0.16
2024-07-17,600519,1452.22,1477.52,1479.12,1446.14,34311,5115680654.0,2.27,1.75,25.4,0.27
2024-07-18,600519,1475.62,1473.63,1491.12,1468.65,28870,4337214601.0,1.52,-0.26,-3.89,0.23
2024-07-19,600519,1466.93,1501.74,1505.3,1460.13,38943,5888615145.0,3.07,1.91,28.11,0.31
2024-07-22,600519,1501.15,1475.12,1506.1,1467.77,28543,4300813310.0,2.55,-1.77,-26.62,0.23
2024-07-23,600519,1475.12,1431.12,1477.12,1431.12,30944,4555460198.0,3.12,-2.98,-44.0,0.25
2024-07-24,600519,1426.32,1416.14,1439.82,1411.12,24123,3490200973.0,2.01,-1.05,-14.98,0.19
2024-07-25,600519,1416.14,1406.61,1424.12,1396.13,28347,4054086714.0,1.98,-0.67,-9.53,0.23
2024-07-26,600519,1406.61,1398.31,1413.84,1387.02,32354,4594928574.0,1.91,-0.59,-8.3,0.26
2024-07-29,600519,1391.12,1374.14,1398.11,1374.12,30869,4342610100.0,1.72,-1.73,-24.17,0.25
2024-07-30,600519,1362.1,1356.11,1366.39,1337.42,51779,7103491566.0,2.11,-1.31,-18.03,0.41
2024-07-31,600519,1349.22,1397.4,1403.39,1349.22,43272,6098149721.0,3.99,3.04,41.29,0.34
2024-08-01,600519,1394.12,1362.28,1396.12,1360.82,32038,4470988088.0,2.53,-2.51,-35.12,0.26
2024-08-02,600519,1349.72,1361.57,1373.09,1349.72,21928,3041726372.0,1.72,-0.05,-0.71,0.17
2024-08-05,600519,1365.0,1386.13,1402.12,1361.64,37736,5327127147.0,2.97,1.8,24.56,0.3
2024-08-06,600519,1398.12,1380.82,1400.12,1370.13,27444,3860735014.0,2.16,-0.38,-5.31,0.22
2024-08-07,600519,1381.62,1391.62,1398.11,1374.42,20622,2910580747.0,1.72,0.78,10.8,0.16
2024-08-08,600519,1387.12,1406.81,1424.3,1385.12,25131,3592705430.0,2.82,1.09,15.19,0.2
2024-08-09,600519,1436.15,1412.92,1445.12,1412.92,30138,4368705515.0,2.29,0.43,6.11,0.24
2024-08-12,600519,1406.12,1412.22,1419.12,1402.7,13632,1956573438.0,1.16,-0.05,-0.7,0.11
2024-08-13,600519,1409.12,1399.13,1411.12,1388.13,16308,2317037756.0,1.63,-0.93,-13.09,0.13
2024-08-14,600519,1399.13,1389.42,1401.02,1388.14,13414,1898377426.0,0.92,-0.69,-9.71,0.11
2024-08-15,600519,1381.15,1403.01,1412.11,1380.07,23039,3275699572.0,2.31,0.98,13.59,0.18
2024-08-16,600519,1402.91,1407.32,1412.04,1393.13,16455,2349825846.0,1.35,0.31,4.31,0.13
2024-08-19,600519,1408.12,1401.56,1435.0,1401.12,20433,2942106435.0,2.41,-0.41,-5.76,0.16
2024-08-20,600519,1406.02,1398.84,1406.05,1390.12,18591,2644814344.0,1.14,-0.19,-2.72,0.15
2024-08-21,600519,1396.12,1393.7,1404.1,1391.81,15092,2144746551.0,0.88,-0.37,-5.14,0.12
2024-08-22,600519,1392.12,1386.17,1396.12,1376.13,19527,2750868073.0,1.43,-0.54,-7.53,0.16
2024-08-23,600519,1384.12,1391.11,1399.62,1382.24,15320,2166499202.0,1.25,0.36,4.94,0.12
2024-08-26,600519,1393.12,1388.12,1399.98,1379.27,15628,2207595461.0,1.49,-0.21,-2.99,0.12
2024-08-27,600519,1388.12,1380.19,1389.12,1377.23,13657,1920770570.0,0.86,-0.57,-7.93,0.11
2024-08-28,600519,1380.19,1365.12,1382.12,1351.12,31664,4388025875.0,2.25,-1.09,-15.07,0.25
2024-08-29,600519,1356.12,1389.42,1394.12,1356.12,27472,3864270621.0,2.78,1.78,24.3,0.22
2024-08-30,600519,1389.12,1419.31,1434.19,1381.12,38739,5576118649.0,3.82,2.15,29.89,0.31
2024-09-02,600519,1406.12,1371.12,1414.12,1371.12,34135,4801049927.0,3.03,-3.4,-48.19,0.27
2024-09-03,600519,1374.12,1386.12,1391.1,1369.14,17888,2516125842.0,1.6,1.09,15.0,0.14
2024-09-04,600519,1378.12,1376.12,1395.31,1375.86,14211,1995221417.0,1.4,-0.72,-10.0,0.11
2024-09-05,600519,1376.62,1381.0,1383.12,1373.12,14503,2033680839.0,0.73,0.35,4.88,0.12
2024-09-06,600519,1381.12,1374.12,1382.12,1374.12,10321,1445537257.0,0.58,-0.5,-6.88,0.08
2024-09-09,600519,1356.13,1351.12,1369.83,1346.2,28638,3950086825.0,1.72,-1.67,-23.0,0.23
2024-09-10,600519,1346.14,1354.12,1369.12,1346.14,19803,2737295644.0,1.7,0.22,3.0,0.16
2024-09-11,600519,1351.72,1356.12,1362.0,1341.12,20996,2892932794.0,1.54,0.15,2.0,0.17
2024-09-12,600519,1356.12,1311.18,1361.12,1311.03,47948,6482445000.0,3.69,-3.31,-44.94,0.38
2024-09-13,600519,1307.12,1280.25,1308.12,1273.42,56005,7329376917.0,2.65,-2.36,-30.93,0.45
2024-09-18,600519,1276.12,1243.02,1276.13,1242.78,46185,5895948011.0,2.6,-2.91,-37.23,0.37
2024-09-19,600519,1238.12,1237.12,1269.0,1221.95,59988,7623739997.0,3.79,-0.47,-5.9,0.48
2024-09-20,600519,1237.62,1240.04,1250.02,1226.15,39982,5038507835.0,1.93,0.24,2.92,0.32
2024-09-23,600519,1244.12,1237.66,1269.62,1236.78,45550,5809791682.0,2.65,-0.19,-2.38,0.36
2024-09-24,600519,1261.21,1348.72,1349.12,1241.21,100413,13297277523.0,8.72,8.97,111.06,0.8
2024-09-25,600519,1376.17,1375.12,1403.12,1372.83,73954,10420109655.0,2.25,1.96,26.4,0.59
2024-09-26,600519,1376.08,1505.12,1505.99,1372.12,97278,14269262657.0,9.74,9.45,130.0,0.77
2024-09-27,600519,1576.12,1605.32,1605.32,1541.48,87922,14050260569.0,4.24,6.66,100.2,0.7
2024-09-30,600519,1668.12,1724.12,1736.0,1628.12,157293,26982747037.0,6.72,7.4,118.8,1.25
2024-10-08,600519,1886.12,1699.12,1886.12,1656.3,194709,35114075007.0,13.33,-1.45,-25.0,1.55
2024-10-09,600519,1676.12,1571.27,1676.12,1566.12,120197,19708432734.0,6.47,-7.52,-127.85,0.96
2024-10-10,600519,1598.38,1616.12,1644.2,1567.12,74603,12198964035.0,4.91,2.85,44.85,0.59
2024-10-11,600519,1591.52,1581.11,1616.08,1566.12,41915,6764982707.0,3.09,-2.17,-35.01,0.33
2024-10-14,600519,1589.12,1578.11,1596.75,1557.29,44812,7181350822.0,2.5,-0.19,-3.0,0.36
2024-10-15,600519,1575.12,1530.37,1577.11,1529.13,43571,6884141869.0,3.04,-3.03,-47.74,0.35
2024-10-16,600519,1517.0,1498.62,1525.92,1486.12,46664,7140169692.0,2.6,-2.07,-31.75,0.37
2024-10-17,600519,1513.12,1470.72,1513.78,1469.53,39460,5964778958.0,2.95,-1.86,-27.9,0.31
2024-10-18,600519,1469.12,1517.12,1543.96,1455.08,68619,10418043492.0,6.04,3.15,46.4,0.55
2024-10-21,600519,1517.33,1504.92,1526.09,1497.33,42008,6433918335.0,1.9,-0.8,-12.2,0.33
2024-10-22,600519,1502.68,1519.12,1536.3,1500.32,36269,5607826492.0,2.39,0.94,14.2,0.29
2024-10-23,600519,1520.23,1543.62,1553.07,1508.12,40088,6259600035.0,2.96,1.61,24.5,0.32
2024-10-24,600519,1537.12,1528.32,1551.12,1521.13,23923,3723973209.0,1.94,-0.99,-15.3,0.19
2024-10-25,600519,1523.12,1534.97,1550.91,1522.13,27745,4328271351.0,1.88,0.44,6.65,0.22
2024-10-28,600519,1536.12,1541.12,1541.12,1498.35,39121,6064453668.0,2.79,0.4,6.15,0.31
2024-10-29,600519,1536.12,1507.74,1556.12,1506.12,41166,6368105233.0,3.24,-2.17,-33.38,0.33
2024-10-30,600519,1501.12,1508.12,1527.31,1499.53,32006,4913175983.0,1.84,0.03,0.38,0.25
2024-10-31,600519,1508.27,1503.91,1516.12,1496.12,29957,4575545180.0,1.33,-0.28,-4.21,0.24
2024-11-01,600519,1497.12,1509.87,1521.25,1496.92,32284,4954302212.0,1.62,0.4,5.96,0.26
2024-11-04,600519,1521.05,1524.32,1526.12,1504.18,29093,4481761764.0,1.45,0.96,14.45,0.23
2024-11-05,600519,1516.12,1553.11,1553.82,1512.13,45640,7134443464.0,2.73,1.89,28.79,0.36
2024-11-06,600519,1551.12,1547.12,1565.11,1537.34,37631,5916917616.0,1.79,-0.39,-5.99,0.3
2024-11-07,600519,1538.58,1625.26,1629.62,1538.42,74739,12074951757.0,5.89,5.05,78.14,0.59
2024-11-08,600519,1637.01,1586.09,1643.23,1577.13,60771,9885645907.0,4.07,-2.41,-39.17,0.48
2024-11-11,600519,1566.12,1574.13,1586.07,1543.31,43854,6957095385.0,2.7,-0.75,-11.96,0.35
2024-11-12,600519,1565.12,1553.32,1599.12,1550.07,49223,7844798676.0,3.12,-1.32,-20.81,0.39
2024-11-13,600519,1544.12,1554.62,1562.78,1537.4,29125,4594445032.0,1.63,0.08,1.3,0.23
2024-11-14,600519,1546.12,1549.92,1570.57,1541.77,29248,4617144097.0,1.85,-0.3,-4.7,0.23
2024-11-15,600519,1545.12,1535.12,1559.92,1529.12,33761,5295326892.0,1.99,-0.95,-14.8,0.27
2024-11-18,600519,1538.12,1535.12,1552.11,1531.12,27092,4237197499.0,1.37,0.0,0.0,0.22
2024-11-19,600519,1541.12,1518.04,1545.49,1501.12,33266,5138831155.0,2.89,-1.11,-17.08,0.26
2024-11-20,600519,1519.12,1520.93,1530.09,1507.42,21345,3292675257.0,1.49,0.19,2.89,0.17
2024-11-21,600519,1519.99,1521.25,1525.11,1508.12,18262,2810933515.0,1.12,0.02,0.32,0.15
2024-11-22,600519,1517.27,1483.94,1523.89,1483.94,33436,5107288992.0,2.63,-2.45,-37.31,0.27
2024-11-25,600519,1487.12,1474.69,1508.12,1472.79,33186,5011136234.0,2.38,-0.62,-9.25,0.26
2024-11-26,600519,1474.69,1485.12,1495.0,1465.0,25745,3876885984.0,2.03,0.71,10.43,0.2
2024-11-27,600519,1485.12,1495.17,1498.27,1481.12,25934,3927607772.0,1.15,0.68,10.05,0.21
2024-11-28,600519,1498.12,1494.12,1501.11,1478.12,23952,3627662382.0,1.54,-0.07,-1.05,0.19
2024-11-29,600519,1493.12,1501.86,1531.12,1489.33,36088,5534035503.0,2.8,0.52,7.74,0.29
2024-12-02,600519,1502.12,1501.12,1506.11,1491.22,26820,4086609952.0,0.99,-0.05,-0.74,0.21
2024-12-03,600519,1500.12,1502.86,1505.02,1492.2,24807,3777197199.0,0.85,0.12,1.74,0.2
2024-12-04,600519,1496.19,1496.12,1499.78,1486.12,23924,3626565544.0,0.91,-0.45,-6.74,0.19
2024-12-05,600519,1486.98,1487.12,1493.98,1486.12,16141,2441318387.0,0.53,-0.6,-9.0,0.13
2024-12-06,600519,1489.12,1497.13,1515.02,1484.19,32040,4883148600.0,2.07,0.67,10.01,0.26
2024-12-09,600519,1498.14,1494.92,1505.84,1489.32,19800,3008173586.0,1.1,-0.15,-2.21,0.16
2024-12-10,600519,1546.12,1522.71,1555.85,1521.3,60312,9421340719.0,2.31,1.86,27.79,0.48
2024-12-11,600519,1516.12,1511.72,1531.12,1507.1,29671,4569662604.0,1.58,-0.72,-10.99,0.24
2024-12-12,600519,1508.14,1541.92,1542.12,1505.12,41937,6510547810.0,2.45,2.0,30.2,0.33
2024-12-13,600519,1526.13,1495.12,1531.11,1495.0,49512,7580908315.0,2.34,-3.04,-46.8,0.39
2024-12-16,600519,1497.12,1503.32,1505.12,1486.83,32537,4945298799.0,1.22,0.55,8.2,0.26
2024-12-17,600519,1502.11,1534.12,1545.12,1497.13,54172,8398945449.0,3.19,2.05,30.8,0.43
2024-12-18,600519,1534.09,1547.62,1553.12,1523.22,41162,6440801971.0,1.95,0.88,13.5,0.33
2024-12-19,600519,1541.26,1527.13,1544.05,1526.45,24809,3862602665.0,1.14,-1.32,-20.49,0.2
2024-12-20,600519,1531.13,1522.0,1541.8,1520.02,28158,4307425535.0,1.43,-0.34,-5.13,0.22
2024-12-23,600519,1523.0,1526.45,1538.0,1517.0,21603,3300971424.0,1.38,0.29,4.45,0.17
2024-12-24,600519,1525.0,1538.82,1544.0,1521.59,22105,3394160299.0,1.47,0.81,12.37,0.18
2024-12-25,600519,1538.8,1530.0,1538.8,1526.1,17123,2621061878.0,0.83,-0.57,-8.82,0.14
2024-12-26,600519,1534.0,1527.79,1538.78,1523.0,18287,2798840003.0,1.03,-0.14,-2.21,0.15
2024-12-27,600519,1528.9,1528.97,1536.0,1519.5,20759,3170191445.0,1.08,0.08,1.18,0.17
2024-12-30,600519,1533.97,1525.0,1543.96,1525.0,25130,3849542646.0,1.24,-0.26,-3.97,0.2
2024-12-31,600519,1525.4,1524.0,1545.0,1522.01,39354,6033540366.0,1.51,-0.07,-1.0,0.31
2025-01-02,600519,1524.0,1488.0,1524.49,1480.0,50029,7490883773.0,2.92,-2.36,-36.0,0.4
2025-01-03,600519,1494.5,1475.0,1494.99,1467.01,32628,4836610288.0,1.88,-0.87,-13.0,0.26
2025-01-06,600519,1453.0,1440.0,1462.66,1432.8,44255,6392479712.0,2.02,-2.37,-35.0,0.35
2025-01-07,600519,1444.66,1440.2,1451.89,1439.0,24221,3494634227.0,0.9,0.01,0.2,0.19
2025-01-08,600519,1440.0,1442.5,1451.82,1426.66,35258,5071821246.0,1.75,0.16,2.3,0.28
2025-01-09,600519,1448.99,1444.0,1464.58,1432.98,29706,4295852736.0,2.19,0.1,1.5,0.24
2025-01-10,600519,1447.1,1436.0,1451.95,1436.0,21872,3154677598.0,1.1,-0.55,-8.0,0.17
2025-01-13,600519,1425.0,1443.98,1444.44,1422.01,21083,3030806870.0,1.56,0.56,7.98,0.17
2025-01-14,600519,1444.95,1472.5,1478.68,1442.0,30957,4535651504.0,2.54,1.98,28.52,0.25
2025-01-15,600519,1467.0,1471.27,1474.6,1460.01,18399,2701518712.0,0.99,-0.08,-1.23,0.15
2025-01-16,600519,1474.0,1446.38,1482.66,1442.0,26342,3840411437.0,2.76,-1.69,-24.89,0.21
2025-01-17,600519,1446.39,1454.75,1461.0,1446.38,18309,2663227309.0,1.01,0.58,8.37,0.15
2025-01-20,600519,1461.0,1474.8,1489.79,1460.0,31410,4647626351.0,2.05,1.38,20.05,0.25
2025-01-21,600519,1481.0,1468.15,1482.0,1465.0,16856,2481821229.0,1.15,-0.45,-6.65,0.13
2025-01-22,600519,1463.27,1441.0,1467.95,1438.0,28294,4088101682.0,2.04,-1.85,-27.15,0.23
2025-01-23,600519,1449.97,1443.0,1468.0,1438.0,27125,3932700850.0,2.08,0.14,2.0,0.22
2025-01-24,600519,1442.0,1436.0,1447.79,1430.31,31360,4515322685.0,1.21,-0.49,-7.0,0.25
2025-01-27,600519,1437.0,1434.99,1443.97,1427.02,29356,4213534543.0,1.18,-0.07,-1.01,0.23
2025-02-05,600519,1440.0,1403.8,1443.0,1402.21,40757,5753730034.0,2.84,-2.17,-31.19,0.32
2025-02-06,600519,1400.01,1412.84,1421.99,1400.01,27356,3859568163.0,1.57,0.64,9.04,0.22
2025-02-07,600519,1413.68,1436.0,1442.68,1403.41,37242,5310850624.0,2.78,1.64,23.16,0.3
2025-02-10,600519,1438.0,1431.51,1440.0,1427.09,20840,2988101756.0,0.9,-0.31,-4.49,0.17
2025-02-11,600519,1434.95,1418.0,1435.96,1415.9,23573,3348668867.0,1.4,-0.94,-13.51,0.19
2025-02-12,600519,1418.0,1443.0,1445.0,1416.88,25476,3644170477.0,1.98,1.76,25.0,0.2
2025-02-13,600519,1443.02,1465.06,1475.25,1434.51,43385,6335985851.0,2.82,1.53,22.06,0.35
2025-02-14,600519,1465.06,1475.0,1477.0,1458.22,27100,3978694098.0,1.28,0.68,9.94,0.22
2025-02-17,600519,1481.0,1471.62,1494.98,1467.1,32471,4804663813.0,1.89,-0.23,-3.38,0.26
2025-02-18,600519,1470.0,1475.0,1492.99,1462.08,27800,4113845397.0,2.1,0.23,3.38,0.22
2025-02-19,600519,1475.05,1491.0,1494.44,1464.9,32393,4803378441.0,2.0,1.08,16.0,0.26
2025-02-20,600519,1483.0,1474.0,1491.97,1473.39,23750,3513552984.0,1.25,-1.14,-17.0,0.19
2025-02-21,600519,1480.0,1488.21,1496.73,1473.01,36418,5418169587.0,1.61,0.96,14.21,0.29
2025-02-24,600519,1488.0,1479.07,1499.52,1474.0,34744,5157907322.0,1.71,-0.61,-9.14,0.28
2025-02-25,600519,1470.01,1454.0,1473.39,1452.0,28387,4142814459.0,1.45,-1.69,-25.07,0.23
2025-02-26,600519,1455.45,1460.01,1464.96,1445.0,26366,3835949041.0,1.37,0.41,6.01,0.21
2025-02-27,600519,1460.02,1485.56,1489.9,1454.0,49762,7368002361.0,2.46,1.75,25.55,0.4
2025-02-28,600519,1485.5,1500.79,1528.38,1482.0,56129,8475738166.0,3.12,1.03,15.23,0.45
2025-03-03,600519,1502.6,1487.02,1520.99,1481.5,31596,4736679903.0,2.63,-0.92,-13.77,0.25
2025-03-04,600519,1485.0,1470.11,1486.0,1465.21,25211,3710675863.0,1.4,-1.14,-16.91,0.2
2025-03-05,600519,1472.0,1466.37,1474.0,1460.1,24605,3606932152.0,0.95,-0.25,-3.74,0.2
2025-03-06,600519,1474.0,1505.98,1510.2,1472.08,42168,6297117400.0,2.6,2.7,39.61,0.34
2025-03-07,600519,1503.0,1521.0,1528.36,1503.0,37991,5760608729.0,1.68,1.0,15.02,0.3
2025-03-10,600519,1519.81,1522.9,1526.88,1506.14,31369,4758789260.0,1.36,0.12,1.9,0.25
2025-03-11,600519,1517.0,1548.68,1548.68,1512.0,39776,6094007854.0,2.41,1.69,25.78,0.32
2025-03-12,600519,1546.96,1542.58,1549.68,1526.35,29604,4552923644.0,1.51,-0.39,-6.1,0.24
2025-03-13,600519,1544.0,1537.77,1555.5,1530.88,25724,3966369271.0,1.6,-0.31,-4.81,0.2
2025-03-14,600519,1547.66,1628.01,1628.01,1541.0,92913,14882842708.0,5.66,5.87,90.24,0.74
2025-03-17,600519,1657.0,1637.86,1657.99,1626.88,54689,8985138902.0,1.91,0.61,9.85,0.44
2025-03-18,600519,1645.04,1624.0,1652.0,1621.7,31613,5153210436.0,1.85,-0.85,-13.86,0.25
2025-03-19,600519,1624.29,1635.71,1648.0,1623.0,27390,4477128770.0,1.54,0.72,11.71,0.22
2025-03-20,600519,1635.71,1604.0,1637.6,1595.07,36737,5903879207.0,2.6,-1.94,-31.71,0.29
2025-03-21,600519,1599.0,1573.75,1612.2,1568.83,33614,5324973190.0,2.7,-1.89,-30.25,0.27
2025-03-24,600519,1570.0,1583.0,1589.66,1562.38,25566,4032223482.0,1.73,0.59,9.25,0.2
2025-03-25,600519,1588.0,1575.5,1592.8,1566.66,17674,2783286813.0,1.65,-0.47,-7.5,0.14
2025-03-26,600519,1572.77,1576.0,1582.58,1571.0,14324,2257639750.0,0.74,0.03,0.5,0.11
2025-03-27,600519,1576.0,1589.0,1598.25,1573.38,17956,2848889210.0,1.58,0.82,13.0,0.14
2025-03-28,600519,1590.93,1585.21,1593.0,1576.0,16228,2569470015.0,1.07,-0.24,-3.79,0.13
2025-03-31,600519,1580.98,1561.0,1586.96,1560.06,21085,3311857714.0,1.7,-1.53,-24.21,0.17
2025-04-01,600519,1564.0,1556.02,1569.89,1552.21,18556,2893739955.0,1.13,-0.32,-4.98,0.15
2025-04-02,600519,1558.0,1549.02,1567.8,1545.5,21674,3371883024.0,1.43,-0.45,-7.0,0.17
2025-04-03,600519,1530.0,1568.88,1586.0,1529.01,35481,5557442052.0,3.68,1.28,19.86,0.28
2025-04-07,600519,1520.01,1500.0,1536.85,1462.0,101953,15314738235.0,4.77,-4.39,-68.88,0.81
2025-04-08,600519,1513.0,1545.0,1545.0,1495.0,73876,11226977557.0,3.33,3.0,45.0,0.59
2025-04-09,600519,1525.02,1541.04,1556.8,1520.55,55630,8562928225.0,2.35,-0.26,-3.96,0.44
2025-04-10,600519,1550.99,1549.0,1555.0,1528.0,38620,5963650791.0,1.75,0.52,7.96,0.31
2025-04-11,600519,1579.97,1568.98,1579.97,1545.0,32634,5087359924.0,2.26,1.29,19.98,0.26
